Chr	Start	End	NLR_hood	Cs_NLR_exons	Mean_methylation_NLR_exons
at6923_1_chr1	3130738	3135489	chr1_nbh01	32	12.375
at6923_1_chr1	3643042	3649201	chr1_nbh02	144	16.58333333
at6923_1_chr1	4127339	4180964	chr1_nbh03	494	30.90688259
at6923_1_chr1	5445466	5475874	chr1_nbh04	154	40.38311688
at6923_1_chr1	6031417	6044734	chr1_nbh05	323	17.44272446
at6923_1_chr1	9281633	9299424	chr1_nbh06	521	24.19961612
at6923_1_chr1	11093667	11141063	chr1_nbh07	197	13.27918782
at6923_1_chr1	11708655	11721682	chr1_nbh09	156	15.08333333
at6923_1_chr1	12058888	12086117	chr1_nbh10	168	13.17857143
at6923_1_chr1	17907586	18004380	chr1_nbh15	185	39.38918919
at6923_1_chr1	18631175	18667655	chr1_nbh16	75	23.12
at6923_1_chr1	19851773	19860740	chr1_nbh17	128	26.6640625
at6923_1_chr1	20245244	20274338	chr1_nbh18	122	13.39344262
at6923_1_chr1	20327317	20354085	chr1_nbh19	82	14.51219512
at6923_1_chr1	20865871	20872151	chr1_nbh20	76	31.26315789
at6923_1_chr1	20950777	20956125	chr1_nbh21	54	26.62962963
at6923_1_chr1	21142497	21153044	chr1_nbh22	152	15.68421053
at6923_1_chr1	22424556	22480775	chr1_nbh25	596	14.08724832
at6923_1_chr1	22615535	22704639	chr1_nbh26	74	15.12162162
at6923_1_chr1	22936062	22981704	chr1_nbh27	233	36.77682403
at6923_1_chr1	22994083	23241725	chr1_nbh28	964	31.3973029
at6923_1_chr1	23447734	23474661	chr1_nbh30	26	19.03846154
at6923_1_chr1	23809020	23906203	chr1_nbh32	462	14.69047619
at6923_1_chr1	24455528	24774178	chr1_nbh35	305	11.55737705
at6923_1_chr1	24900375	24999254	chr1_nbh36	1312	17.1402439
at6923_1_chr1	25585493	25603338	chr1_nbh39	92	13.91304348
at6923_1_chr1	25793724	25801374	chr1_nbh40	132	12.86363636
at6923_1_chr1	25893343	25901377	chr1_nbh41	80	14.25
at6923_1_chr1	27429188	27456786	chr1_nbh42	248	13.16935484
at6923_1_chr1	28708505	28747132	chr1_nbh43	844	12.26540284
at6923_1_chr2	1016535	1882573	chr2_nbh01	50	10.38
at6923_1_chr2	8251213	8326848	chr2_nbh04	196	21
at6923_1_chr2	9597540	9741509	chr2_nbh05	378	21.94708995
at6923_1_chr2	11009664	11014731	chr2_nbh06	60	22.7
at6923_1_chr2	12690159	12706471	chr2_nbh07	464	36.97413793
at6923_1_chr3	981977	1001138	chr3_nbh01	296	13.12837838
at6923_1_chr3	1110630	1122475	chr3_nbh02	260	14.46923077
at6923_1_chr3	2232567	2243367	chr3_nbh03	164	15.53658537
at6923_1_chr3	4855491	4871066	chr3_nbh04	475	29.86526316
at6923_1_chr3	5305164	5308809	chr3_nbh05	90	23.83333333
at6923_1_chr3	9253652	9268942	chr3_nbh06	138	23.93478261
at6923_1_chr3	9671174	9677250	chr3_nbh07	98	22.94897959
at6923_1_chr3	11306971	11477970	chr3_nbh08	160	19.14375
at6923_1_chr3	21369718	21671852	chr3_nbh12	1078	28.12523191
at6923_1_chr3	22454693	22564054	chr3_nbh13	472	12.21610169
at6923_1_chr3	23450950	23694226	chr3_nbh14	88	14.94318182
at6923_1_chr3	24081995	24128634	chr3_nbh15	332	15.65060241
at6923_1_chr3	24306087	24312273	chr3_nbh16	206	39.63592233
at6923_1_chr3	24490916	24505246	chr3_nbh17	361	16.01385042
at6923_1_chr4	7829680	7856126	chr4_nbh04	165	23.20606061
at6923_1_chr4	8466058	8505602	chr4_nbh06	297	12.55892256
at6923_1_chr4	9462021	9487459	chr4_nbh09	128	10.390625
at6923_1_chr4	9774554	9811058	chr4_nbh10	564	44.95212766
at6923_1_chr4	10902696	11017901	chr4_nbh11	318	22.5408805
at6923_1_chr4	12083974	12345393	chr4_nbh12	1730	53.9982659
at6923_1_chr4	13113059	13152711	chr4_nbh13	598	25.34280936
at6923_1_chr4	13273219	13325315	chr4_nbh14	727	13.97524072
at6923_1_chr4	13459751	13474506	chr4_nbh15	164	9.615853659
at6923_1_chr4	14857139	14902095	chr4_nbh17	412	35.91504854
at6923_1_chr4	15847103	15854988	chr4_nbh18	214	25.07476636
at6923_1_chr4	16251131	16272091	chr4_nbh19	260	16.31538462
at6923_1_chr4	18668671	18680910	chr4_nbh20	202	30.55940594
at6923_1_chr4	19725655	19747247	chr4_nbh21	449	15.54565702
at6923_1_chr5	1383343	1396059	chr5_nbh01	144	17.72916667
at6923_1_chr5	1676203	1690829	chr5_nbh02	126	29.36507937
at6923_1_chr5	3663661	3673710	chr5_nbh03	170	39.58235294
at6923_1_chr5	4011949	4024250	chr5_nbh04	260	15.10769231
at6923_1_chr5	5893907	5903240	chr5_nbh05	164	15.43292683
at6923_1_chr5	5977817	6061284	chr5_nbh06	558	22.89426523
at6923_1_chr5	6144567	6159619	chr5_nbh07	328	16.59756098
at6923_1_chr5	7605795	7615087	chr5_nbh08	206	30.59223301
at6923_1_chr5	18703667	18766117	chr5_nbh11	218	18.58256881
at6923_1_chr5	18941381	18949164	chr5_nbh12	166	21.42771084
at6923_1_chr5	19420584	19444682	chr5_nbh13	438	26.65981735
at6923_1_chr5	19769123	19829121	chr5_nbh14	430	30.84418605
at6923_1_chr5	20028611	20049989	chr5_nbh15	232	18.5387931
at6923_1_chr5	20086795	20174665	chr5_nbh16	226	19.09292035
at6923_1_chr5	20519364	20552071	chr5_nbh17	195	29.96923077
at6923_1_chr5	20849590	20877879	chr5_nbh18	331	13.40181269
at6923_1_chr5	20957065	20968576	chr5_nbh19	144	33.95833333
at6923_1_chr5	21315629	21330845	chr5_nbh20	155	65.80645161
at6923_1_chr5	21488662	21628326	chr5_nbh21	974	27.27310062
at6923_1_chr5	21689091	21769480	chr5_nbh22	1851	17.13452188
at6923_1_chr5	21830395	21914451	chr5_nbh23	770	15.04805195
at6923_1_chr5	22200218	22212078	chr5_nbh24	180	13.46111111
at6923_1_chr5	22280819	22319290	chr5_nbh25	742	25.84366577
at6923_1_chr5	22624809	22690493	chr5_nbh26	354	31.14124294
at6923_1_chr5	23159893	23173985	chr5_nbh27	164	10.83536585
at6923_1_chr5	23357570	23368010	chr5_nbh29	152	24.07236842
at6923_1_chr5	24370392	24388116	chr5_nbh30	201	42.90049751
at6923_1_chr5	26191702	26197640	chr5_nbh31	102	30.47058824
at6923_1_chr5	26941737	26960324	chr5_nbh32	154	18.35064935
at6923_1_chr5	28705809	28716398	chr5_nbh33	139	36.86330935
at6923_1_chr5	29997406	30140186	chr5_nbh34	476	17.83403361
at6929_1_chr1	3129579	3134358	chr1_nbh01	31	14.12903226
at6929_1_chr1	3636706	3642861	chr1_nbh02	145	14.26896552
at6929_1_chr1	4117504	4170276	chr1_nbh03	344	42.47674419
at6929_1_chr1	5446910	5477372	chr1_nbh04	178	38.1011236
at6929_1_chr1	6038314	6056585	chr1_nbh05	315	13.95555556
at6929_1_chr1	9287450	9304738	chr1_nbh06	484	20.94421488
at6929_1_chr1	11150487	11189618	chr1_nbh07	193	12.70466321
at6929_1_chr1	12101617	12127697	chr1_nbh10	162	16.62345679
at6929_1_chr1	19555045	19582902	chr1_nbh16	75	36.24
at6929_1_chr1	20774069	20783272	chr1_nbh17	124	35.37903226
at6929_1_chr1	21173048	21201896	chr1_nbh18	140	12.5
at6929_1_chr1	21263344	21281758	chr1_nbh19	86	16.20930233
at6929_1_chr1	21785831	21792129	chr1_nbh20	77	27.32467532
at6929_1_chr1	21876445	21881761	chr1_nbh21	52	25.28846154
at6929_1_chr1	22063102	22074508	chr1_nbh22	152	13.88157895
at6929_1_chr1	23340421	23366096	chr1_nbh25	560	12.76428571
at6929_1_chr1	23512513	23588228	chr1_nbh26	227	10.6784141
at6929_1_chr1	23872084	24095231	chr1_nbh28	549	14.9143898
at6929_1_chr1	24310379	24339628	chr1_nbh30	28	17.5
at6929_1_chr1	24623373	24717172	chr1_nbh32	304	74.30921053
at6929_1_chr1	25273284	25593527	chr1_nbh35	322	11.80745342
at6929_1_chr1	25726798	25830042	chr1_nbh36	1216	18.11348684
at6929_1_chr1	25873790	25892105	chr1_nbh37	161	15.90062112
at6929_1_chr1	26389249	26406804	chr1_nbh39	93	15.8172043
at6929_1_chr1	26601878	26609441	chr1_nbh40	154	15.69480519
at6929_1_chr1	26706569	26715670	chr1_nbh41	138	12.44927536
at6929_1_chr1	28270331	28298928	chr1_nbh42	163	29.20858896
at6929_1_chr1	29532858	29572490	chr1_nbh43	891	11.91582492
at6929_1_chr2	957490	1837094	chr2_nbh01	60	8.8
at6929_1_chr2	8908567	9054730	chr2_nbh04	194	18.75773196
at6929_1_chr2	10404131	10541617	chr2_nbh05	383	14.67362924
at6929_1_chr2	11801511	11806993	chr2_nbh06	46	12.60869565
at6929_1_chr2	13484757	13501057	chr2_nbh07	456	42.60745614
at6929_1_chr3	993352	1008790	chr3_nbh01	154	12.08441558
at6929_1_chr3	1116315	1128146	chr3_nbh02	264	12.8219697
at6929_1_chr3	2235312	2246071	chr3_nbh03	150	12.75333333
at6929_1_chr3	4868076	4883671	chr3_nbh04	396	44.74747475
at6929_1_chr3	5326543	5330188	chr3_nbh05	90	21.21111111
at6929_1_chr3	9255088	9270275	chr3_nbh06	226	20.1460177
at6929_1_chr3	9701744	9707705	chr3_nbh07	98	22.98979592
at6929_1_chr3	18287288	18633539	chr3_nbh12	1153	42.62705984
at6929_1_chr3	19452798	19566802	chr3_nbh13	475	13.99157895
at6929_1_chr3	21079340	21105338	chr3_nbh15	192	14.58854167
at6929_1_chr3	21282318	21288500	chr3_nbh16	196	47.92857143
at6929_1_chr3	21465937	21480263	chr3_nbh17	247	18.04453441
at6929_1_chr4	10309582	10336638	chr4_nbh04	165	35.9030303
at6929_1_chr4	10875206	10940049	chr4_nbh06	249	14.09236948
at6929_1_chr4	11569325	11590026	chr4_nbh07	108	13.15740741
at6929_1_chr4	11759025	11774236	chr4_nbh08	158	13.46835443
at6929_1_chr4	11847743	11865461	chr4_nbh09	130	10.67692308
at6929_1_chr4	12145198	12178736	chr4_nbh10	541	49.15711645
at6929_1_chr4	13251917	13369055	chr4_nbh11	164	20.25609756
at6929_1_chr4	14450812	14611890	chr4_nbh12	1158	15.90500864
at6929_1_chr4	15387924	15411351	chr4_nbh13	296	40.18918919
at6929_1_chr4	15531313	15590956	chr4_nbh14	1038	24.57707129
at6929_1_chr4	15729435	15744544	chr4_nbh15	164	10.6402439
at6929_1_chr4	17162703	17206593	chr4_nbh17	312	47.54166667
at6929_1_chr4	18175589	18183479	chr4_nbh18	208	20.29807692
at6929_1_chr4	18592921	18601889	chr4_nbh19	159	47.47798742
at6929_1_chr4	21041116	21053413	chr4_nbh20	181	28.22099448
at6929_1_chr4	22089132	22111245	chr4_nbh21	550	28.89272727
at6929_1_chr5	1362772	1375782	chr5_nbh01	150	20.32666667
at6929_1_chr5	3611261	3622045	chr5_nbh03	166	28.18072289
at6929_1_chr5	5913088	5993431	chr5_nbh06	292	24.63013699
at6929_1_chr5	6084885	6106085	chr5_nbh07	363	18.45730028
at6929_1_chr5	7543972	7552577	chr5_nbh08	192	34.22916667
at6929_1_chr5	17908591	17932223	chr5_nbh09	208	18.80288462
at6929_1_chr5	19492195	19547219	chr5_nbh11	360	15.63888889
at6929_1_chr5	20181517	20233435	chr5_nbh13	382	23.70418848
at6929_1_chr5	20553502	20594991	chr5_nbh14	342	51.55847953
at6929_1_chr5	20806588	20826491	chr5_nbh15	357	18.12044818
at6929_1_chr5	20865385	20947020	chr5_nbh16	196	12.96938776
at6929_1_chr5	21283434	21318190	chr5_nbh17	191	46.10994764
at6929_1_chr5	21604811	21635648	chr5_nbh18	311	13.17041801
at6929_1_chr5	21720783	21732511	chr5_nbh19	133	13.37593985
at6929_1_chr5	22074927	22090223	chr5_nbh20	235	56.82553191
at6929_1_chr5	22245006	22340097	chr5_nbh21	950	24.54315789
at6929_1_chr5	22390893	22467328	chr5_nbh22	1797	17.16416249
at6929_1_chr5	22528680	22585430	chr5_nbh23	773	18.52652005
at6929_1_chr5	22871554	22888884	chr5_nbh24	352	13.25568182
at6929_1_chr5	22956449	22985293	chr5_nbh25	519	41.02890173
at6929_1_chr5	23274560	23343509	chr5_nbh26	389	31.8714653
at6929_1_chr5	23798504	23812662	chr5_nbh27	167	10.66467066
at6929_1_chr5	26807928	26813866	chr5_nbh31	102	35.11764706
at6929_1_chr5	27566956	27583097	chr5_nbh32	200	17.11
at6929_1_chr5	29330139	29340653	chr5_nbh33	139	39.10791367
at6929_1_chr5	30630718	30774961	chr5_nbh34	456	15.67763158
at7143_1_chr1	3133793	3138961	chr1_nbh01	28	12.25
at7143_1_chr1	3639134	3645294	chr1_nbh02	134	14.41044776
at7143_1_chr1	4122700	4183189	chr1_nbh03	455	33.06153846
at7143_1_chr1	5461498	5491837	chr1_nbh04	110	31.01818182
at7143_1_chr1	6045570	6058913	chr1_nbh05	318	14.70125786
at7143_1_chr1	9326794	9344202	chr1_nbh06	482	23.43568465
at7143_1_chr1	11135958	11190345	chr1_nbh07	203	11.95566502
at7143_1_chr1	12014480	12040167	chr1_nbh10	164	11.94512195
at7143_1_chr1	12147137	12212089	chr1_nbh11	150	13.8
at7143_1_chr1	22195678	22226184	chr1_nbh18	126	12.30952381
at7143_1_chr1	22284572	22296052	chr1_nbh19	84	19.11904762
at7143_1_chr1	22797160	22805715	chr1_nbh20	74	37.94594595
at7143_1_chr1	22890374	22895717	chr1_nbh21	54	32.5
at7143_1_chr1	23083494	23094108	chr1_nbh22	152	13.99342105
at7143_1_chr1	24363208	24419427	chr1_nbh25	634	11.86277603
at7143_1_chr1	24553892	24633192	chr1_nbh26	226	13.41150442
at7143_1_chr1	24859725	24903114	chr1_nbh27	129	20.31007752
at7143_1_chr1	24911066	25141213	chr1_nbh28	582	14.39347079
at7143_1_chr1	25357567	25384496	chr1_nbh30	26	19.11538462
at7143_1_chr1	25674172	25765715	chr1_nbh32	158	15.17088608
at7143_1_chr1	26261394	26287675	chr1_nbh34	26	12.11538462
at7143_1_chr1	26323816	26655661	chr1_nbh35	338	12.33431953
at7143_1_chr1	26790454	26886130	chr1_nbh36	912	20.65350877
at7143_1_chr1	26936471	26954803	chr1_nbh37	40	19.425
at7143_1_chr1	27459327	27477329	chr1_nbh39	88	14.65909091
at7143_1_chr1	27664570	27672227	chr1_nbh40	134	15.71641791
at7143_1_chr1	27766318	27775705	chr1_nbh41	102	19.34313725
at7143_1_chr1	29318780	29345597	chr1_nbh42	204	13.98529412
at7143_1_chr1	30596304	30654374	chr1_nbh43	1111	19.4230423
at7143_1_chr2	906151	1792086	chr2_nbh01	60	8.316666667
at7143_1_chr2	7218237	7318062	chr2_nbh04	258	21.63565891
at7143_1_chr2	8633645	8779437	chr2_nbh05	527	18.38709677
at7143_1_chr2	10024535	10029789	chr2_nbh06	66	32.46969697
at7143_1_chr2	13120409	13132245	chr2_nbh09	240	17.8
at7143_1_chr3	983162	995329	chr3_nbh01	192	15.53125
at7143_1_chr3	1102998	1114839	chr3_nbh02	260	13.02307692
at7143_1_chr3	4855843	4871410	chr3_nbh04	403	32.60545906
at7143_1_chr3	5314958	5318602	chr3_nbh05	90	15.44444444
at7143_1_chr3	9236726	9255754	chr3_nbh06	222	14.83783784
at7143_1_chr3	9678869	9684943	chr3_nbh07	96	27.17708333
at7143_1_chr3	11273930	11443321	chr3_nbh08	121	75.12396694
at7143_1_chr3	18375426	18822476	chr3_nbh12	1949	35.10877373
at7143_1_chr3	19639094	19758169	chr3_nbh13	484	49.31404959
at7143_1_chr3	20691424	20929840	chr3_nbh14	86	13.30232558
at7143_1_chr3	21322962	21377472	chr3_nbh15	360	43.06111111
at7143_1_chr3	21560508	21566693	chr3_nbh16	210	44.61428571
at7143_1_chr3	21744227	21757904	chr3_nbh17	357	15.71708683
at7143_1_chr4	7896870	7921004	chr4_nbh04	129	31.45736434
at7143_1_chr4	8613620	8664575	chr4_nbh06	444	39.2972973
at7143_1_chr4	9529218	9540675	chr4_nbh08	128	15.78125
at7143_1_chr4	9632573	9653714	chr4_nbh09	130	11.20769231
at7143_1_chr4	9930551	9975474	chr4_nbh10	633	31.41548183
at7143_1_chr4	11052860	11166135	chr4_nbh11	168	20.60714286
at7143_1_chr4	12246845	12424892	chr4_nbh12	1635	21.25015291
at7143_1_chr4	13195210	13231889	chr4_nbh13	542	23.27675277
at7143_1_chr4	13349670	13404712	chr4_nbh14	989	22.79777553
at7143_1_chr4	13540848	13563121	chr4_nbh15	78	13.08974359
at7143_1_chr4	14382106	14406646	chr4_nbh16	215	15.05581395
at7143_1_chr4	15000642	15046777	chr4_nbh17	342	38.88888889
at7143_1_chr4	15986522	15994406	chr4_nbh18	216	19.22222222
at7143_1_chr4	16397293	16418218	chr4_nbh19	146	32.19178082
at7143_1_chr4	18831148	18843530	chr4_nbh20	181	29.32044199
at7143_1_chr4	19920209	19940636	chr4_nbh21	411	34.33819951
at7143_1_chr5	1375098	1388415	chr5_nbh01	144	26.03472222
at7143_1_chr5	1609908	1624525	chr5_nbh02	144	31.91666667
at7143_1_chr5	3610711	3621498	chr5_nbh03	168	26.14285714
at7143_1_chr5	5906463	5985074	chr5_nbh06	282	19.40425532
at7143_1_chr5	6069731	6090625	chr5_nbh07	597	15.49078727
at7143_1_chr5	7529744	7539384	chr5_nbh08	236	36.60169492
at7143_1_chr5	17827534	17851710	chr5_nbh09	200	20.04
at7143_1_chr5	19290176	19350864	chr5_nbh11	272	18.16544118
at7143_1_chr5	19523228	19531011	chr5_nbh12	172	16.5755814
at7143_1_chr5	19984969	20009744	chr5_nbh13	394	26.54822335
at7143_1_chr5	20330008	20371052	chr5_nbh14	343	47.57142857
at7143_1_chr5	20570866	20595563	chr5_nbh15	342	15.88596491
at7143_1_chr5	20640520	20718836	chr5_nbh16	185	12.82162162
at7143_1_chr5	21067560	21104197	chr5_nbh17	204	32.42156863
at7143_1_chr5	21405779	21425963	chr5_nbh18	144	12.1875
at7143_1_chr5	21504738	21522101	chr5_nbh19	239	28.18828452
at7143_1_chr5	21859468	21874706	chr5_nbh20	150	68.72
at7143_1_chr5	22032265	22131674	chr5_nbh21	1000	22.29
at7143_1_chr5	22182690	22259958	chr5_nbh22	1775	14.82760563
at7143_1_chr5	22321358	22405393	chr5_nbh23	586	19.57337884
at7143_1_chr5	22689153	22707136	chr5_nbh24	355	11.81971831
at7143_1_chr5	22770607	22800093	chr5_nbh25	578	27.63321799
at7143_1_chr5	23096502	23165587	chr5_nbh26	251	39.84860558
at7143_1_chr5	23624761	23638832	chr5_nbh27	182	11.10989011
at7143_1_chr5	23830754	23841158	chr5_nbh29	152	21.21052632
at7143_1_chr5	24846003	24863611	chr5_nbh30	231	43.15151515
at7143_1_chr5	26637016	26642953	chr5_nbh31	100	35.42
at7143_1_chr5	27398848	27415097	chr5_nbh32	220	13.25
at7143_1_chr5	29165485	29176076	chr5_nbh33	136	49.30147059
at7143_1_chr5	30476624	30619447	chr5_nbh34	456	18.55921053
at8285_1_chr1	3141018	3146183	chr1_nbh01	28	11.35714286
at8285_1_chr1	3652916	3659074	chr1_nbh02	136	16.19852941
at8285_1_chr1	4146748	4199569	chr1_nbh03	496	35.98991935
at8285_1_chr1	5441973	5472459	chr1_nbh04	156	35.19871795
at8285_1_chr1	6029693	6042992	chr1_nbh05	316	14.0443038
at8285_1_chr1	9285469	9303253	chr1_nbh06	569	32.30228471
at8285_1_chr1	11098229	11142537	chr1_nbh07	197	13.98984772
at8285_1_chr1	12042953	12069394	chr1_nbh10	176	18.41477273
at8285_1_chr1	22849677	22858634	chr1_nbh17	118	42.00847458
at8285_1_chr1	23265452	23294446	chr1_nbh18	128	12.25
at8285_1_chr1	23348389	23359827	chr1_nbh19	82	16.8902439
at8285_1_chr1	23858717	23864670	chr1_nbh20	74	35.66216216
at8285_1_chr1	23950793	23956139	chr1_nbh21	54	32.46296296
at8285_1_chr1	24143419	24153997	chr1_nbh22	152	18.08552632
at8285_1_chr1	25398187	25411338	chr1_nbh24	64	13.4375
at8285_1_chr1	25412994	25442501	chr1_nbh25	562	13.70996441
at8285_1_chr1	25589425	25671516	chr1_nbh26	318	13.51257862
at8285_1_chr1	25900952	25953871	chr1_nbh27	301	18.39534884
at8285_1_chr1	25962340	26203534	chr1_nbh28	586	16.82423208
at8285_1_chr1	26715499	26806108	chr1_nbh32	454	19.64537445
at8285_1_chr1	27347874	27691350	chr1_nbh35	474	16.28270042
at8285_1_chr1	27819096	27920489	chr1_nbh36	1212	25.37046205
at8285_1_chr1	27970848	27989216	chr1_nbh37	162	14.07407407
at8285_1_chr1	28496005	28513650	chr1_nbh39	92	17.34782609
at8285_1_chr1	28702419	28710044	chr1_nbh40	96	13.91666667
at8285_1_chr1	28804780	28814196	chr1_nbh41	102	18.7254902
at8285_1_chr1	30367372	30399002	chr1_nbh42	216	17.33796296
at8285_1_chr1	31635721	31663980	chr1_nbh43	548	12.90875912
at8285_1_chr2	1057256	1870534	chr2_nbh01	60	9.183333333
at8285_1_chr2	8562893	8810864	chr2_nbh03	100	13.5
at8285_1_chr2	9123056	9260087	chr2_nbh04	189	17.83068783
at8285_1_chr2	10613483	10749001	chr2_nbh05	319	23.13479624
at8285_1_chr2	12039764	12045247	chr2_nbh06	60	21.33333333
at8285_1_chr2	13720446	13736757	chr2_nbh07	460	44.19347826
at8285_1_chr3	989455	1003777	chr3_nbh01	198	12.42929293
at8285_1_chr3	1111360	1123190	chr3_nbh02	284	15.86267606
at8285_1_chr3	2231717	2242365	chr3_nbh03	164	15.9695122
at8285_1_chr3	4836315	4852006	chr3_nbh04	396	47.29040404
at8285_1_chr3	5309700	5313345	chr3_nbh05	90	22.22222222
at8285_1_chr3	9268300	9283500	chr3_nbh06	170	20.18235294
at8285_1_chr3	9693495	9699637	chr3_nbh07	96	26.92708333
at8285_1_chr3	11269707	11433758	chr3_nbh08	142	16.99295775
at8285_1_chr3	18986022	19092325	chr3_nbh10	166	13.94578313
at8285_1_chr3	19255627	19558265	chr3_nbh12	1347	29.38901262
at8285_1_chr3	20381183	20496578	chr3_nbh13	501	16.03393214
at8285_1_chr3	21432718	21686783	chr3_nbh14	86	16.08139535
at8285_1_chr3	22058457	22115627	chr3_nbh15	340	31.9
at8285_1_chr3	22299424	22305603	chr3_nbh16	204	52.37745098
at8285_1_chr3	22487623	22501347	chr3_nbh17	319	24.22884013
at8285_1_chr4	9628943	9649610	chr4_nbh04	163	24.60122699
at8285_1_chr4	10208591	10249633	chr4_nbh06	335	20.22985075
at8285_1_chr4	11066819	11080158	chr4_nbh08	168	13.92857143
at8285_1_chr4	11158722	11183882	chr4_nbh09	128	11.7265625
at8285_1_chr4	11464597	11498685	chr4_nbh10	570	48.55614035
at8285_1_chr4	12593217	12707015	chr4_nbh11	178	18.79213483
at8285_1_chr4	13777669	13939336	chr4_nbh12	1168	15.80393836
at8285_1_chr4	14702972	14737470	chr4_nbh13	653	34.90964778
at8285_1_chr4	14852827	14904325	chr4_nbh14	1100	22.41181818
at8285_1_chr4	15032580	15047695	chr4_nbh15	164	10.04878049
at8285_1_chr4	16395534	16439596	chr4_nbh17	414	44.73429952
at8285_1_chr4	17378956	17386847	chr4_nbh18	218	33.50917431
at8285_1_chr4	17895211	17904210	chr4_nbh19	148	46.69594595
at8285_1_chr4	20336087	20348472	chr4_nbh20	177	30.77966102
at8285_1_chr4	21379999	21402114	chr4_nbh21	497	27.17303823
at8285_1_chr5	1370052	1383215	chr5_nbh01	150	19.42
at8285_1_chr5	3603782	3613835	chr5_nbh03	198	44.67676768
at8285_1_chr5	5899394	5980004	chr5_nbh06	204	24.47058824
at8285_1_chr5	6063674	6078723	chr5_nbh07	328	17.02134146
at8285_1_chr5	7499966	7510274	chr5_nbh08	192	35.5625
at8285_1_chr5	18793875	18845590	chr5_nbh11	210	22.32857143
at8285_1_chr5	19021610	19029394	chr5_nbh12	172	23.71511628
at8285_1_chr5	19521867	19546712	chr5_nbh13	342	45.69298246
at8285_1_chr5	19948503	19991129	chr5_nbh14	194	17.41237113
at8285_1_chr5	20195537	20215464	chr5_nbh15	354	16.77966102
at8285_1_chr5	20254530	20335130	chr5_nbh16	154	16.48051948
at8285_1_chr5	20683586	20718200	chr5_nbh17	207	42.44444444
at8285_1_chr5	21032639	21054895	chr5_nbh18	160	10.55625
at8285_1_chr5	21138016	21151601	chr5_nbh19	130	43.10769231
at8285_1_chr5	21684438	21779288	chr5_nbh21	964	25.87240664
at8285_1_chr5	21829995	21921650	chr5_nbh22	1508	21.93965517
at8285_1_chr5	21982576	22037904	chr5_nbh23	666	26.45345345
at8285_1_chr5	22304363	22321751	chr5_nbh24	361	13.43490305
at8285_1_chr5	22390940	22437113	chr5_nbh25	1058	33.61720227
at8285_1_chr5	22740026	22808229	chr5_nbh26	247	40.3805668
at8285_1_chr5	23264418	23283665	chr5_nbh27	248	22.09274194
at8285_1_chr5	23323312	23345410	chr5_nbh28	300	26.49333333
at8285_1_chr5	24469612	24487332	chr5_nbh30	199	38.87437186
at8285_1_chr5	26271496	26277434	chr5_nbh31	102	34.31372549
at8285_1_chr5	27021959	27038081	chr5_nbh32	200	12.65
at8285_1_chr5	28789422	28800013	chr5_nbh33	136	46.88970588
at8285_1_chr5	30109778	30253117	chr5_nbh34	439	17.81321185
at9104_1_chr1	3131741	3136908	chr1_nbh01	28	12.53571429
at9104_1_chr1	3653649	3659825	chr1_nbh02	148	13.40540541
at9104_1_chr1	4141637	4192519	chr1_nbh03	408	33.89460784
at9104_1_chr1	5448741	5479229	chr1_nbh04	180	33.96111111
at9104_1_chr1	6044065	6057366	chr1_nbh05	324	11.59259259
at9104_1_chr1	9297374	9314634	chr1_nbh06	528	17.37121212
at9104_1_chr1	11164941	11218463	chr1_nbh07	208	10.69230769
at9104_1_chr1	11682337	11710352	chr1_nbh08	161	13.67080745
at9104_1_chr1	12098248	12124342	chr1_nbh10	158	12.44303797
at9104_1_chr1	18730067	18798101	chr1_nbh14	100	19.41
at9104_1_chr1	20808751	20817712	chr1_nbh17	126	27.30952381
at9104_1_chr1	21211159	21239740	chr1_nbh18	128	8.78125
at9104_1_chr1	21834424	21840363	chr1_nbh20	74	45.18918919
at9104_1_chr1	21922989	21928330	chr1_nbh21	54	49.62962963
at9104_1_chr1	22114702	22125252	chr1_nbh22	152	16.11184211
at9104_1_chr1	23376989	23406485	chr1_nbh25	559	11.07692308
at9104_1_chr1	23548413	23631645	chr1_nbh26	292	13.04109589
at9104_1_chr1	23858501	23904506	chr1_nbh27	253	22.51778656
at9104_1_chr1	23912445	24140006	chr1_nbh28	737	16.88873813
at9104_1_chr1	24703331	24800127	chr1_nbh32	448	14.10044643
at9104_1_chr1	25352171	25708669	chr1_nbh35	493	13.46044625
at9104_1_chr1	25842770	25941476	chr1_nbh36	1058	19.50189036
at9104_1_chr1	25991857	26010264	chr1_nbh37	157	13.07643312
at9104_1_chr1	26504017	26524530	chr1_nbh39	93	16.46236559
at9104_1_chr1	26708337	26715963	chr1_nbh40	141	14.17730496
at9104_1_chr1	26808999	26818401	chr1_nbh41	138	31.48550725
at9104_1_chr1	28351384	28385211	chr1_nbh42	216	17.12037037
at9104_1_chr1	29630148	29661426	chr1_nbh43	525	11.7447619
at9104_1_chr2	1066475	1947566	chr2_nbh01	108	9.398148148
at9104_1_chr2	9006723	9241673	chr2_nbh03	94	13.73404255
at9104_1_chr2	9537575	9703290	chr2_nbh04	212	48.99056604
at9104_1_chr2	11016948	11168420	chr2_nbh05	219	13.38812785
at9104_1_chr2	12431669	12436736	chr2_nbh06	44	13
at9104_1_chr2	14138005	14154351	chr2_nbh07	464	36.81034483
at9104_1_chr3	996325	1008471	chr3_nbh01	124	15.7983871
at9104_1_chr3	1119686	1131549	chr3_nbh02	258	12.29069767
at9104_1_chr3	2389714	2400349	chr3_nbh03	165	13.43030303
at9104_1_chr3	4986410	5001943	chr3_nbh04	394	30.73350254
at9104_1_chr3	5453380	5457016	chr3_nbh05	90	14.25555556
at9104_1_chr3	9403440	9418717	chr3_nbh06	224	21.68303571
at9104_1_chr3	9809937	9816010	chr3_nbh07	98	24.83673469
at9104_1_chr3	11402698	11564439	chr3_nbh08	114	19.92105263
at9104_1_chr3	19950661	20334529	chr3_nbh12	1580	20.05
at9104_1_chr3	21122056	21236528	chr3_nbh13	486	14.77160494
at9104_1_chr3	22112566	22354539	chr3_nbh14	86	13.19767442
at9104_1_chr3	22744748	22795481	chr3_nbh15	432	16.47685185
at9104_1_chr3	22974187	22980369	chr3_nbh16	204	38.68137255
at9104_1_chr3	23157578	23171917	chr3_nbh17	364	15.08791209
at9104_1_chr4	8118091	8147853	chr4_nbh04	161	38.57142857
at9104_1_chr4	9321137	9341314	chr4_nbh07	104	14.11538462
at9104_1_chr4	9897772	9931604	chr4_nbh10	534	55.61985019
at9104_1_chr4	11057404	11166940	chr4_nbh11	320	22.309375
at9104_1_chr4	12248389	12497522	chr4_nbh12	2073	74.85383502
at9104_1_chr4	13264124	13298783	chr4_nbh13	440	34.98863636
at9104_1_chr4	13422286	13484965	chr4_nbh14	1126	17.72468917
at9104_1_chr4	13627527	13649791	chr4_nbh15	164	14.78658537
at9104_1_chr4	15040774	15084850	chr4_nbh17	414	37.16908213
at9104_1_chr4	16029522	16037415	chr4_nbh18	216	23.91666667
at9104_1_chr4	16436075	16450067	chr4_nbh19	146	18.11643836
at9104_1_chr4	18826387	18838241	chr4_nbh20	203	27.14285714
at9104_1_chr4	19877792	19898202	chr4_nbh21	473	35.52008457
at9104_1_chr5	1347203	1360368	chr5_nbh01	150	17.2
at9104_1_chr5	3567807	3578610	chr5_nbh03	166	37.42771084
at9104_1_chr5	3907506	3920360	chr5_nbh04	266	46.61278195
at9104_1_chr5	5794276	5803605	chr5_nbh05	162	19.13580247
at9104_1_chr5	5877669	5959230	chr5_nbh06	392	20.8622449
at9104_1_chr5	6042498	6057550	chr5_nbh07	328	14.55792683
at9104_1_chr5	7489912	7499204	chr5_nbh08	192	36.10416667
at9104_1_chr5	17693214	17723261	chr5_nbh09	180	16.41111111
at9104_1_chr5	18457130	18486020	chr5_nbh10	189	30.56613757
at9104_1_chr5	19223656	19270516	chr5_nbh11	210	15.37142857
at9104_1_chr5	19448669	19469350	chr5_nbh12	130	25.04615385
at9104_1_chr5	19936970	19972226	chr5_nbh13	377	32.84615385
at9104_1_chr5	20285909	20333396	chr5_nbh14	574	29.88675958
at9104_1_chr5	20533041	20552995	chr5_nbh15	251	18.06374502
at9104_1_chr5	20591969	20700997	chr5_nbh16	312	11.84294872
at9104_1_chr5	21050217	21084821	chr5_nbh17	193	30.76683938
at9104_1_chr5	21389802	21418095	chr5_nbh18	360	12.14722222
at9104_1_chr5	21494915	21512429	chr5_nbh19	223	30.75784753
at9104_1_chr5	21851898	21868180	chr5_nbh20	154	60.8961039
at9104_1_chr5	22029298	22127240	chr5_nbh21	1002	20.24750499
at9104_1_chr5	22180341	22248627	chr5_nbh22	1088	17.26286765
at9104_1_chr5	22308716	22396012	chr5_nbh23	697	16.13199426
at9104_1_chr5	22669241	22686636	chr5_nbh24	354	14.30508475
at9104_1_chr5	22757407	22793636	chr5_nbh25	686	28.81195335
at9104_1_chr5	23093365	23161682	chr5_nbh26	376	30.53989362
at9104_1_chr5	23625303	23639453	chr5_nbh27	183	11.83060109
at9104_1_chr5	23820696	23831137	chr5_nbh29	152	15.85526316
at9104_1_chr5	24832604	24848492	chr5_nbh30	234	40.39316239
at9104_1_chr5	26635415	26641353	chr5_nbh31	102	30
at9104_1_chr5	27393308	27409534	chr5_nbh32	220	14.44090909
at9104_1_chr5	29155566	29166095	chr5_nbh33	136	42.15441176
at9104_1_chr5	30461147	30603902	chr5_nbh34	469	15.2196162
at9336_1_chr1	3134965	3140128	chr1_nbh01	28	11.60714286
at9336_1_chr1	3667353	3673512	chr1_nbh02	134	18.48507463
at9336_1_chr1	4154118	4207688	chr1_nbh03	474	34.9978903
at9336_1_chr1	5480185	5510626	chr1_nbh04	310	29.60645161
at9336_1_chr1	6073622	6086917	chr1_nbh05	322	12.46273292
at9336_1_chr1	9322124	9339908	chr1_nbh06	561	25.09090909
at9336_1_chr1	11126494	11165737	chr1_nbh07	250	12.32
at9336_1_chr1	12009760	12036185	chr1_nbh10	161	15.32298137
at9336_1_chr1	20958243	20995740	chr1_nbh16	75	12.17333333
at9336_1_chr1	22189962	22199063	chr1_nbh17	122	38.45901639
at9336_1_chr1	22576746	22607383	chr1_nbh18	126	11.24603175
at9336_1_chr1	22676788	22688229	chr1_nbh19	82	16.18292683
at9336_1_chr1	23189800	23195757	chr1_nbh20	75	45.32
at9336_1_chr1	23273913	23279257	chr1_nbh21	52	64.63461538
at9336_1_chr1	23477336	23488735	chr1_nbh22	152	19.32894737
at9336_1_chr1	24721526	24780676	chr1_nbh25	604	17.42384106
at9336_1_chr1	24915901	25003107	chr1_nbh26	294	17.82312925
at9336_1_chr1	25229864	25273084	chr1_nbh27	48	13.45833333
at9336_1_chr1	25280933	25517745	chr1_nbh28	756	18.12433862
at9336_1_chr1	25737792	25764688	chr1_nbh30	26	18.53846154
at9336_1_chr1	26084369	26182830	chr1_nbh32	474	71.05485232
at9336_1_chr1	26719729	27115877	chr1_nbh35	388	13.30154639
at9336_1_chr1	27244887	27342484	chr1_nbh36	1197	17.01086048
at9336_1_chr1	27382438	27400771	chr1_nbh37	164	11.2804878
at9336_1_chr1	27904793	27921650	chr1_nbh39	92	16.39130435
at9336_1_chr1	28109042	28116682	chr1_nbh40	142	13.23943662
at9336_1_chr1	28209172	28218555	chr1_nbh41	157	30.84713376
at9336_1_chr1	29750352	29777316	chr1_nbh42	218	14.37614679
at9336_1_chr1	31030740	31062030	chr1_nbh43	518	10
at9336_1_chr2	946635	1832305	chr2_nbh01	58	11.36206897
at9336_1_chr2	8301031	8611057	chr2_nbh03	98	12.29591837
at9336_1_chr2	8956102	9094408	chr2_nbh04	198	15.69191919
at9336_1_chr2	10405652	10550682	chr2_nbh05	319	18.36677116
at9336_1_chr2	11823703	11828770	chr2_nbh06	44	11.81818182
at9336_1_chr3	989584	1014588	chr3_nbh01	565	15.36106195
at9336_1_chr3	1124654	1136490	chr3_nbh02	262	15.63740458
at9336_1_chr3	2275736	2286495	chr3_nbh03	128	12.6640625
at9336_1_chr3	4913987	4929578	chr3_nbh04	409	29.96821516
at9336_1_chr3	5364569	5368214	chr3_nbh05	90	14.56666667
at9336_1_chr3	9300459	9315682	chr3_nbh06	174	19.64942529
at9336_1_chr3	9707909	9715065	chr3_nbh07	98	29.30612245
at9336_1_chr3	11302869	11451458	chr3_nbh08	166	23.41566265
at9336_1_chr3	19201684	19357631	chr3_nbh09	216	79.18981481
at9336_1_chr3	19577943	19902222	chr3_nbh12	1643	70.48813147
at9336_1_chr3	20709819	20825032	chr3_nbh13	501	14.62674651
at9336_1_chr3	21726398	21966589	chr3_nbh14	86	17.10465116
at9336_1_chr3	22357007	22380492	chr3_nbh15	154	22.14935065
at9336_1_chr3	22563604	22569788	chr3_nbh16	214	49.06074766
at9336_1_chr3	22747717	22762061	chr3_nbh17	363	18.22865014
at9336_1_chr4	10159690	10186124	chr4_nbh04	165	33.41818182
at9336_1_chr4	10724574	10766074	chr4_nbh06	291	13.73539519
at9336_1_chr4	11649785	11666853	chr4_nbh09	130	10.02307692
at9336_1_chr4	11958620	11990973	chr4_nbh10	540	47.43518519
at9336_1_chr4	13053553	13157887	chr4_nbh11	318	17.05974843
at9336_1_chr4	14227238	14378176	chr4_nbh12	917	24.25954198
at9336_1_chr4	15146172	15168953	chr4_nbh13	294	34.50340136
at9336_1_chr4	15281682	15347489	chr4_nbh14	1082	20.65249538
at9336_1_chr4	15480232	15498691	chr4_nbh15	164	9.701219512
at9336_1_chr4	16873547	16917564	chr4_nbh17	414	25.81642512
at9336_1_chr4	17862043	17869934	chr4_nbh18	216	18.625
at9336_1_chr4	18282544	18303504	chr4_nbh19	260	15.75769231
at9336_1_chr4	20711643	20723366	chr4_nbh20	195	22.42564103
at9336_1_chr4	21764872	21785281	chr4_nbh21	454	29.59911894
at9336_1_chr5	1363367	1376331	chr5_nbh01	150	19.52
at9336_1_chr5	1600633	1615250	chr5_nbh02	148	29.56081081
at9336_1_chr5	3604875	3614923	chr5_nbh03	172	20.05813953
at9336_1_chr5	3945692	3957999	chr5_nbh04	242	16.09090909
at9336_1_chr5	5915123	5924456	chr5_nbh05	162	20.87037037
at9336_1_chr5	5999040	6082418	chr5_nbh06	544	27.74264706
at9336_1_chr5	6165948	6186826	chr5_nbh07	501	12.20159681
at9336_1_chr5	7655731	7665373	chr5_nbh08	188	32.31914894
at9336_1_chr5	17886435	17910557	chr5_nbh09	196	27.24489796
at9336_1_chr5	19498706	19550687	chr5_nbh11	248	14.39112903
at9336_1_chr5	19726213	19733997	chr5_nbh12	170	33.57647059
at9336_1_chr5	20207064	20245199	chr5_nbh13	374	26.84759358
at9336_1_chr5	20571148	20605216	chr5_nbh14	166	12.89156627
at9336_1_chr5	20821283	20841146	chr5_nbh15	352	12.04829545
at9336_1_chr5	20880025	20967806	chr5_nbh16	222	11.54054054
at9336_1_chr5	21308259	21342746	chr5_nbh17	189	42.61375661
at9336_1_chr5	21658549	21679018	chr5_nbh18	183	11.97814208
at9336_1_chr5	21754287	21771694	chr5_nbh19	315	19.94603175
at9336_1_chr5	22113446	22128978	chr5_nbh20	159	68.62893082
at9336_1_chr5	22284001	22381112	chr5_nbh21	997	21.0110331
at9336_1_chr5	22432786	22509979	chr5_nbh22	1451	15.59545141
at9336_1_chr5	22569777	22620100	chr5_nbh23	667	20.36131934
at9336_1_chr5	22895830	22913761	chr5_nbh24	359	12.45682451
at9336_1_chr5	22987754	23016893	chr5_nbh25	566	35.24911661
at9336_1_chr5	23309805	23376653	chr5_nbh26	354	26.57909605
at9336_1_chr5	23854235	23868390	chr5_nbh27	159	11.67295597
at9336_1_chr5	25056490	25074088	chr5_nbh30	189	41.41798942
at9336_1_chr5	26882474	26888412	chr5_nbh31	108	30.23148148
at9336_1_chr5	27639008	27655094	chr5_nbh32	214	16.31308411
at9336_1_chr5	29398108	29408699	chr5_nbh33	138	39.64492754
at9336_1_chr5	30720529	30867167	chr5_nbh34	324	16.5308642
at9503_1_chr1	3135949	3141116	chr1_nbh01	28	11.75
at9503_1_chr1	3643516	3649674	chr1_nbh02	144	19.79166667
at9503_1_chr1	4132868	4184134	chr1_nbh03	317	38.7192429
at9503_1_chr1	5445900	5476402	chr1_nbh04	220	24.65909091
at9503_1_chr1	6020282	6033602	chr1_nbh05	316	14.41772152
at9503_1_chr1	9285589	9303548	chr1_nbh06	521	29.52015355
at9503_1_chr1	11117694	11154242	chr1_nbh07	183	15.46994536
at9503_1_chr1	11984566	12011793	chr1_nbh10	162	13.61728395
at9503_1_chr1	20329356	20338457	chr1_nbh17	128	47.8203125
at9503_1_chr1	20733087	20763307	chr1_nbh18	136	9.580882353
at9503_1_chr1	20820378	20831787	chr1_nbh19	84	16.20238095
at9503_1_chr1	21344441	21350721	chr1_nbh20	76	46.5
at9503_1_chr1	21429356	21434704	chr1_nbh21	64	47.671875
at9503_1_chr1	21621068	21631615	chr1_nbh22	152	17.84210526
at9503_1_chr1	22867881	22901372	chr1_nbh25	652	24.20858896
at9503_1_chr1	23044559	23135250	chr1_nbh26	250	16.248
at9503_1_chr1	23419473	23660312	chr1_nbh28	724	41.28867403
at9503_1_chr1	23875877	23902802	chr1_nbh30	26	17.76923077
at9503_1_chr1	24208480	24316898	chr1_nbh32	662	15.07401813
at9503_1_chr1	24798757	24825036	chr1_nbh34	26	14.73076923
at9503_1_chr1	24861258	25211678	chr1_nbh35	811	13.02589396
at9503_1_chr1	25341694	25447881	chr1_nbh36	1089	19.68595041
at9503_1_chr1	26028546	26046376	chr1_nbh39	98	15.08163265
at9503_1_chr1	26333431	26342819	chr1_nbh41	152	26.73684211
at9503_1_chr1	27877124	27905887	chr1_nbh42	240	26.55416667
at9503_1_chr1	29158857	29198662	chr1_nbh43	957	12.60292581
at9503_1_chr2	1021848	1889897	chr2_nbh01	58	9
at9503_1_chr2	8464361	8564178	chr2_nbh04	197	17.63451777
at9503_1_chr2	9857687	10001654	chr2_nbh05	370	20.47837838
at9503_1_chr2	11274428	11279856	chr2_nbh06	66	31.8030303
at9503_1_chr2	12976956	12993309	chr2_nbh07	466	38.50643777
at9503_1_chr2	14349592	14361466	chr2_nbh09	169	13.95266272
at9503_1_chr3	987070	999231	chr3_nbh01	124	15.74193548
at9503_1_chr3	1110877	1122649	chr3_nbh02	248	15.12903226
at9503_1_chr3	2237538	2248207	chr3_nbh03	160	12.9125
at9503_1_chr3	4877128	4892726	chr3_nbh04	456	31.3245614
at9503_1_chr3	5336000	5339645	chr3_nbh05	90	13.51111111
at9503_1_chr3	9284186	9299392	chr3_nbh06	223	22.28699552
at9503_1_chr3	9715538	9721614	chr3_nbh07	98	21.91836735
at9503_1_chr3	11349506	11511909	chr3_nbh08	103	17.90291262
at9503_1_chr3	20225083	20398587	chr3_nbh09	250	12.168
at9503_1_chr3	20601648	20912753	chr3_nbh12	1287	21.46853147
at9503_1_chr3	21687526	21796881	chr3_nbh13	470	18.79361702
at9503_1_chr3	23293737	23344591	chr3_nbh15	378	33.3994709
at9503_1_chr3	23533683	23539864	chr3_nbh16	212	42.5
at9503_1_chr3	23718023	23732369	chr3_nbh17	365	22.63835616
at9503_1_chr4	9566106	9592165	chr4_nbh04	166	21.53012048
at9503_1_chr4	10145781	10191376	chr4_nbh06	107	11.64485981
at9503_1_chr4	10829642	10850700	chr4_nbh07	104	12.81730769
at9503_1_chr4	11019090	11031882	chr4_nbh08	168	14.69642857
at9503_1_chr4	11412021	11451201	chr4_nbh10	550	34.17454545
at9503_1_chr4	12556053	12664732	chr4_nbh11	319	24.18808777
at9503_1_chr4	13745379	13888270	chr4_nbh12	1212	28.88283828
at9503_1_chr4	14670254	14704924	chr4_nbh13	623	35.55537721
at9503_1_chr4	14816819	14895039	chr4_nbh14	1386	22.5988456
at9503_1_chr4	15029618	15044914	chr4_nbh15	223	11.25560538
at9503_1_chr4	16441209	16486167	chr4_nbh17	310	44.13225806
at9503_1_chr4	17433125	17441016	chr4_nbh18	221	20.07692308
at9503_1_chr4	17903058	17912046	chr4_nbh19	152	41.13815789
at9503_1_chr4	20308966	20321347	chr4_nbh20	175	28.4
at9503_1_chr4	21349646	21370097	chr4_nbh21	425	33.20470588
at9503_1_chr5	1383769	1396528	chr5_nbh01	144	17.63888889
at9503_1_chr5	3601764	3611823	chr5_nbh03	168	34.89880952
at9503_1_chr5	3937194	3949492	chr5_nbh04	260	16.85769231
at9503_1_chr5	5912471	6004524	chr5_nbh06	458	21.82751092
at9503_1_chr5	6087831	6109167	chr5_nbh07	584	16.21232877
at9503_1_chr5	7559441	7568759	chr5_nbh08	210	33.43809524
at9503_1_chr5	19024003	19074438	chr5_nbh11	202	17.2029703
at9503_1_chr5	19231757	19239373	chr5_nbh12	176	21.57386364
at9503_1_chr5	19719800	19746340	chr5_nbh13	386	27.66321244
at9503_1_chr5	20054071	20103187	chr5_nbh14	552	38.48369565
at9503_1_chr5	20314185	20342785	chr5_nbh15	196	14.42857143
at9503_1_chr5	20380276	20479488	chr5_nbh16	172	13.94186047
at9503_1_chr5	20814247	20850053	chr5_nbh17	198	29.62626263
at9503_1_chr5	21145291	21173580	chr5_nbh18	219	13.0456621
at9503_1_chr5	21251555	21269456	chr5_nbh19	327	21.99388379
at9503_1_chr5	21610784	21625995	chr5_nbh20	154	66.81168831
at9503_1_chr5	21783849	21881542	chr5_nbh21	915	21.24590164
at9503_1_chr5	21932694	22003186	chr5_nbh22	1544	16.90608808
at9503_1_chr5	22063202	22160802	chr5_nbh23	1070	24.46168224
at9503_1_chr5	22440209	22463936	chr5_nbh24	461	39.71583514
at9503_1_chr5	22526437	22556395	chr5_nbh25	472	37.39618644
at9503_1_chr5	22859493	22927816	chr5_nbh26	376	37.12234043
at9503_1_chr5	23396644	23415637	chr5_nbh27	334	19.26646707
at9503_1_chr5	23450726	23472828	chr5_nbh28	282	18.4929078
at9503_1_chr5	23602502	23613015	chr5_nbh29	152	14.13815789
at9503_1_chr5	26419864	26425801	chr5_nbh31	106	30.01886792
at9503_1_chr5	27183662	27199803	chr5_nbh32	202	11.62871287
at9503_1_chr5	28944480	28955072	chr5_nbh33	136	42.71323529
at9503_1_chr5	30233086	30375862	chr5_nbh34	467	15.97002141
at9578_1_chr1	3117595	3122371	chr1_nbh01	30	14.4
at9578_1_chr1	3626649	3632807	chr1_nbh02	138	13.42028986
at9578_1_chr1	4126846	4187321	chr1_nbh03	454	32.49559471
at9578_1_chr1	5457501	5488328	chr1_nbh04	188	42.94680851
at9578_1_chr1	6035902	6049195	chr1_nbh05	324	13.12962963
at9578_1_chr1	9299118	9316384	chr1_nbh06	534	25.20224719
at9578_1_chr1	11142192	11181137	chr1_nbh07	198	12.96969697
at9578_1_chr1	12020282	12047506	chr1_nbh10	162	10.67283951
at9578_1_chr1	12360638	12433356	chr1_nbh12	134	78.17910448
at9578_1_chr1	21580422	21589381	chr1_nbh17	116	31.56896552
at9578_1_chr1	22074380	22099738	chr1_nbh19	84	14.29761905
at9578_1_chr1	22609298	22617853	chr1_nbh20	74	23.94594595
at9578_1_chr1	22702156	22707500	chr1_nbh21	54	15.05555556
at9578_1_chr1	22914734	22925321	chr1_nbh22	150	12.62666667
at9578_1_chr1	24200891	24226560	chr1_nbh25	268	12.7761194
at9578_1_chr1	24359408	24445772	chr1_nbh26	216	15.70833333
at9578_1_chr1	24674519	24717715	chr1_nbh27	225	14.27111111
at9578_1_chr1	24725574	24956500	chr1_nbh28	445	13.89438202
at9578_1_chr1	25185075	25214808	chr1_nbh30	28	17.25
at9578_1_chr1	25506301	25598974	chr1_nbh32	478	14.95188285
at9578_1_chr1	26148595	26482961	chr1_nbh35	330	11.23939394
at9578_1_chr1	26611288	26712002	chr1_nbh36	944	19.86122881
at9578_1_chr1	26751884	26770254	chr1_nbh37	162	11.61111111
at9578_1_chr1	27263107	27280980	chr1_nbh39	94	16.44680851
at9578_1_chr1	27466284	27473922	chr1_nbh40	140	16.40714286
at9578_1_chr1	27567251	27576615	chr1_nbh41	104	16.50961538
at9578_1_chr1	29100779	29129097	chr1_nbh42	240	12.8
at9578_1_chr1	30363083	30394740	chr1_nbh43	718	12.32590529
at9578_1_chr2	1168649	2107684	chr2_nbh01	60	77.25
at9578_1_chr2	7178617	7437067	chr2_nbh03	94	13.90425532
at9578_1_chr2	7798966	7919160	chr2_nbh04	192	12.23958333
at9578_1_chr2	9265018	9408912	chr2_nbh05	297	19.83838384
at9578_1_chr2	10691162	10696196	chr2_nbh06	44	13.5
at9578_1_chr2	12375468	12391768	chr2_nbh07	460	33.3673913
at9578_1_chr2	13798096	13809932	chr2_nbh09	236	18.98728814
at9578_1_chr3	983044	995205	chr3_nbh01	156	16.05128205
at9578_1_chr3	1107057	1118901	chr3_nbh02	260	13.15
at9578_1_chr3	2233824	2244459	chr3_nbh03	166	15.24096386
at9578_1_chr3	4853360	4868939	chr3_nbh04	400	27.405
at9578_1_chr3	5334439	5338084	chr3_nbh05	90	14.55555556
at9578_1_chr3	9312679	9327943	chr3_nbh06	244	16.76229508
at9578_1_chr3	9731491	9737555	chr3_nbh07	98	18.39795918
at9578_1_chr3	11374203	11512534	chr3_nbh08	98	28.42857143
at9578_1_chr3	18474117	18644535	chr3_nbh09	250	11.676
at9578_1_chr3	18900436	19227620	chr3_nbh12	1782	16.62738496
at9578_1_chr3	20042479	20162841	chr3_nbh13	492	15.13617886
at9578_1_chr3	21669679	21694749	chr3_nbh15	146	9.664383562
at9578_1_chr3	21885008	21891184	chr3_nbh16	196	39.33163265
at9578_1_chr3	22070082	22084420	chr3_nbh17	367	15.4386921
at9578_1_chr4	10379420	10408022	chr4_nbh04	165	24.43636364
at9578_1_chr4	11052259	11096885	chr4_nbh06	311	11.81350482
at9578_1_chr4	12018050	12036296	chr4_nbh09	130	10.31538462
at9578_1_chr4	12335758	12369352	chr4_nbh10	512	43.875
at9578_1_chr4	13465954	13572709	chr4_nbh11	312	14.37820513
at9578_1_chr4	14630702	14913228	chr4_nbh12	3535	58.72984441
at9578_1_chr4	15695391	15728941	chr4_nbh13	348	33.60057471
at9578_1_chr4	15853386	15921451	chr4_nbh14	1593	22.37978657
at9578_1_chr4	16060465	16082726	chr4_nbh15	164	10.68292683
at9578_1_chr4	16836849	16853395	chr4_nbh16	176	13.35227273
at9578_1_chr4	17427912	17480820	chr4_nbh17	414	29.21014493
at9578_1_chr4	18430043	18437935	chr4_nbh18	218	24.67889908
at9578_1_chr4	18824115	18845075	chr4_nbh19	260	14.95384615
at9578_1_chr4	21247428	21259729	chr4_nbh20	205	19.8195122
at9578_1_chr4	22297143	22316841	chr4_nbh21	436	14.13073394
at9578_1_chr5	1366968	1379977	chr5_nbh01	144	15.65277778
at9578_1_chr5	1601291	1615908	chr5_nbh02	177	18
at9578_1_chr5	3620259	3630310	chr5_nbh03	168	45.6547619
at9578_1_chr5	5852573	5861905	chr5_nbh05	168	21.75
at9578_1_chr5	5936828	6018773	chr5_nbh06	359	17.20334262
at9578_1_chr5	6101993	6123269	chr5_nbh07	581	13.52495697
at9578_1_chr5	7559509	7568110	chr5_nbh08	202	27.41089109
at9578_1_chr5	18351941	18404889	chr5_nbh11	344	13.84302326
at9578_1_chr5	18562222	18569838	chr5_nbh12	164	17.32926829
at9578_1_chr5	19122848	19147638	chr5_nbh13	310	20.62580645
at9578_1_chr5	19473793	19521620	chr5_nbh14	550	15.05090909
at9578_1_chr5	19739499	19760241	chr5_nbh15	348	12.38218391
at9578_1_chr5	19797481	19896204	chr5_nbh16	392	12.50765306
at9578_1_chr5	20234994	20268143	chr5_nbh17	198	24.22222222
at9578_1_chr5	20560948	20608713	chr5_nbh18	558	13.09318996
at9578_1_chr5	20705031	20722075	chr5_nbh19	228	18.80701754
at9578_1_chr5	21067925	21083450	chr5_nbh20	154	66.66883117
at9578_1_chr5	21243403	21361359	chr5_nbh21	949	24.29399368
at9578_1_chr5	21414019	21491328	chr5_nbh22	1543	15.52754375
at9578_1_chr5	21551188	21642783	chr5_nbh23	471	12.7940552
at9578_1_chr5	21927152	21945158	chr5_nbh24	365	15.07945205
at9578_1_chr5	22007381	22048676	chr5_nbh25	620	35.63225806
at9578_1_chr5	22346520	22412690	chr5_nbh26	352	19.40340909
at9578_1_chr5	22876820	22890867	chr5_nbh27	174	12.16091954
at9578_1_chr5	23072724	23083166	chr5_nbh29	152	12.96710526
at9578_1_chr5	25921563	25927500	chr5_nbh31	102	31.71568627
at9578_1_chr5	26670881	26687131	chr5_nbh32	214	13.71962617
at9578_1_chr5	28447192	28457727	chr5_nbh33	134	29.57462687
at9578_1_chr5	29761115	29900330	chr5_nbh34	327	14.81039755
at9744_1_chr1	3122004	3127167	chr1_nbh01	28	12.14285714
at9744_1_chr1	3635398	3641559	chr1_nbh02	136	20.43382353
at9744_1_chr1	4125484	4174477	chr1_nbh03	378	28.7010582
at9744_1_chr1	5447066	5477474	chr1_nbh04	192	27.80729167
at9744_1_chr1	6034004	6047315	chr1_nbh05	322	14.22670807
at9744_1_chr1	9295679	9313463	chr1_nbh06	523	21.93499044
at9744_1_chr1	11093780	11143137	chr1_nbh07	208	13.08173077
at9744_1_chr1	12005382	12031090	chr1_nbh10	160	12.5
at9744_1_chr1	18963742	19012257	chr1_nbh15	193	12.87046632
at9744_1_chr1	19655081	19682759	chr1_nbh16	75	11.52
at9744_1_chr1	20916285	20925480	chr1_nbh17	122	45.99180328
at9744_1_chr1	21306731	21335678	chr1_nbh18	120	11.49166667
at9744_1_chr1	21397905	21423487	chr1_nbh19	82	17.03658537
at9744_1_chr1	21928761	21934729	chr1_nbh20	74	27.22972973
at9744_1_chr1	22023549	22028895	chr1_nbh21	54	12.12962963
at9744_1_chr1	22213752	22224314	chr1_nbh22	152	23.26973684
at9744_1_chr1	23503291	23557982	chr1_nbh25	598	13.11538462
at9744_1_chr1	23691272	23769378	chr1_nbh26	229	12.66375546
at9744_1_chr1	24000093	24043405	chr1_nbh27	130	15.86923077
at9744_1_chr1	24051344	24301974	chr1_nbh28	759	14.99209486
at9744_1_chr1	24987473	25083665	chr1_nbh32	316	18.75632911
at9744_1_chr1	25616608	26067520	chr1_nbh35	644	49.80745342
at9744_1_chr1	26196198	26302440	chr1_nbh36	1004	20.77988048
at9744_1_chr1	26342384	26360785	chr1_nbh37	150	13.03333333
at9744_1_chr1	26854719	26872513	chr1_nbh39	93	15.94623656
at9744_1_chr1	27063158	27070837	chr1_nbh40	142	17.5915493
at9744_1_chr1	27166027	27174048	chr1_nbh41	84	11.96428571
at9744_1_chr1	28703169	28731088	chr1_nbh42	237	14.46835443
at9744_1_chr1	29975515	30013786	chr1_nbh43	1131	14.15649867
at9744_1_chr2	1096533	1965335	chr2_nbh01	58	7.551724138
at9744_1_chr2	7007466	7130112	chr2_nbh04	196	17.87755102
at9744_1_chr2	8376161	8511890	chr2_nbh05	385	23.04675325
at9744_1_chr2	9793911	9798989	chr2_nbh06	44	12.90909091
at9744_1_chr3	999248	1014667	chr3_nbh01	196	15.23469388
at9744_1_chr3	1122238	1134066	chr3_nbh02	278	12
at9744_1_chr3	2239653	2250331	chr3_nbh03	166	14.1686747
at9744_1_chr3	4864620	4880200	chr3_nbh04	392	29.73469388
at9744_1_chr3	5330121	5333766	chr3_nbh05	90	20.48888889
at9744_1_chr3	9295259	9310495	chr3_nbh06	234	15.85042735
at9744_1_chr3	9730949	9737023	chr3_nbh07	98	24.7244898
at9744_1_chr3	11343124	11485735	chr3_nbh08	166	38.96385542
at9744_1_chr3	19626116	19994694	chr3_nbh12	1218	66.27832512
at9744_1_chr3	20799380	20909247	chr3_nbh13	504	14.23809524
at9744_1_chr3	21851359	22087214	chr3_nbh14	86	20.93023256
at9744_1_chr3	22465274	22491258	chr3_nbh15	178	12.74719101
at9744_1_chr3	22675968	22682154	chr3_nbh16	202	51.08910891
at9744_1_chr3	22861230	22875556	chr3_nbh17	365	19.55068493
at9744_1_chr4	10188222	10214002	chr4_nbh04	165	29.36363636
at9744_1_chr4	10827062	10870194	chr4_nbh06	297	14.43771044
at9744_1_chr4	11489144	11511424	chr4_nbh07	106	14.71698113
at9744_1_chr4	11679945	11694531	chr4_nbh08	166	13.92168675
at9744_1_chr4	11768924	11791378	chr4_nbh09	130	9.307692308
at9744_1_chr4	12065358	12107551	chr4_nbh10	508	41.71653543
at9744_1_chr4	13180543	13288149	chr4_nbh11	318	19.31761006
at9744_1_chr4	14380318	14561809	chr4_nbh12	1739	40.74065555
at9744_1_chr4	15334750	15366689	chr4_nbh13	368	35.24728261
at9744_1_chr4	15485315	15549776	chr4_nbh14	991	16.93743693
at9744_1_chr4	15680534	15706117	chr4_nbh15	164	10.20731707
at9744_1_chr4	17103307	17149731	chr4_nbh17	410	35.80243902
at9744_1_chr4	18096962	18104852	chr4_nbh18	216	20.5
at9744_1_chr4	18501197	18515264	chr4_nbh19	262	17.22900763
at9744_1_chr4	20927081	20939381	chr4_nbh20	203	25.04926108
at9744_1_chr4	21979751	22000137	chr4_nbh21	453	35.07505519
at9744_1_chr5	1365383	1378550	chr5_nbh01	153	26.03267974
at9744_1_chr5	1599842	1612716	chr5_nbh02	142	20.17605634
at9744_1_chr5	3610873	3621658	chr5_nbh03	168	26.41666667
at9744_1_chr5	5833314	5842647	chr5_nbh05	162	25.64197531
at9744_1_chr5	5913360	6001555	chr5_nbh06	528	27.77462121
at9744_1_chr5	6084970	6106218	chr5_nbh07	420	17.12380952
at9744_1_chr5	7536362	7544967	chr5_nbh08	202	28.2029703
at9744_1_chr5	19339910	19409405	chr5_nbh11	366	14.44808743
at9744_1_chr5	19592679	19600433	chr5_nbh12	170	15.57058824
at9744_1_chr5	20401327	20424510	chr5_nbh13	400	31.085
at9744_1_chr5	20750957	20795434	chr5_nbh14	366	21.52185792
at9744_1_chr5	20996928	21016844	chr5_nbh15	234	15.26495726
at9744_1_chr5	21052986	21153955	chr5_nbh16	206	51.83009709
at9744_1_chr5	21495489	21529944	chr5_nbh17	202	42.51485149
at9744_1_chr5	21815168	21853665	chr5_nbh18	371	12.45552561
at9744_1_chr5	21949081	21966468	chr5_nbh19	300	28.11
at9744_1_chr5	22309700	22325181	chr5_nbh20	161	49.01242236
at9744_1_chr5	22505991	22609632	chr5_nbh21	968	21.52892562
at9744_1_chr5	22660708	22739507	chr5_nbh22	1267	14.49329124
at9744_1_chr5	22799698	22899323	chr5_nbh23	718	18.35933148
at9744_1_chr5	23172357	23189703	chr5_nbh24	375	13.424
at9744_1_chr5	23253211	23282078	chr5_nbh25	582	31.61168385
at9744_1_chr5	23581907	23649732	chr5_nbh26	377	26.57029178
at9744_1_chr5	24106762	24126364	chr5_nbh27	356	24.45224719
at9744_1_chr5	24161795	24183894	chr5_nbh28	282	23.11347518
at9744_1_chr5	24314833	24327702	chr5_nbh29	152	13.77631579
at9744_1_chr5	25324349	25342083	chr5_nbh30	211	45.51658768
at9744_1_chr5	27116598	27122536	chr5_nbh31	106	26.20754717
at9744_1_chr5	27876583	27892820	chr5_nbh32	229	13.71615721
at9744_1_chr5	29644202	29654737	chr5_nbh33	132	39.57575758
at9744_1_chr5	30943519	31086225	chr5_nbh34	464	17.93103448
at9762_1_chr1	3151319	3156480	chr1_nbh01	28	13.28571429
at9762_1_chr1	3666692	3672847	chr1_nbh02	134	14.1641791
at9762_1_chr1	4167172	4220491	chr1_nbh03	468	33.86538462
at9762_1_chr1	5481412	5511836	chr1_nbh04	186	34.01075269
at9762_1_chr1	6055279	6069115	chr1_nbh05	320	15.415625
at9762_1_chr1	9314179	9336570	chr1_nbh06	242	22.33057851
at9762_1_chr1	11275982	11317855	chr1_nbh07	204	14.92156863
at9762_1_chr1	20804042	20872246	chr1_nbh14	90	18.55555556
at9762_1_chr1	22915842	22934281	chr1_nbh17	124	61.80645161
at9762_1_chr1	23964320	23973204	chr1_nbh20	74	24.68918919
at9762_1_chr1	24059313	24064641	chr1_nbh21	54	45.2037037
at9762_1_chr1	24249407	24264963	chr1_nbh22	152	25.13815789
at9762_1_chr1	25535213	25581441	chr1_nbh25	830	12.5253012
at9762_1_chr1	25709275	25795494	chr1_nbh26	288	18.26041667
at9762_1_chr1	26033517	26080460	chr1_nbh27	130	14.9
at9762_1_chr1	26088303	26321784	chr1_nbh28	338	12.92899408
at9762_1_chr1	26380380	26395617	chr1_nbh29	146	15.69863014
at9762_1_chr1	26552777	26583909	chr1_nbh30	28	42.46428571
at9762_1_chr1	26882164	26985177	chr1_nbh32	619	16.80613893
at9762_1_chr1	27539840	27881153	chr1_nbh35	638	13.71003135
at9762_1_chr1	28010937	28103026	chr1_nbh36	762	22.71391076
at9762_1_chr1	28146247	28164622	chr1_nbh37	164	11.31097561
at9762_1_chr1	28676225	28694895	chr1_nbh39	88	14.23863636
at9762_1_chr1	28880578	28888269	chr1_nbh40	140	17.11428571
at9762_1_chr1	30519137	30547304	chr1_nbh42	239	13.81589958
at9762_1_chr1	31818469	31856955	chr1_nbh43	1125	12.54577778
at9762_1_chr2	1292804	2107796	chr2_nbh01	64	10.25
at9762_1_chr2	8401045	8663068	chr2_nbh03	95	17.41052632
at9762_1_chr2	8985712	9138347	chr2_nbh04	208	23.48076923
at9762_1_chr2	10383208	10522835	chr2_nbh05	289	15.83737024
at9762_1_chr2	11817691	11822791	chr2_nbh06	46	12.43478261
at9762_1_chr3	989612	1008766	chr3_nbh01	348	14.16091954
at9762_1_chr3	1121815	1133401	chr3_nbh02	258	12.57751938
at9762_1_chr3	4932620	4947656	chr3_nbh04	400	31.775
at9762_1_chr3	5381823	5385467	chr3_nbh05	90	12.92222222
at9762_1_chr3	9340106	9355376	chr3_nbh06	224	21.37053571
at9762_1_chr3	9762376	9768454	chr3_nbh07	94	15.78723404
at9762_1_chr3	19314561	19414672	chr3_nbh10	200	27.065
at9762_1_chr3	19487671	19599390	chr3_nbh11	384	13.0625
at9762_1_chr3	19641532	19914435	chr3_nbh12	994	14.91146881
at9762_1_chr3	20900219	21011033	chr3_nbh13	498	17.22289157
at9762_1_chr3	21926556	22170126	chr3_nbh14	92	25.04347826
at9762_1_chr3	22551466	22579000	chr3_nbh15	190	16.04210526
at9762_1_chr3	22757039	22767121	chr3_nbh16	210	50.48571429
at9762_1_chr3	22947038	22961383	chr3_nbh17	359	19.93871866
at9762_1_chr4	9936518	9962713	chr4_nbh04	167	46.34730539
at9762_1_chr4	11187687	11208324	chr4_nbh07	104	13.19230769
at9762_1_chr4	11368473	11381259	chr4_nbh08	163	14.11656442
at9762_1_chr4	11467269	11485615	chr4_nbh09	130	9.407692308
at9762_1_chr4	11771758	11806509	chr4_nbh10	555	43.35135135
at9762_1_chr4	12856079	12968393	chr4_nbh11	320	17.2
at9762_1_chr4	14043185	14312856	chr4_nbh12	1890	26.25502646
at9762_1_chr4	15082411	15136859	chr4_nbh13	708	31.81214689
at9762_1_chr4	15282603	15333682	chr4_nbh14	896	15.82589286
at9762_1_chr4	15468536	15483646	chr4_nbh15	164	10.92073171
at9762_1_chr4	16906243	16950277	chr4_nbh17	414	31.49758454
at9762_1_chr4	17925307	17933200	chr4_nbh18	216	22.82407407
at9762_1_chr4	18453555	18467639	chr4_nbh19	324	15.42901235
at9762_1_chr4	20928931	20939127	chr4_nbh20	181	23.14917127
at9762_1_chr4	21972144	21998753	chr4_nbh21	522	28.81226054
at9762_1_chr5	1363288	1376029	chr5_nbh01	148	24.86486486
at9762_1_chr5	5899587	5908906	chr5_nbh05	162	18.01851852
at9762_1_chr5	5982980	6066517	chr5_nbh06	542	20.26568266
at9762_1_chr5	6149887	6164930	chr5_nbh07	348	14.87643678
at9762_1_chr5	7630005	7640238	chr5_nbh08	184	39.69565217
at9762_1_chr5	18956515	18984437	chr5_nbh10	190	21.02105263
at9762_1_chr5	19769847	19831636	chr5_nbh11	356	14.89606742
at9762_1_chr5	20003957	20011741	chr5_nbh12	170	22.88823529
at9762_1_chr5	20555951	20580825	chr5_nbh13	570	30.62105263
at9762_1_chr5	20911229	20952182	chr5_nbh14	376	50.10106383
at9762_1_chr5	21151593	21171481	chr5_nbh15	338	14.06804734
at9762_1_chr5	21210018	21295122	chr5_nbh16	186	13.14516129
at9762_1_chr5	21629998	21664514	chr5_nbh17	193	37.34715026
at9762_1_chr5	21973203	22001330	chr5_nbh18	392	16.46938776
at9762_1_chr5	22081666	22099010	chr5_nbh19	240	25.53333333
at9762_1_chr5	22437322	22452751	chr5_nbh20	111	47.89189189
at9762_1_chr5	22615035	22714719	chr5_nbh21	1018	19.9459725
at9762_1_chr5	22765769	22843996	chr5_nbh22	1451	16.25086147
at9762_1_chr5	22904176	22951632	chr5_nbh23	663	19.0346908
at9762_1_chr5	23232153	23250095	chr5_nbh24	351	12.6980057
at9762_1_chr5	23314505	23343927	chr5_nbh25	648	26.82098765
at9762_1_chr5	23639066	23708695	chr5_nbh26	381	21.69028871
at9762_1_chr5	24137071	24159077	chr5_nbh27	334	18.24550898
at9762_1_chr5	27149811	27155802	chr5_nbh31	104	20.04807692
at9762_1_chr5	27906412	27922478	chr5_nbh32	218	11.38073394
at9762_1_chr5	29749167	29759677	chr5_nbh33	134	29.41791045
at9762_1_chr5	31092734	31235850	chr5_nbh34	457	15.69584245
at9806_1_chr1	3141269	3146050	chr1_nbh01	30	12.46666667
at9806_1_chr1	3657776	3663937	chr1_nbh02	144	15.875
at9806_1_chr1	4145998	4197805	chr1_nbh03	476	38.94117647
at9806_1_chr1	6034816	6048110	chr1_nbh05	324	13.95987654
at9806_1_chr1	9290499	9307760	chr1_nbh06	480	18.10208333
at9806_1_chr1	11115186	11163061	chr1_nbh07	211	12.31279621
at9806_1_chr1	12052990	12080841	chr1_nbh10	161	14.90062112
at9806_1_chr1	23244431	23273387	chr1_nbh18	120	9.183333333
at9806_1_chr1	23334773	23353303	chr1_nbh19	82	15.01219512
at9806_1_chr1	23855531	23864432	chr1_nbh20	74	32.47297297
at9806_1_chr1	23946978	23952321	chr1_nbh21	54	42.12962963
at9806_1_chr1	24134847	24145435	chr1_nbh22	152	17.92763158
at9806_1_chr1	25396989	25425846	chr1_nbh25	370	13.14324324
at9806_1_chr1	25569553	25657697	chr1_nbh26	256	13.72265625
at9806_1_chr1	25906186	25957309	chr1_nbh27	124	12.06451613
at9806_1_chr1	25969401	26154346	chr1_nbh28	438	16.33105023
at9806_1_chr1	26214706	26231474	chr1_nbh29	100	16.57
at9806_1_chr1	26378422	26405711	chr1_nbh30	28	14.5
at9806_1_chr1	26700051	26715556	chr1_nbh31	50	14.12
at9806_1_chr1	26727481	26832684	chr1_nbh32	625	15.6512
at9806_1_chr1	27361472	27718928	chr1_nbh35	465	14.35913978
at9806_1_chr1	27853462	27951249	chr1_nbh36	1044	19.09482759
at9806_1_chr1	27991285	28009637	chr1_nbh37	162	10.75308642
at9806_1_chr1	28522668	28539925	chr1_nbh39	95	14.33684211
at9806_1_chr1	28727595	28735196	chr1_nbh40	136	14.22794118
at9806_1_chr1	28828168	28837559	chr1_nbh41	140	35.06428571
at9806_1_chr1	30382667	30414483	chr1_nbh42	186	20.7688172
at9806_1_chr1	31646267	31682831	chr1_nbh43	834	11.70383693
at9806_1_chr2	1018720	1895475	chr2_nbh01	94	9.638297872
at9806_1_chr2	8318041	8438242	chr2_nbh04	192	17.66666667
at9806_1_chr2	9788380	9926498	chr2_nbh05	371	21.06469003
at9806_1_chr2	11199605	11204672	chr2_nbh06	44	14.52272727
at9806_1_chr3	983852	996030	chr3_nbh01	156	15.12820513
at9806_1_chr3	1104024	1115863	chr3_nbh02	250	14.968
at9806_1_chr3	2233238	2243877	chr3_nbh03	162	13.74691358
at9806_1_chr3	4839948	4855511	chr3_nbh04	597	34.09045226
at9806_1_chr3	5295374	5299019	chr3_nbh05	90	14.27777778
at9806_1_chr3	9240306	9255513	chr3_nbh06	245	22.82040816
at9806_1_chr3	9662304	9669457	chr3_nbh07	96	23.95833333
at9806_1_chr3	11255365	11407566	chr3_nbh08	156	39.74358974
at9806_1_chr3	19926274	20228986	chr3_nbh12	1100	50.90454545
at9806_1_chr3	21003060	21117816	chr3_nbh13	498	14.32329317
at9806_1_chr3	22003891	22245299	chr3_nbh14	100	16.17
at9806_1_chr3	22617137	22642479	chr3_nbh15	200	13.995
at9806_1_chr3	22826694	22832876	chr3_nbh16	204	46.94117647
at9806_1_chr3	23010327	23024653	chr3_nbh17	417	17.30695444
at9806_1_chr4	9597231	9622707	chr4_nbh04	161	32.32919255
at9806_1_chr4	10183681	10223320	chr4_nbh06	277	16.36462094
at9806_1_chr4	11077137	11092354	chr4_nbh08	162	12.16049383
at9806_1_chr4	11177424	11197873	chr4_nbh09	128	10.359375
at9806_1_chr4	11488197	11523818	chr4_nbh10	532	52.67481203
at9806_1_chr4	12600562	12717214	chr4_nbh11	168	20.9702381
at9806_1_chr4	13816399	14078805	chr4_nbh12	2816	26.38210227
at9806_1_chr4	14843367	14878059	chr4_nbh13	481	37.14553015
at9806_1_chr4	14990241	15057184	chr4_nbh14	1359	23.23252391
at9806_1_chr4	15189955	15205076	chr4_nbh15	164	9.079268293
at9806_1_chr4	16617023	16663146	chr4_nbh17	346	42.8150289
at9806_1_chr4	17606941	17614834	chr4_nbh18	216	21.89814815
at9806_1_chr4	18010746	18031706	chr4_nbh19	260	19.63846154
at9806_1_chr4	20425761	20437731	chr4_nbh20	197	27.25888325
at9806_1_chr4	21467128	21487503	chr4_nbh21	451	36.22616408
at9806_1_chr5	1359190	1372200	chr5_nbh01	152	22.98026316
at9806_1_chr5	3582740	3593630	chr5_nbh03	164	45.04268293
at9806_1_chr5	5802923	5812250	chr5_nbh05	156	16.16025641
at9806_1_chr5	5886265	5970817	chr5_nbh06	604	20.63576159
at9806_1_chr5	6055264	6070314	chr5_nbh07	328	14.46341463
at9806_1_chr5	7512161	7521801	chr5_nbh08	190	35.46315789
at9806_1_chr5	15617111	15641251	chr5_nbh09	214	21.27570093
at9806_1_chr5	16626706	16645452	chr5_nbh10	186	39.35483871
at9806_1_chr5	17374293	17430826	chr5_nbh11	252	14.82142857
at9806_1_chr5	17604148	17620395	chr5_nbh12	186	35.04301075
at9806_1_chr5	18103072	18127752	chr5_nbh13	372	27.12903226
at9806_1_chr5	18444295	18485230	chr5_nbh14	390	44.11794872
at9806_1_chr5	18689497	18709462	chr5_nbh15	364	15.1043956
at9806_1_chr5	18750197	18853249	chr5_nbh16	380	10.58947368
at9806_1_chr5	19197885	19232743	chr5_nbh17	197	42.32994924
at9806_1_chr5	19525902	19553247	chr5_nbh18	336	12.03571429
at9806_1_chr5	19635260	19652499	chr5_nbh19	243	28.54320988
at9806_1_chr5	19986504	20001720	chr5_nbh20	166	56.06024096
at9806_1_chr5	20158598	20271427	chr5_nbh21	872	22.00573394
at9806_1_chr5	20323880	20400320	chr5_nbh22	1459	18.24742975
at9806_1_chr5	20463463	20515335	chr5_nbh23	673	21.61069837
at9806_1_chr5	20813318	20831276	chr5_nbh24	377	14.72944297
at9806_1_chr5	20894063	20926773	chr5_nbh25	372	46.67473118
at9806_1_chr5	21222040	21289900	chr5_nbh26	363	21.21212121
at9806_1_chr5	21748247	21763818	chr5_nbh27	194	14.38659794
at9806_1_chr5	22950193	22967788	chr5_nbh30	197	48.78680203
at9806_1_chr5	24739857	24745794	chr5_nbh31	100	43.27
at9806_1_chr5	25487138	25503618	chr5_nbh32	228	14.65350877
at9806_1_chr5	27260624	27271215	chr5_nbh33	138	48.29710145
at9806_1_chr5	28565428	28707890	chr5_nbh34	460	16.18913043
at9830_1_chr1	3133540	3138318	chr1_nbh01	30	14.83333333
at9830_1_chr1	3653558	3659716	chr1_nbh02	142	19.31690141
at9830_1_chr1	4154741	4215217	chr1_nbh03	496	27.58266129
at9830_1_chr1	5469078	5499538	chr1_nbh04	174	30.86206897
at9830_1_chr1	6067497	6080820	chr1_nbh05	326	13.38650307
at9830_1_chr1	9338075	9349446	chr1_nbh06	238	15.49159664
at9830_1_chr1	11195386	11242695	chr1_nbh07	201	13.63681592
at9830_1_chr1	12097094	12124997	chr1_nbh10	159	14.52201258
at9830_1_chr1	12305677	12410532	chr1_nbh12	132	14.15151515
at9830_1_chr1	19930242	19966279	chr1_nbh16	71	12.02816901
at9830_1_chr1	21147913	21156885	chr1_nbh17	122	25.80327869
at9830_1_chr1	21543981	21574147	chr1_nbh18	128	13.3828125
at9830_1_chr1	21633355	21651887	chr1_nbh19	85	60.21176471
at9830_1_chr1	22162775	22171330	chr1_nbh20	74	35.59459459
at9830_1_chr1	22252121	22257456	chr1_nbh21	52	66.32692308
at9830_1_chr1	22454765	22465302	chr1_nbh22	150	25.81333333
at9830_1_chr1	23720640	23776561	chr1_nbh25	653	12.60030628
at9830_1_chr1	23909347	23997911	chr1_nbh26	179	22.0726257
at9830_1_chr1	24249789	24289538	chr1_nbh27	120	15.60833333
at9830_1_chr1	24298010	24506846	chr1_nbh28	330	15.67272727
at9830_1_chr1	24740097	24767503	chr1_nbh30	28	18.21428571
at9830_1_chr1	25132054	25147927	chr1_nbh31	50	16
at9830_1_chr1	25159968	25252483	chr1_nbh32	304	75.07236842
at9830_1_chr1	25786512	26126538	chr1_nbh35	388	15.16494845
at9830_1_chr1	26257553	26351196	chr1_nbh36	988	20.68927126
at9830_1_chr1	26390871	26409300	chr1_nbh37	157	14.78980892
at9830_1_chr1	26921489	26939481	chr1_nbh39	88	15.93181818
at9830_1_chr1	27124232	27131905	chr1_nbh40	140	15.90714286
at9830_1_chr1	27229756	27237910	chr1_nbh41	79	15.78481013
at9830_1_chr1	28772098	28798170	chr1_nbh42	188	14.05851064
at9830_1_chr1	30041679	30102792	chr1_nbh43	1422	19.02672293
at9830_1_chr2	1058871	1932554	chr2_nbh01	60	9.466666667
at9830_1_chr2	7929540	8094280	chr2_nbh04	214	15.6682243
at9830_1_chr2	9332124	9470455	chr2_nbh05	373	19.63270777
at9830_1_chr2	10724894	10729962	chr2_nbh06	44	13.75
at9830_1_chr2	12414999	12431298	chr2_nbh07	457	36.73960613
at9830_1_chr3	994375	1019423	chr3_nbh01	473	16.95983087
at9830_1_chr3	1127400	1139229	chr3_nbh02	257	13.81712062
at9830_1_chr3	4855704	4871291	chr3_nbh04	461	24.21691974
at9830_1_chr3	5318830	5322475	chr3_nbh05	90	19.58888889
at9830_1_chr3	9246821	9261886	chr3_nbh06	149	18.27516779
at9830_1_chr3	9661300	9668454	chr3_nbh07	98	25.74489796
at9830_1_chr3	19415732	19769504	chr3_nbh12	1872	17.07371795
at9830_1_chr3	20545904	20667393	chr3_nbh13	486	18.93621399
at9830_1_chr3	21593639	21836881	chr3_nbh14	86	28.3255814
at9830_1_chr3	22233085	22295552	chr3_nbh15	524	40.82824427
at9830_1_chr3	22473952	22480133	chr3_nbh16	208	50.70673077
at9830_1_chr3	22663321	22677669	chr3_nbh17	365	26.2739726
at9830_1_chr4	8184595	8213333	chr4_nbh04	166	28.80722892
at9830_1_chr4	9677021	9703175	chr4_nbh09	130	10.46153846
at9830_1_chr4	9991791	10025711	chr4_nbh10	514	46.04085603
at9830_1_chr4	11106353	11217915	chr4_nbh11	174	15.98850575
at9830_1_chr4	12338089	12463005	chr4_nbh12	698	16.69484241
at9830_1_chr4	13237722	13272392	chr4_nbh13	447	34.86353468
at9830_1_chr4	13384310	13449117	chr4_nbh14	1173	20.11508951
at9830_1_chr4	13584610	13599874	chr4_nbh15	176	10.36931818
at9830_1_chr4	15015335	15061431	chr4_nbh17	340	39.64705882
at9830_1_chr4	16002182	16010079	chr4_nbh18	214	16.12616822
at9830_1_chr4	16425542	16434541	chr4_nbh19	148	55.28378378
at9830_1_chr4	18838023	18850325	chr4_nbh20	205	17.47804878
at9830_1_chr4	19879785	19900253	chr4_nbh21	410	33.69512195
at9830_1_chr5	1366361	1379370	chr5_nbh01	150	21.66666667
at9830_1_chr5	3587118	3597658	chr5_nbh03	152	36.42105263
at9830_1_chr5	5890072	5966685	chr5_nbh06	388	19.39175258
at9830_1_chr5	6050548	6071783	chr5_nbh07	607	17.63920923
at9830_1_chr5	7522168	7530778	chr5_nbh08	203	23.7044335
at9830_1_chr5	16292516	16316661	chr5_nbh09	214	22.80373832
at9830_1_chr5	17945926	18011272	chr5_nbh11	278	33.8705036
at9830_1_chr5	18187199	18194981	chr5_nbh12	170	19.82941176
at9830_1_chr5	18620468	18644987	chr5_nbh13	287	28.68292683
at9830_1_chr5	18970792	19019692	chr5_nbh14	551	38.40108893
at9830_1_chr5	19220854	19245494	chr5_nbh15	354	13.92937853
at9830_1_chr5	19287597	19387553	chr5_nbh16	303	13.84488449
at9830_1_chr5	19735280	19775441	chr5_nbh17	213	49.88732394
at9830_1_chr5	20069237	20091349	chr5_nbh18	151	12.63576159
at9830_1_chr5	20172716	20184357	chr5_nbh19	153	21.07843137
at9830_1_chr5	20527602	20543109	chr5_nbh20	154	57.48051948
at9830_1_chr5	20701271	20814947	chr5_nbh21	789	23.03041825
at9830_1_chr5	20867688	20939764	chr5_nbh22	1275	16.30039216
at9830_1_chr5	21002863	21061926	chr5_nbh23	334	19.05389222
at9830_1_chr5	21338968	21356318	chr5_nbh24	371	14.08894879
at9830_1_chr5	21420269	21449115	chr5_nbh25	579	32.63903282
at9830_1_chr5	21749325	21817095	chr5_nbh26	357	18.11204482
at9830_1_chr5	22279719	22299055	chr5_nbh27	310	18.32258065
at9830_1_chr5	22335924	22360382	chr5_nbh28	300	23.18
at9830_1_chr5	23507071	23524367	chr5_nbh30	215	21.7627907
at9830_1_chr5	25299944	25305882	chr5_nbh31	100	31.87
at9830_1_chr5	26066445	26082608	chr5_nbh32	212	16.4009434
at9830_1_chr5	27849116	27859646	chr5_nbh33	133	34.31578947
at9830_1_chr5	29141603	29286713	chr5_nbh34	277	18.74729242
at9847_1_chr1	3119948	3125116	chr1_nbh01	28	13.17857143
at9847_1_chr1	3633605	3639765	chr1_nbh02	144	13.44444444
at9847_1_chr1	4122911	4174157	chr1_nbh03	350	36.73142857
at9847_1_chr1	5440753	5471240	chr1_nbh04	174	34.12068966
at9847_1_chr1	6029235	6042568	chr1_nbh05	324	16.7962963
at9847_1_chr1	9298041	9316000	chr1_nbh06	516	29.59883721
at9847_1_chr1	11136530	11173078	chr1_nbh07	179	15.74301676
at9847_1_chr1	12029011	12054764	chr1_nbh10	158	14.76582278
at9847_1_chr1	12278904	12360681	chr1_nbh12	132	13.25757576
at9847_1_chr1	18662836	18691411	chr1_nbh16	73	38.46575342
at9847_1_chr1	19906188	19915167	chr1_nbh17	118	43.01694915
at9847_1_chr1	20386498	20412089	chr1_nbh19	82	15.46341463
at9847_1_chr1	20912996	20918935	chr1_nbh20	74	43.54054054
at9847_1_chr1	21004353	21009677	chr1_nbh21	54	65.92592593
at9847_1_chr1	21189766	21200021	chr1_nbh22	158	31.19620253
at9847_1_chr1	22431535	22492886	chr1_nbh25	658	23.1231003
at9847_1_chr1	22635010	22724426	chr1_nbh26	284	19.5
at9847_1_chr1	22943092	22984821	chr1_nbh27	186	13.47849462
at9847_1_chr1	22996915	23213698	chr1_nbh28	522	15.1532567
at9847_1_chr1	23812201	23910428	chr1_nbh32	477	23.52201258
at9847_1_chr1	24464231	24788641	chr1_nbh35	173	14.29479769
at9847_1_chr1	24917945	25017741	chr1_nbh36	950	21.94
at9847_1_chr1	25059226	25077586	chr1_nbh37	160	19.6
at9847_1_chr1	25582730	25600722	chr1_nbh39	88	14.80681818
at9847_1_chr1	25784341	25791951	chr1_nbh40	14	9.071428571
at9847_1_chr1	25888158	25897548	chr1_nbh41	110	19.26363636
at9847_1_chr1	27425150	27453460	chr1_nbh42	240	16.00416667
at9847_1_chr1	28705157	28743784	chr1_nbh43	970	12.50824742
at9847_1_chr2	882193	1766312	chr2_nbh01	58	8.896551724
at9847_1_chr2	8798372	8944282	chr2_nbh04	190	19.85789474
at9847_1_chr2	10349529	10487342	chr2_nbh05	375	20.376
at9847_1_chr2	11781097	11786174	chr2_nbh06	44	12.88636364
at9847_1_chr2	14883146	14894982	chr2_nbh09	198	17.17171717
at9847_1_chr3	996035	1008196	chr3_nbh01	200	17.375
at9847_1_chr3	1117112	1128958	chr3_nbh02	254	12.93700787
at9847_1_chr3	2267483	2278319	chr3_nbh03	166	13.80120482
at9847_1_chr3	4889440	4905031	chr3_nbh04	465	29.94623656
at9847_1_chr3	5373887	5377532	chr3_nbh05	90	12.88888889
at9847_1_chr3	9358767	9374046	chr3_nbh06	227	22.99559471
at9847_1_chr3	9774605	9780681	chr3_nbh07	98	22.80612245
at9847_1_chr3	11359165	11486029	chr3_nbh08	152	49.35526316
at9847_1_chr3	20315753	20712465	chr3_nbh12	2069	21.8699855
at9847_1_chr3	21505452	21610790	chr3_nbh13	494	15.51821862
at9847_1_chr3	22561040	22809143	chr3_nbh14	90	14.26666667
at9847_1_chr3	23188992	23214977	chr3_nbh15	188	11.80319149
at9847_1_chr3	23394275	23400461	chr3_nbh16	204	45.59803922
at9847_1_chr3	23579446	23593768	chr3_nbh17	363	28.01101928
at9847_1_chr4	8647341	8673829	chr4_nbh04	165	36.02424242
at9847_1_chr4	9177173	9221885	chr4_nbh06	111	15.05405405
at9847_1_chr4	10448512	10493319	chr4_nbh10	678	36.16961652
at9847_1_chr4	11578876	11692557	chr4_nbh11	320	19.81875
at9847_1_chr4	12765230	13008225	chr4_nbh12	3683	28.99565572
at9847_1_chr4	13787776	13822266	chr4_nbh13	346	40.84104046
at9847_1_chr4	13940802	14016757	chr4_nbh14	1108	19.63898917
at9847_1_chr4	14151325	14165676	chr4_nbh15	134	11.24626866
at9847_1_chr4	15763112	15806253	chr4_nbh17	342	39.94152047
at9847_1_chr4	16760612	16768504	chr4_nbh18	218	22.99082569
at9847_1_chr4	17168161	17189121	chr4_nbh19	262	16.2519084
at9847_1_chr4	19605948	19617917	chr4_nbh20	219	26.49315068
at9847_1_chr4	20652121	20672532	chr4_nbh21	433	36.91685912
at9847_1_chr5	1368682	1381692	chr5_nbh01	146	20.56849315
at9847_1_chr5	1603312	1617975	chr5_nbh02	138	15.57971014
at9847_1_chr5	3606818	3617621	chr5_nbh03	166	36.8313253
at9847_1_chr5	5815651	5824983	chr5_nbh05	162	14.5617284
at9847_1_chr5	5900306	5979145	chr5_nbh06	548	34.18613139
at9847_1_chr5	6062599	6083888	chr5_nbh07	524	18.0648855
at9847_1_chr5	7539622	7548915	chr5_nbh08	192	36.83333333
at9847_1_chr5	16713203	16737484	chr5_nbh09	202	20.55445545
at9847_1_chr5	18301439	18353947	chr5_nbh11	202	17.85643564
at9847_1_chr5	18521276	18528891	chr5_nbh12	162	21.48148148
at9847_1_chr5	19016194	19040713	chr5_nbh13	294	28.57823129
at9847_1_chr5	19359918	19408997	chr5_nbh14	575	34.80173913
at9847_1_chr5	19621139	19641097	chr5_nbh15	348	13.6954023
at9847_1_chr5	19691281	19792706	chr5_nbh16	342	15.64619883
at9847_1_chr5	20129491	20163823	chr5_nbh17	217	46.15668203
at9847_1_chr5	20462322	20482491	chr5_nbh18	160	11.81875
at9847_1_chr5	20563647	20580657	chr5_nbh19	292	26.71575342
at9847_1_chr5	20924101	20939317	chr5_nbh20	143	67.71328671
at9847_1_chr5	21096251	21195141	chr5_nbh21	1008	23.27281746
at9847_1_chr5	21247824	21330883	chr5_nbh22	1375	14.84363636
at9847_1_chr5	21392289	21476351	chr5_nbh23	433	17.86143187
at9847_1_chr5	21747977	21765949	chr5_nbh24	381	12.55643045
at9847_1_chr5	21835364	21865023	chr5_nbh25	649	31.09861325
at9847_1_chr5	22167546	22235263	chr5_nbh26	350	24.7
at9847_1_chr5	22696226	22710316	chr5_nbh27	162	11.11111111
at9847_1_chr5	22894771	22905216	chr5_nbh29	30	14.53333333
at9847_1_chr5	23911305	23928913	chr5_nbh30	199	34.4120603
at9847_1_chr5	25717140	25723078	chr5_nbh31	102	34.00980392
at9847_1_chr5	26484794	26501103	chr5_nbh32	224	15.95535714
at9847_1_chr5	28260904	28271496	chr5_nbh33	164	36.63414634
at9847_1_chr5	29551241	29694019	chr5_nbh34	452	17.79867257
at9852_1_chr1	3148661	3153437	chr1_nbh01	30	12.76666667
at9852_1_chr1	3658437	3664598	chr1_nbh02	134	15.7761194
at9852_1_chr1	4146752	4195752	chr1_nbh03	244	21.02459016
at9852_1_chr1	5486321	5520209	chr1_nbh04	194	27.24226804
at9852_1_chr1	6067975	6081285	chr1_nbh05	326	15.14417178
at9852_1_chr1	9335621	9353580	chr1_nbh06	511	17.73385519
at9852_1_chr1	11132927	11183727	chr1_nbh07	201	11.67164179
at9852_1_chr1	12039366	12066573	chr1_nbh10	172	10.63953488
at9852_1_chr1	12290158	12377654	chr1_nbh12	204	21.68137255
at9852_1_chr1	19621896	19725905	chr1_nbh15	195	13.05641026
at9852_1_chr1	20328985	20357580	chr1_nbh16	73	11.50684932
at9852_1_chr1	21569880	21578981	chr1_nbh17	124	40.41129032
at9852_1_chr1	22569629	22575930	chr1_nbh20	76	20.38157895
at9852_1_chr1	22656847	22662183	chr1_nbh21	54	51.83333333
at9852_1_chr1	22850725	22860978	chr1_nbh22	152	17.25
at9852_1_chr1	24119759	24165629	chr1_nbh25	868	23.70852535
at9852_1_chr1	24304282	24389167	chr1_nbh26	242	11.42561983
at9852_1_chr1	24611456	24657983	chr1_nbh27	239	12.93723849
at9852_1_chr1	24665855	24887162	chr1_nbh28	690	14.31304348
at9852_1_chr1	25098667	25133188	chr1_nbh30	28	18.39285714
at9852_1_chr1	25416640	25503173	chr1_nbh32	445	15.21348315
at9852_1_chr1	26049762	26366009	chr1_nbh35	163	14.28220859
at9852_1_chr1	26496530	26603880	chr1_nbh36	1204	19.52325581
at9852_1_chr1	26652207	26673792	chr1_nbh37	158	12.91139241
at9852_1_chr1	27176537	27194539	chr1_nbh39	89	15.47191011
at9852_1_chr1	27384841	27392448	chr1_nbh40	140	43.27142857
at9852_1_chr1	27487655	27497097	chr1_nbh41	100	19.13
at9852_1_chr1	29014727	29041233	chr1_nbh42	156	14.07051282
at9852_1_chr1	30286495	30325736	chr1_nbh43	926	13.99028078
at9852_1_chr2	952777	1829628	chr2_nbh01	30	10.23333333
at9852_1_chr2	8879759	9179431	chr2_nbh03	92	74.34782609
at9852_1_chr2	9464101	9597962	chr2_nbh04	202	12.82178218
at9852_1_chr2	10853076	11002157	chr2_nbh05	394	18.71827411
at9852_1_chr2	12297068	12302145	chr2_nbh06	44	10.84090909
at9852_1_chr2	14042551	14058861	chr2_nbh07	462	29.02597403
at9852_1_chr2	15452140	15463974	chr2_nbh09	236	19.62288136
at9852_1_chr3	986433	998797	chr3_nbh01	160	15.61875
at9852_1_chr3	1107258	1119128	chr3_nbh02	254	12.70866142
at9852_1_chr3	2288132	2298826	chr3_nbh03	162	14.0308642
at9852_1_chr3	4902984	4918561	chr3_nbh04	535	28.62803738
at9852_1_chr3	5371601	5375265	chr3_nbh05	90	11.83333333
at9852_1_chr3	9286719	9301993	chr3_nbh06	160	16.59375
at9852_1_chr3	9699851	9705927	chr3_nbh07	98	27.37755102
at9852_1_chr3	11367510	11501535	chr3_nbh08	160	63.45
at9852_1_chr3	18886349	19189268	chr3_nbh12	1269	15.37982664
at9852_1_chr3	19965999	20073885	chr3_nbh13	490	13.24489796
at9852_1_chr3	21019447	21254834	chr3_nbh14	92	14.38043478
at9852_1_chr3	21644687	21684226	chr3_nbh15	238	12.60084034
at9852_1_chr3	21863615	21869798	chr3_nbh16	212	47.0990566
at9852_1_chr3	22047184	22061534	chr3_nbh17	281	14.90391459
at9852_1_chr4	10948767	10982024	chr4_nbh04	161	15.1552795
at9852_1_chr4	11500339	11560875	chr4_nbh06	309	12.83495146
at9852_1_chr4	12792076	12836849	chr4_nbh10	479	42.72442589
at9852_1_chr4	13906683	14017133	chr4_nbh11	311	14.41800643
at9852_1_chr4	15114744	15329424	chr4_nbh12	2320	16.00646552
at9852_1_chr4	16096947	16115246	chr4_nbh13	338	27.57100592
at9852_1_chr4	16271612	16322663	chr4_nbh14	1090	20.88990826
at9852_1_chr4	16467673	16481949	chr4_nbh15	166	10.30120482
at9852_1_chr4	17231162	17255325	chr4_nbh16	62	13
at9852_1_chr4	17843912	17887958	chr4_nbh17	410	29.47073171
at9852_1_chr4	18827932	18835823	chr4_nbh18	216	22.10648148
at9852_1_chr4	19221428	19242388	chr4_nbh19	260	15.12307692
at9852_1_chr4	21648854	21660269	chr4_nbh20	222	23.59009009
at9852_1_chr4	22695976	22716750	chr4_nbh21	463	32.82073434
at9852_1_chr5	1365839	1378989	chr5_nbh01	144	20.80555556
at9852_1_chr5	1595700	1610351	chr5_nbh02	126	23.04761905
at9852_1_chr5	3617231	3627255	chr5_nbh03	168	22.32738095
at9852_1_chr5	3963299	3977231	chr5_nbh04	262	17.96564885
at9852_1_chr5	5847528	5856861	chr5_nbh05	162	17.28395062
at9852_1_chr5	5931453	6014321	chr5_nbh06	542	20.31180812
at9852_1_chr5	6097573	6118803	chr5_nbh07	573	13.85514834
at9852_1_chr5	7551817	7560418	chr5_nbh08	202	29.7970297
at9852_1_chr5	18125973	18150101	chr5_nbh09	194	17.45876289
at9852_1_chr5	18876829	18905706	chr5_nbh10	188	20.50531915
at9852_1_chr5	19658592	19705463	chr5_nbh11	210	56.06666667
at9852_1_chr5	19881714	19889487	chr5_nbh12	168	17.35119048
at9852_1_chr5	20320090	20344136	chr5_nbh13	386	19.02849741
at9852_1_chr5	20665663	20715304	chr5_nbh14	544	37.95772059
at9852_1_chr5	20925575	20945552	chr5_nbh15	352	12.46022727
at9852_1_chr5	20985040	21072744	chr5_nbh16	360	13.31111111
at9852_1_chr5	21433955	21467103	chr5_nbh17	188	27.56914894
at9852_1_chr5	21772002	21793738	chr5_nbh18	148	11.89189189
at9852_1_chr5	21872257	21889357	chr5_nbh19	243	25.91358025
at9852_1_chr5	22237429	22252674	chr5_nbh20	167	61.73652695
at9852_1_chr5	22417114	22530280	chr5_nbh21	932	21.46888412
at9852_1_chr5	22583496	22662950	chr5_nbh22	1507	15.13735899
at9852_1_chr5	22723547	22806749	chr5_nbh23	400	13.9
at9852_1_chr5	23086782	23104170	chr5_nbh24	353	13.01983003
at9852_1_chr5	23173369	23212130	chr5_nbh25	660	24.50909091
at9852_1_chr5	23507128	23576991	chr5_nbh26	433	27.24942263
at9852_1_chr5	24043481	24057572	chr5_nbh27	192	12.140625
at9852_1_chr5	24239623	24250064	chr5_nbh29	152	13.74342105
at9852_1_chr5	25267116	25290769	chr5_nbh30	237	37.092827
at9852_1_chr5	27059189	27065184	chr5_nbh31	98	19.76530612
at9852_1_chr5	27828819	27844908	chr5_nbh32	200	12.925
at9852_1_chr5	29596476	29607068	chr5_nbh33	143	38.74125874
at9852_1_chr5	30901628	31044856	chr5_nbh34	316	14.67088608
at9879_1_chr1	3142206	3147368	chr1_nbh01	28	12.85714286
at9879_1_chr1	3677536	3683696	chr1_nbh02	134	13.53731343
at9879_1_chr1	4175674	4224658	chr1_nbh03	352	30.4375
at9879_1_chr1	5491950	5522268	chr1_nbh04	108	25.94444444
at9879_1_chr1	6078060	6092150	chr1_nbh05	322	14.3757764
at9879_1_chr1	9394226	9412010	chr1_nbh06	518	21.5965251
at9879_1_chr1	11198772	11240190	chr1_nbh07	185	11.31351351
at9879_1_chr1	11774639	11787859	chr1_nbh09	150	14.88
at9879_1_chr1	12089975	12115633	chr1_nbh10	164	11.11585366
at9879_1_chr1	22044818	22053791	chr1_nbh17	112	24.09821429
at9879_1_chr1	23087947	23096500	chr1_nbh20	74	28.10810811
at9879_1_chr1	23180114	23185460	chr1_nbh21	54	25.27777778
at9879_1_chr1	23387302	23397822	chr1_nbh22	152	28.84868421
at9879_1_chr1	24577391	24591377	chr1_nbh23	159	12.91194969
at9879_1_chr1	24670472	24736902	chr1_nbh25	670	11.84477612
at9879_1_chr1	24871603	24958223	chr1_nbh26	72	9.597222222
at9879_1_chr1	25208880	25254926	chr1_nbh27	118	11.06779661
at9879_1_chr1	25262778	25478360	chr1_nbh28	468	14.5534188
at9879_1_chr1	26128653	26233079	chr1_nbh32	470	19.38085106
at9879_1_chr1	26791728	27130825	chr1_nbh35	306	12.17320261
at9879_1_chr1	27259840	27360558	chr1_nbh36	969	16.02786378
at9879_1_chr1	27404642	27423109	chr1_nbh37	14	17.28571429
at9879_1_chr1	27935171	27953171	chr1_nbh39	86	13.26744186
at9879_1_chr1	28257432	28269705	chr1_nbh41	76	10.19736842
at9879_1_chr1	29809067	29836943	chr1_nbh42	244	14.58196721
at9879_1_chr1	31087344	31126609	chr1_nbh43	992	13.67641129
at9879_1_chr2	1317752	1964302	chr2_nbh01	60	8.416666667
at9879_1_chr2	10174110	10507847	chr2_nbh03	78	16.80769231
at9879_1_chr2	10796771	10927544	chr2_nbh04	190	14.64736842
at9879_1_chr2	12221560	12356806	chr2_nbh05	357	18.91876751
at9879_1_chr2	13612648	13617729	chr2_nbh06	46	14.47826087
at9879_1_chr3	985260	997439	chr3_nbh01	162	16.38271605
at9879_1_chr3	1110276	1122080	chr3_nbh02	261	12.80076628
at9879_1_chr3	2290756	2301503	chr3_nbh03	162	14.52469136
at9879_1_chr3	4961572	4977123	chr3_nbh04	390	22.62051282
at9879_1_chr3	5413246	5416906	chr3_nbh05	90	19.36666667
at9879_1_chr3	9349409	9364452	chr3_nbh06	233	14.62660944
at9879_1_chr3	9775629	9782784	chr3_nbh07	74	16.93243243
at9879_1_chr3	11451011	11622665	chr3_nbh08	154	15.84415584
at9879_1_chr3	19374557	19595300	chr3_nbh12	628	18.20382166
at9879_1_chr3	20801223	20911130	chr3_nbh13	492	15.18089431
at9879_1_chr3	21794265	22029397	chr3_nbh14	92	12.69565217
at9879_1_chr3	22416695	22472047	chr3_nbh15	394	38.94416244
at9879_1_chr3	22655811	22661994	chr3_nbh16	232	42.79741379
at9879_1_chr3	22839355	22853672	chr3_nbh17	359	15.44846797
at9879_1_chr4	9880887	9907449	chr4_nbh04	163	20.18404908
at9879_1_chr4	11495523	11508944	chr4_nbh08	152	13.95394737
at9879_1_chr4	11601245	11619527	chr4_nbh09	128	10.4921875
at9879_1_chr4	11899139	11928585	chr4_nbh10	478	15.58577406
at9879_1_chr4	12980571	13102689	chr4_nbh11	306	14.25163399
at9879_1_chr4	14202286	14351773	chr4_nbh12	1180	17.94830508
at9879_1_chr4	15123713	15156384	chr4_nbh13	419	28.30071599
at9879_1_chr4	15280793	15336146	chr4_nbh14	985	23.41116751
at9879_1_chr4	15479686	15497000	chr4_nbh15	162	10.95061728
at9879_1_chr4	16892126	16935053	chr4_nbh17	362	39.25138122
at9879_1_chr4	17894409	17902275	chr4_nbh18	214	28.56542056
at9879_1_chr4	18298412	18307350	chr4_nbh19	128	55.6171875
at9879_1_chr4	20715258	20726670	chr4_nbh20	205	23.82439024
at9879_1_chr4	21749568	21769941	chr4_nbh21	457	29.54485777
at9879_1_chr5	1379168	1392354	chr5_nbh01	148	13.73648649
at9879_1_chr5	3618596	3628627	chr5_nbh03	166	27.51807229
at9879_1_chr5	5960490	6033821	chr5_nbh06	333	18.21021021
at9879_1_chr5	6118027	6139343	chr5_nbh07	398	13.31155779
at9879_1_chr5	7588534	7598177	chr5_nbh08	192	31.86458333
at9879_1_chr5	18050715	18074850	chr5_nbh09	198	21.43434343
at9879_1_chr5	18832584	18863929	chr5_nbh10	46	70.08695652
at9879_1_chr5	19720317	19783908	chr5_nbh11	200	14.98
at9879_1_chr5	19958646	19966261	chr5_nbh12	172	17.93023256
at9879_1_chr5	20400999	20428097	chr5_nbh13	384	18.13020833
at9879_1_chr5	20743452	20795050	chr5_nbh14	402	31.91044776
at9879_1_chr5	21003380	21028112	chr5_nbh15	348	13.99712644
at9879_1_chr5	21070226	21168979	chr5_nbh16	360	11.71944444
at9879_1_chr5	21524322	21558839	chr5_nbh17	196	16.96938776
at9879_1_chr5	21866032	21886242	chr5_nbh18	154	10.77922078
at9879_1_chr5	21968924	21986267	chr5_nbh19	259	21.40540541
at9879_1_chr5	22334224	22349450	chr5_nbh20	157	59.44585987
at9879_1_chr5	22513228	22610898	chr5_nbh21	752	21.26861702
at9879_1_chr5	22663422	22727086	chr5_nbh22	812	12.68349754
at9879_1_chr5	22789062	22873542	chr5_nbh23	928	19.60344828
at9879_1_chr5	23146075	23165825	chr5_nbh24	389	26.65552699
at9879_1_chr5	23233210	23273491	chr5_nbh25	586	35.72696246
at9879_1_chr5	23568716	23642991	chr5_nbh26	373	26.8847185
at9879_1_chr5	24107847	24127159	chr5_nbh27	346	13.08959538
at9879_1_chr5	24310198	24320638	chr5_nbh29	152	15.92105263
at9879_1_chr5	27156877	27162868	chr5_nbh31	102	23.67647059
at9879_1_chr5	27911485	27927635	chr5_nbh32	204	12.76470588
at9879_1_chr5	29687965	29698475	chr5_nbh33	134	26.6119403
at9879_1_chr5	31002368	31140825	chr5_nbh34	318	12.58176101
at9883_1_chr1	3140606	3145774	chr1_nbh01	28	11.25
at9883_1_chr1	3652545	3658703	chr1_nbh02	132	16.23484848
at9883_1_chr1	4139392	4191200	chr1_nbh03	486	29.3909465
at9883_1_chr1	5458421	5488922	chr1_nbh04	176	28.65909091
at9883_1_chr1	6046651	6059942	chr1_nbh05	253	14.19762846
at9883_1_chr1	9262505	9280520	chr1_nbh06	579	20.80138169
at9883_1_chr1	11115903	11157955	chr1_nbh07	199	12.69346734
at9883_1_chr1	11999897	12027166	chr1_nbh10	169	11.37278107
at9883_1_chr1	22382028	22410833	chr1_nbh18	106	11.83962264
at9883_1_chr1	22475031	22493362	chr1_nbh19	84	17.86904762
at9883_1_chr1	22986743	22992700	chr1_nbh20	74	31.47297297
at9883_1_chr1	23078427	23083763	chr1_nbh21	54	23.72222222
at9883_1_chr1	23268580	23279127	chr1_nbh22	152	23.66447368
at9883_1_chr1	24523187	24548679	chr1_nbh25	574	14.25609756
at9883_1_chr1	24680305	24767961	chr1_nbh26	286	14.80769231
at9883_1_chr1	24991557	25032746	chr1_nbh27	176	14.93181818
at9883_1_chr1	25040620	25299962	chr1_nbh28	711	17.81997187
at9883_1_chr1	25515899	25543317	chr1_nbh30	28	17.75
at9883_1_chr1	25791057	25809511	chr1_nbh31	50	17
at9883_1_chr1	25821424	25908848	chr1_nbh32	487	15.26078029
at9883_1_chr1	26452738	26798676	chr1_nbh35	595	14.35966387
at9883_1_chr1	26935227	27034769	chr1_nbh36	1020	19.1754902
at9883_1_chr1	27586040	27603047	chr1_nbh39	88	15.71590909
at9883_1_chr1	27894960	27904349	chr1_nbh41	104	17.625
at9883_1_chr1	29421994	29450083	chr1_nbh42	244	14.49590164
at9883_1_chr1	30686665	30722009	chr1_nbh43	957	15.92058516
at9883_1_chr2	1028294	1938069	chr2_nbh01	60	9.7
at9883_1_chr2	8801055	9036858	chr2_nbh03	92	76.89130435
at9883_1_chr2	9368063	9504769	chr2_nbh04	200	16.465
at9883_1_chr2	10805605	10948426	chr2_nbh05	363	22.09090909
at9883_1_chr2	12222373	12227450	chr2_nbh06	56	21.73214286
at9883_1_chr3	980438	992616	chr3_nbh01	125	18.04
at9883_1_chr3	1101146	1112977	chr3_nbh02	250	12.128
at9883_1_chr3	2524777	2535370	chr3_nbh03	154	14.59090909
at9883_1_chr3	5163422	5178987	chr3_nbh04	467	24.69593148
at9883_1_chr3	5620751	5624396	chr3_nbh05	90	18.44444444
at9883_1_chr3	9580888	9596160	chr3_nbh06	236	18.01694915
at9883_1_chr3	10008154	10015314	chr3_nbh07	98	26.93877551
at9883_1_chr3	18452197	18781674	chr3_nbh12	1448	22.17541436
at9883_1_chr3	19738264	19844828	chr3_nbh13	480	12.75625
at9883_1_chr3	20732187	20974119	chr3_nbh14	88	12.67045455
at9883_1_chr3	21348929	21374889	chr3_nbh15	178	16.44382022
at9883_1_chr3	21553598	21559780	chr3_nbh16	210	47.61904762
at9883_1_chr3	21737267	21751597	chr3_nbh17	363	15.7107438
at9883_1_chr4	10505526	10538835	chr4_nbh04	162	18.03703704
at9883_1_chr4	11103190	11159544	chr4_nbh06	103	12.17475728
at9883_1_chr4	12067272	12088409	chr4_nbh09	130	10.65384615
at9883_1_chr4	12378651	12416316	chr4_nbh10	489	49.60531697
at9883_1_chr4	13511521	13623367	chr4_nbh11	307	17.57980456
at9883_1_chr4	14689438	14960536	chr4_nbh12	2426	60.14674361
at9883_1_chr4	15735715	15761954	chr4_nbh13	296	31.28040541
at9883_1_chr4	15907568	15980539	chr4_nbh14	1187	22.85593934
at9883_1_chr4	16112724	16127851	chr4_nbh15	222	10.96846847
at9883_1_chr4	17508947	17553903	chr4_nbh17	410	35.48292683
at9883_1_chr4	18492729	18500614	chr4_nbh18	214	25.97663551
at9883_1_chr4	18971838	18980826	chr4_nbh19	150	46.2
at9883_1_chr4	21388639	21400912	chr4_nbh20	169	30.29585799
at9883_1_chr4	22439785	22460559	chr4_nbh21	467	33.56316916
at9883_1_chr5	1367882	1380891	chr5_nbh01	144	17.5
at9883_1_chr5	1595591	1610134	chr5_nbh02	126	30.66666667
at9883_1_chr5	3587955	3598758	chr5_nbh03	190	30.17368421
at9883_1_chr5	3929259	3941566	chr5_nbh04	242	15.94628099
at9883_1_chr5	5824480	5833813	chr5_nbh05	162	28.04320988
at9883_1_chr5	5908383	5998901	chr5_nbh06	230	21.21304348
at9883_1_chr5	6082144	6103374	chr5_nbh07	495	19.03232323
at9883_1_chr5	7532379	7540906	chr5_nbh08	158	22.1835443
at9883_1_chr5	16335312	16359580	chr5_nbh09	206	25.74757282
at9883_1_chr5	17891704	17947736	chr5_nbh11	178	18.12359551
at9883_1_chr5	18117410	18125194	chr5_nbh12	156	22.07051282
at9883_1_chr5	18588601	18613120	chr5_nbh13	302	22.93708609
at9883_1_chr5	18936197	18984029	chr5_nbh14	539	17.81447124
at9883_1_chr5	19203124	19223303	chr5_nbh15	196	13.9744898
at9883_1_chr5	19261532	19359572	chr5_nbh16	394	22.2893401
at9883_1_chr5	19696787	19731028	chr5_nbh17	197	42.91370558
at9883_1_chr5	20034801	20057138	chr5_nbh18	164	12.62804878
at9883_1_chr5	20140425	20157781	chr5_nbh19	230	30.64782609
at9883_1_chr5	20496513	20511749	chr5_nbh20	152	71.44736842
at9883_1_chr5	20670489	20768552	chr5_nbh21	1003	22.57427717
at9883_1_chr5	20819337	20892318	chr5_nbh22	1482	20.27462888
at9883_1_chr5	20952925	21003244	chr5_nbh23	663	23.80995475
at9883_1_chr5	21283237	21300591	chr5_nbh24	358	15.6452514
at9883_1_chr5	21363087	21392745	chr5_nbh25	587	29.51959114
at9883_1_chr5	21705479	21773197	chr5_nbh26	350	19.30857143
at9883_1_chr5	22231880	22245948	chr5_nbh27	154	12.27922078
at9883_1_chr5	22279575	22301674	chr5_nbh28	283	22.30388693
at9883_1_chr5	22430925	22441333	chr5_nbh29	94	20.42553191
at9883_1_chr5	23462752	23480361	chr5_nbh30	198	42.45454545
at9883_1_chr5	25254719	25260656	chr5_nbh31	102	38.53921569
at9883_1_chr5	26013754	26035290	chr5_nbh32	162	12.75925926
at9883_1_chr5	27773966	27784557	chr5_nbh33	138	41.57971014
at9883_1_chr5	29093515	29237296	chr5_nbh34	311	14.79742765
at9900_1_chr1	3147375	3152541	chr1_nbh01	28	13.14285714
at9900_1_chr1	3666850	3673010	chr1_nbh02	134	14.46268657
at9900_1_chr1	4157743	4206761	chr1_nbh03	361	30.84487535
at9900_1_chr1	5483519	5514020	chr1_nbh04	188	33.44680851
at9900_1_chr1	6069083	6082371	chr1_nbh05	324	13.44135802
at9900_1_chr1	9306541	9324499	chr1_nbh06	571	25.82136602
at9900_1_chr1	11135984	11176110	chr1_nbh07	196	11.59183673
at9900_1_chr1	12042937	12069415	chr1_nbh10	158	15.80379747
at9900_1_chr1	12269395	12358913	chr1_nbh12	134	14.44776119
at9900_1_chr1	19586144	19682003	chr1_nbh15	187	12.89304813
at9900_1_chr1	20351596	20379614	chr1_nbh16	75	39.13333333
at9900_1_chr1	21548866	21557856	chr1_nbh17	124	34.36290323
at9900_1_chr1	22033196	22051745	chr1_nbh19	84	16.67857143
at9900_1_chr1	22554977	22560930	chr1_nbh20	75	38.42666667
at9900_1_chr1	22641817	22647151	chr1_nbh21	54	68.53703704
at9900_1_chr1	22831514	22842016	chr1_nbh22	152	14.72368421
at9900_1_chr1	24099173	24156223	chr1_nbh25	596	12.78355705
at9900_1_chr1	24299263	24393659	chr1_nbh26	273	18.77289377
at9900_1_chr1	24618552	24662951	chr1_nbh27	139	12.5971223
at9900_1_chr1	24670880	24896590	chr1_nbh28	726	13.26997245
at9900_1_chr1	25109234	25136284	chr1_nbh30	26	18.42307692
at9900_1_chr1	25436996	25526011	chr1_nbh32	469	14.42430704
at9900_1_chr1	26066058	26399528	chr1_nbh35	252	12.12698413
at9900_1_chr1	26534065	26636489	chr1_nbh36	1039	19.20115496
at9900_1_chr1	26680414	26698844	chr1_nbh37	156	14.12179487
at9900_1_chr1	27207296	27225157	chr1_nbh39	95	16.15789474
at9900_1_chr1	27415817	27423488	chr1_nbh40	142	30.85915493
at9900_1_chr1	27521343	27533595	chr1_nbh41	76	10.73684211
at9900_1_chr1	29075340	29102300	chr1_nbh42	167	16.30538922
at9900_1_chr1	30347804	30383914	chr1_nbh43	859	12.29802095
at9900_1_chr2	1005349	1845276	chr2_nbh01	58	69.75862069
at9900_1_chr2	7857557	8047051	chr2_nbh03	96	14.33333333
at9900_1_chr2	8315394	8435746	chr2_nbh04	176	18.34090909
at9900_1_chr2	9722515	9857849	chr2_nbh05	386	17.80569948
at9900_1_chr2	11122488	11127565	chr2_nbh06	52	21.84615385
at9900_1_chr2	12800844	12817154	chr2_nbh07	462	35.68614719
at9900_1_chr3	985401	1005705	chr3_nbh01	348	12.5
at9900_1_chr3	1113787	1125936	chr3_nbh02	258	17.75968992
at9900_1_chr3	2248082	2258714	chr3_nbh03	170	13.89411765
at9900_1_chr3	4843728	4859479	chr3_nbh04	607	48.36902801
at9900_1_chr3	5314743	5318388	chr3_nbh05	90	27.36666667
at9900_1_chr3	9288924	9304161	chr3_nbh06	224	19.29017857
at9900_1_chr3	9704331	9710417	chr3_nbh07	96	26.89583333
at9900_1_chr3	11301540	11438197	chr3_nbh08	153	64.41830065
at9900_1_chr3	19769837	20125297	chr3_nbh12	1257	53.47414479
at9900_1_chr3	21120446	21230626	chr3_nbh13	496	13.58669355
at9900_1_chr3	22008785	22252450	chr3_nbh14	98	14.78571429
at9900_1_chr3	22635651	22669797	chr3_nbh15	242	21.2231405
at9900_1_chr3	22850040	22856226	chr3_nbh16	204	38.56372549
at9900_1_chr3	23033466	23047781	chr3_nbh17	359	23.57381616
at9900_1_chr4	8114432	8148056	chr4_nbh04	165	22.6969697
at9900_1_chr4	8779533	8819203	chr4_nbh06	305	15.0852459
at9900_1_chr4	9615382	9628167	chr4_nbh08	172	15.22674419
at9900_1_chr4	9704683	9725727	chr4_nbh09	128	11.8203125
at9900_1_chr4	10006363	10043373	chr4_nbh10	520	55.96923077
at9900_1_chr4	11118475	11237180	chr4_nbh11	306	14.89869281
at9900_1_chr4	12319742	12478478	chr4_nbh12	1546	48.3454075
at9900_1_chr4	13242963	13302706	chr4_nbh13	606	26.61056106
at9900_1_chr4	13444278	13523764	chr4_nbh14	1355	22.03616236
at9900_1_chr4	13674198	13689321	chr4_nbh15	148	10.94594595
at9900_1_chr4	15100148	15140142	chr4_nbh17	346	36.16763006
at9900_1_chr4	16079878	16095913	chr4_nbh18	172	12.87790698
at9900_1_chr4	16501293	16510274	chr4_nbh19	150	42.82
at9900_1_chr4	18917059	18929441	chr4_nbh20	198	30.96464646
at9900_1_chr4	19970170	19990551	chr4_nbh21	461	20.36225597
at9900_1_chr5	1372928	1385935	chr5_nbh01	152	14.26315789
at9900_1_chr5	1607816	1622431	chr5_nbh02	126	18.28571429
at9900_1_chr5	3610326	3621112	chr5_nbh03	164	22.78658537
at9900_1_chr5	3952054	3964339	chr5_nbh04	260	15.30769231
at9900_1_chr5	5827351	5836706	chr5_nbh05	132	21.56060606
at9900_1_chr5	5912681	5989857	chr5_nbh06	503	26.5805169
at9900_1_chr5	6073874	6095137	chr5_nbh07	596	18.50838926
at9900_1_chr5	7549396	7559034	chr5_nbh08	198	32.36868687
at9900_1_chr5	16891922	16916222	chr5_nbh09	192	23.15104167
at9900_1_chr5	18443003	18503806	chr5_nbh11	194	76.8556701
at9900_1_chr5	18687262	18694997	chr5_nbh12	94	21.70212766
at9900_1_chr5	19133672	19157707	chr5_nbh13	403	17.91066998
at9900_1_chr5	19476835	19518395	chr5_nbh14	194	22.39175258
at9900_1_chr5	19740059	19761198	chr5_nbh15	345	24.20869565
at9900_1_chr5	19799279	19888611	chr5_nbh16	162	11.93209877
at9900_1_chr5	20243016	20277492	chr5_nbh17	191	46.73298429
at9900_1_chr5	20582780	20603220	chr5_nbh18	161	11.64596273
at9900_1_chr5	20684282	20696162	chr5_nbh19	156	14.85897436
at9900_1_chr5	21033492	21049013	chr5_nbh20	171	49.75438596
at9900_1_chr5	21210059	21300946	chr5_nbh21	766	24.77937337
at9900_1_chr5	21352795	21418958	chr5_nbh22	1026	14.42787524
at9900_1_chr5	21480608	21533860	chr5_nbh23	603	15.60199005
at9900_1_chr5	21810643	21827992	chr5_nbh24	361	12.27977839
at9900_1_chr5	21891940	21921567	chr5_nbh25	371	37.73854447
at9900_1_chr5	22225507	22295223	chr5_nbh26	379	28.00791557
at9900_1_chr5	22746366	22760457	chr5_nbh27	162	11.45679012
at9900_1_chr5	25775412	25781350	chr5_nbh31	106	34.12264151
at9900_1_chr5	26536386	26552613	chr5_nbh32	218	12.28899083
at9900_1_chr5	28315449	28326040	chr5_nbh33	164	36.69512195
at9900_1_chr5	29609111	29753129	chr5_nbh34	469	13.77185501
