Chr	Start	End	NLR_hood	Cs_NLR_introns	Mean_methylation_NLR_introns
at6923_1_chr1	3130738	3135489	chr1_nbh01	4	27.75
at6923_1_chr1	3643042	3649201	chr1_nbh02	4	12
at6923_1_chr1	4127339	4180964	chr1_nbh03	34	11.79411765
at6923_1_chr1	6031417	6044734	chr1_nbh05	11	11.81818182
at6923_1_chr1	9281633	9299424	chr1_nbh06	118	8.584745763
at6923_1_chr1	11093667	11141063	chr1_nbh07	18	15.94444444
at6923_1_chr1	11708655	11721682	chr1_nbh09	10	6.1
at6923_1_chr1	12058888	12086117	chr1_nbh10	10	11.7
at6923_1_chr1	17907586	18004380	chr1_nbh15	20	34.4
at6923_1_chr1	18631175	18667655	chr1_nbh16	71	20.52112676
at6923_1_chr1	20245244	20274338	chr1_nbh18	74	10.37837838
at6923_1_chr1	20327317	20354085	chr1_nbh19	14	13.14285714
at6923_1_chr1	20865871	20872151	chr1_nbh20	2	14
at6923_1_chr1	21142497	21153044	chr1_nbh22	10	15.5
at6923_1_chr1	22424556	22480775	chr1_nbh25	122	26.09836066
at6923_1_chr1	22615535	22704639	chr1_nbh26	84	12.0952381
at6923_1_chr1	22936062	22981704	chr1_nbh27	24	22.08333333
at6923_1_chr1	22994083	23241725	chr1_nbh28	726	46.61983471
at6923_1_chr1	24455528	24774178	chr1_nbh35	5	2.2
at6923_1_chr1	24900375	24999254	chr1_nbh36	120	32.375
at6923_1_chr1	25585493	25603338	chr1_nbh39	14	14.85714286
at6923_1_chr1	25793724	25801374	chr1_nbh40	20	12.75
at6923_1_chr1	25893343	25901377	chr1_nbh41	36	41.94444444
at6923_1_chr1	27429188	27456786	chr1_nbh42	14	65.92857143
at6923_1_chr1	28708505	28747132	chr1_nbh43	316	14.50316456
at6923_1_chr2	1016535	1882573	chr2_nbh01	14	5.214285714
at6923_1_chr2	8251213	8326848	chr2_nbh04	24	18.125
at6923_1_chr2	9597540	9741509	chr2_nbh05	26	15.5
at6923_1_chr2	11009664	11014731	chr2_nbh06	4	6
at6923_1_chr2	12690159	12706471	chr2_nbh07	17	30.47058824
at6923_1_chr3	981977	1001138	chr3_nbh01	118	12.84745763
at6923_1_chr3	1110630	1122475	chr3_nbh02	16	12.5625
at6923_1_chr3	4855491	4871066	chr3_nbh04	27	13.77777778
at6923_1_chr3	5305164	5308809	chr3_nbh05	4	13
at6923_1_chr3	9253652	9268942	chr3_nbh06	14	18.14285714
at6923_1_chr3	9671174	9677250	chr3_nbh07	2	16
at6923_1_chr3	11306971	11477970	chr3_nbh08	2	11.5
at6923_1_chr3	21369718	21671852	chr3_nbh12	362	24.7320442
at6923_1_chr3	22454693	22564054	chr3_nbh13	8	4.25
at6923_1_chr3	23450950	23694226	chr3_nbh14	8	21.375
at6923_1_chr3	24081995	24128634	chr3_nbh15	340	11.75294118
at6923_1_chr3	24306087	24312273	chr3_nbh16	4	12.75
at6923_1_chr3	24490916	24505246	chr3_nbh17	12	8.25
at6923_1_chr4	2458668	2550731	chr4_nbh03	16	70.4375
at6923_1_chr4	7829680	7856126	chr4_nbh04	27	54.66666667
at6923_1_chr4	8466058	8505602	chr4_nbh06	18	11.72222222
at6923_1_chr4	9462021	9487459	chr4_nbh09	117	24.09401709
at6923_1_chr4	9774554	9811058	chr4_nbh10	77	40.09090909
at6923_1_chr4	10902696	11017901	chr4_nbh11	6	5.833333333
at6923_1_chr4	12083974	12345393	chr4_nbh12	1157	56.58167675
at6923_1_chr4	13113059	13152711	chr4_nbh13	207	36.7826087
at6923_1_chr4	13273219	13325315	chr4_nbh14	290	33.15172414
at6923_1_chr4	13459751	13474506	chr4_nbh15	2	11
at6923_1_chr4	14857139	14902095	chr4_nbh17	36	10.69444444
at6923_1_chr4	18668671	18680910	chr4_nbh20	66	62.16666667
at6923_1_chr4	19725655	19747247	chr4_nbh21	86	28.90697674
at6923_1_chr5	1383343	1396059	chr5_nbh01	12	45.66666667
at6923_1_chr5	3663661	3673710	chr5_nbh03	10	20.5
at6923_1_chr5	4011949	4024250	chr5_nbh04	36	12.61111111
at6923_1_chr5	5893907	5903240	chr5_nbh05	6	13.83333333
at6923_1_chr5	5977817	6061284	chr5_nbh06	39	9.897435897
at6923_1_chr5	6144567	6159619	chr5_nbh07	12	11.5
at6923_1_chr5	7605795	7615087	chr5_nbh08	4	4.5
at6923_1_chr5	18703667	18766117	chr5_nbh11	8	7.5
at6923_1_chr5	18941381	18949164	chr5_nbh12	10	8.8
at6923_1_chr5	19420584	19444682	chr5_nbh13	12	12.58333333
at6923_1_chr5	19769123	19829121	chr5_nbh14	18	16.94444444
at6923_1_chr5	20028611	20049989	chr5_nbh15	130	15.28461538
at6923_1_chr5	20086795	20174665	chr5_nbh16	2	13
at6923_1_chr5	20519364	20552071	chr5_nbh17	28	18.17857143
at6923_1_chr5	20849590	20877879	chr5_nbh18	56	11.60714286
at6923_1_chr5	20957065	20968576	chr5_nbh19	20	13.9
at6923_1_chr5	21488662	21628326	chr5_nbh21	170	13.88823529
at6923_1_chr5	21689091	21769480	chr5_nbh22	355	14.72957746
at6923_1_chr5	21830395	21914451	chr5_nbh23	136	15.125
at6923_1_chr5	22200218	22212078	chr5_nbh24	4	3.75
at6923_1_chr5	22280819	22319290	chr5_nbh25	142	36.32394366
at6923_1_chr5	22624809	22690493	chr5_nbh26	18	36.55555556
at6923_1_chr5	23159893	23173985	chr5_nbh27	32	8.875
at6923_1_chr5	23357570	23368010	chr5_nbh29	24	15.20833333
at6923_1_chr5	24370392	24388116	chr5_nbh30	51	11.01960784
at6923_1_chr5	26941737	26960324	chr5_nbh32	184	50.77173913
at6923_1_chr5	28705809	28716398	chr5_nbh33	2	13
at6923_1_chr5	29997406	30140186	chr5_nbh34	36	19.5
at6929_1_chr1	3129579	3134358	chr1_nbh01	4	25.5
at6929_1_chr1	3636706	3642861	chr1_nbh02	4	10.25
at6929_1_chr1	4117504	4170276	chr1_nbh03	48	20.04166667
at6929_1_chr1	6038314	6056585	chr1_nbh05	13	12.38461538
at6929_1_chr1	9287450	9304738	chr1_nbh06	181	11.84530387
at6929_1_chr1	11150487	11189618	chr1_nbh07	66	65.28787879
at6929_1_chr1	12101617	12127697	chr1_nbh10	10	13.3
at6929_1_chr1	19555045	19582902	chr1_nbh16	76	42.88157895
at6929_1_chr1	21173048	21201896	chr1_nbh18	54	10.68518519
at6929_1_chr1	21263344	21281758	chr1_nbh19	14	13.5
at6929_1_chr1	21785831	21792129	chr1_nbh20	2	10
at6929_1_chr1	22063102	22074508	chr1_nbh22	10	12.6
at6929_1_chr1	23340421	23366096	chr1_nbh25	76	28.15789474
at6929_1_chr1	23512513	23588228	chr1_nbh26	132	12.40909091
at6929_1_chr1	23872084	24095231	chr1_nbh28	38	11.84210526
at6929_1_chr1	24623373	24717172	chr1_nbh32	4	10
at6929_1_chr1	25273284	25593527	chr1_nbh35	133	13.31578947
at6929_1_chr1	25726798	25830042	chr1_nbh36	133	12.84962406
at6929_1_chr1	25873790	25892105	chr1_nbh37	10	11.5
at6929_1_chr1	26389249	26406804	chr1_nbh39	8	17.25
at6929_1_chr1	26601878	26609441	chr1_nbh40	12	11.75
at6929_1_chr1	26706569	26715670	chr1_nbh41	48	37.91666667
at6929_1_chr1	28270331	28298928	chr1_nbh42	55	9.363636364
at6929_1_chr1	29532858	29572490	chr1_nbh43	169	10.52071006
at6929_1_chr2	8908567	9054730	chr2_nbh04	54	55.75925926
at6929_1_chr2	10404131	10541617	chr2_nbh05	74	15.2972973
at6929_1_chr2	11801511	11806993	chr2_nbh06	8	8.125
at6929_1_chr2	13484757	13501057	chr2_nbh07	21	26.61904762
at6929_1_chr3	993352	1008790	chr3_nbh01	52	13.78846154
at6929_1_chr3	1116315	1128146	chr3_nbh02	16	11.4375
at6929_1_chr3	2235312	2246071	chr3_nbh03	12	13.41666667
at6929_1_chr3	5326543	5330188	chr3_nbh05	4	35.75
at6929_1_chr3	9255088	9270275	chr3_nbh06	26	12.11538462
at6929_1_chr3	9701744	9707705	chr3_nbh07	2	16.5
at6929_1_chr3	18287288	18633539	chr3_nbh12	297	54.95959596
at6929_1_chr3	19452798	19566802	chr3_nbh13	6	2.833333333
at6929_1_chr3	21079340	21105338	chr3_nbh15	50	12.14
at6929_1_chr3	21282318	21288500	chr3_nbh16	4	12.5
at6929_1_chr3	21465937	21480263	chr3_nbh17	130	19.34615385
at6929_1_chr4	2546093	2629677	chr4_nbh03	14	69.64285714
at6929_1_chr4	10309582	10336638	chr4_nbh04	25	50.64
at6929_1_chr4	10875206	10940049	chr4_nbh06	12	11.5
at6929_1_chr4	11759025	11774236	chr4_nbh08	72	58.47222222
at6929_1_chr4	11847743	11865461	chr4_nbh09	179	48.02234637
at6929_1_chr4	12145198	12178736	chr4_nbh10	111	25.33333333
at6929_1_chr4	13251917	13369055	chr4_nbh11	114	13.72807018
at6929_1_chr4	14450812	14611890	chr4_nbh12	486	46.34156379
at6929_1_chr4	15387924	15411351	chr4_nbh13	4	7.75
at6929_1_chr4	15531313	15590956	chr4_nbh14	148	15.29054054
at6929_1_chr4	15729435	15744544	chr4_nbh15	2	11.5
at6929_1_chr4	17162703	17206593	chr4_nbh17	30	11.2
at6929_1_chr4	18592921	18601889	chr4_nbh19	12	9.583333333
at6929_1_chr4	21041116	21053413	chr4_nbh20	8	6.375
at6929_1_chr4	22089132	22111245	chr4_nbh21	20	22.2
at6929_1_chr5	1362772	1375782	chr5_nbh01	12	58
at6929_1_chr5	3611261	3622045	chr5_nbh03	6	15.5
at6929_1_chr5	5913088	5993431	chr5_nbh06	17	20.47058824
at6929_1_chr5	6084885	6106085	chr5_nbh07	12	12.66666667
at6929_1_chr5	7543972	7552577	chr5_nbh08	4	10.75
at6929_1_chr5	17908591	17932223	chr5_nbh09	8	18.375
at6929_1_chr5	19492195	19547219	chr5_nbh11	181	77.8839779
at6929_1_chr5	20181517	20233435	chr5_nbh13	12	12.33333333
at6929_1_chr5	20553502	20594991	chr5_nbh14	44	22.63636364
at6929_1_chr5	20806588	20826491	chr5_nbh15	7	10.85714286
at6929_1_chr5	21283434	21318190	chr5_nbh17	12	17.66666667
at6929_1_chr5	21604811	21635648	chr5_nbh18	38	12.60526316
at6929_1_chr5	22074927	22090223	chr5_nbh20	17	32
at6929_1_chr5	22245006	22340097	chr5_nbh21	150	19.73333333
at6929_1_chr5	22390893	22467328	chr5_nbh22	377	11.37931034
at6929_1_chr5	22528680	22585430	chr5_nbh23	90	10.36666667
at6929_1_chr5	22871554	22888884	chr5_nbh24	19	6.315789474
at6929_1_chr5	22956449	22985293	chr5_nbh25	139	22.5323741
at6929_1_chr5	23274560	23343509	chr5_nbh26	32	21.40625
at6929_1_chr5	23798504	23812662	chr5_nbh27	12	13.16666667
at6929_1_chr5	27566956	27583097	chr5_nbh32	8	10.125
at6929_1_chr5	29330139	29340653	chr5_nbh33	2	11
at6929_1_chr5	30630718	30774961	chr5_nbh34	41	13.51219512
at7143_1_chr1	3133793	3138961	chr1_nbh01	4	29.75
at7143_1_chr1	3639134	3645294	chr1_nbh02	28	9.75
at7143_1_chr1	4122700	4183189	chr1_nbh03	136	19.91176471
at7143_1_chr1	6045570	6058913	chr1_nbh05	11	13.18181818
at7143_1_chr1	9326794	9344202	chr1_nbh06	181	11.27624309
at7143_1_chr1	11135958	11190345	chr1_nbh07	22	13.09090909
at7143_1_chr1	12014480	12040167	chr1_nbh10	10	11.2
at7143_1_chr1	19428691	19489983	chr1_nbh13	32	65.78125
at7143_1_chr1	22195678	22226184	chr1_nbh18	76	10.81578947
at7143_1_chr1	22284572	22296052	chr1_nbh19	16	16.6875
at7143_1_chr1	22797160	22805715	chr1_nbh20	2	12
at7143_1_chr1	22890374	22895717	chr1_nbh21	2	3
at7143_1_chr1	23083494	23094108	chr1_nbh22	10	14
at7143_1_chr1	24363208	24419427	chr1_nbh25	60	40.21666667
at7143_1_chr1	24553892	24633192	chr1_nbh26	118	19.6440678
at7143_1_chr1	24859725	24903114	chr1_nbh27	134	45.94029851
at7143_1_chr1	24911066	25141213	chr1_nbh28	368	42.91847826
at7143_1_chr1	25674172	25765715	chr1_nbh32	142	18.04929577
at7143_1_chr1	26261394	26287675	chr1_nbh34	100	12.2
at7143_1_chr1	26323816	26655661	chr1_nbh35	5	8.8
at7143_1_chr1	26790454	26886130	chr1_nbh36	86	16.12790698
at7143_1_chr1	26936471	26954803	chr1_nbh37	132	11.88636364
at7143_1_chr1	27459327	27477329	chr1_nbh39	14	11.85714286
at7143_1_chr1	27664570	27672227	chr1_nbh40	19	10.94736842
at7143_1_chr1	27766318	27775705	chr1_nbh41	20	7.75
at7143_1_chr1	29318780	29345597	chr1_nbh42	15	64.8
at7143_1_chr1	30596304	30654374	chr1_nbh43	249	40.71485944
at7143_1_chr2	7218237	7318062	chr2_nbh04	24	18.33333333
at7143_1_chr2	8633645	8779437	chr2_nbh05	44	17.5
at7143_1_chr2	10024535	10029789	chr2_nbh06	8	8
at7143_1_chr2	13120409	13132245	chr2_nbh09	26	42.07692308
at7143_1_chr3	983162	995329	chr3_nbh01	6	47.66666667
at7143_1_chr3	1102998	1114839	chr3_nbh02	16	11.125
at7143_1_chr3	4855843	4871410	chr3_nbh04	4	11.75
at7143_1_chr3	5314958	5318602	chr3_nbh05	4	42
at7143_1_chr3	9236726	9255754	chr3_nbh06	28	13.42857143
at7143_1_chr3	9678869	9684943	chr3_nbh07	2	16
at7143_1_chr3	11273930	11443321	chr3_nbh08	43	41.30232558
at7143_1_chr3	18375426	18822476	chr3_nbh12	739	71.50202977
at7143_1_chr3	19639094	19758169	chr3_nbh13	8	29.25
at7143_1_chr3	20691424	20929840	chr3_nbh14	10	15.8
at7143_1_chr3	21322962	21377472	chr3_nbh15	418	43.77033493
at7143_1_chr3	21560508	21566693	chr3_nbh16	4	13.25
at7143_1_chr3	21744227	21757904	chr3_nbh17	12	7.25
at7143_1_chr4	2558312	2637918	chr4_nbh03	14	68.78571429
at7143_1_chr4	7896870	7921004	chr4_nbh04	57	37.61403509
at7143_1_chr4	8316416	8398476	chr4_nbh05	276	78.55797101
at7143_1_chr4	8613620	8664575	chr4_nbh06	57	39.40350877
at7143_1_chr4	9529218	9540675	chr4_nbh08	124	53.91129032
at7143_1_chr4	9632573	9653714	chr4_nbh09	121	26.7768595
at7143_1_chr4	9930551	9975474	chr4_nbh10	80	24.4375
at7143_1_chr4	11052860	11166135	chr4_nbh11	134	10.64925373
at7143_1_chr4	12246845	12424892	chr4_nbh12	351	29.47293447
at7143_1_chr4	13195210	13231889	chr4_nbh13	156	43.85897436
at7143_1_chr4	13349670	13404712	chr4_nbh14	116	16.23275862
at7143_1_chr4	13540848	13563121	chr4_nbh15	6	10.16666667
at7143_1_chr4	14382106	14406646	chr4_nbh16	136	13.14705882
at7143_1_chr4	15000642	15046777	chr4_nbh17	22	10.45454545
at7143_1_chr4	18831148	18843530	chr4_nbh20	8	9.5
at7143_1_chr4	19920209	19940636	chr4_nbh21	64	33.859375
at7143_1_chr5	1375098	1388415	chr5_nbh01	12	13.33333333
at7143_1_chr5	1609908	1624525	chr5_nbh02	22	12.54545455
at7143_1_chr5	3610711	3621498	chr5_nbh03	6	15.83333333
at7143_1_chr5	5906463	5985074	chr5_nbh06	16	15.8125
at7143_1_chr5	6069731	6090625	chr5_nbh07	30	19.33333333
at7143_1_chr5	7529744	7539384	chr5_nbh08	4	12.75
at7143_1_chr5	17827534	17851710	chr5_nbh09	6	16
at7143_1_chr5	19290176	19350864	chr5_nbh11	160	39.24375
at7143_1_chr5	19523228	19531011	chr5_nbh12	10	11.7
at7143_1_chr5	19984969	20009744	chr5_nbh13	13	10.84615385
at7143_1_chr5	20330008	20371052	chr5_nbh14	16	18.8125
at7143_1_chr5	20570866	20595563	chr5_nbh15	7	10.28571429
at7143_1_chr5	20640520	20718836	chr5_nbh16	13	10.53846154
at7143_1_chr5	21067560	21104197	chr5_nbh17	12	7.5
at7143_1_chr5	21405779	21425963	chr5_nbh18	10	9.1
at7143_1_chr5	21504738	21522101	chr5_nbh19	12	11.33333333
at7143_1_chr5	21859468	21874706	chr5_nbh20	21	29.38095238
at7143_1_chr5	22032265	22131674	chr5_nbh21	96	17.20833333
at7143_1_chr5	22182690	22259958	chr5_nbh22	393	12.91094148
at7143_1_chr5	22321358	22405393	chr5_nbh23	110	12.46363636
at7143_1_chr5	22689153	22707136	chr5_nbh24	22	5.454545455
at7143_1_chr5	22770607	22800093	chr5_nbh25	116	13.13793103
at7143_1_chr5	23096502	23165587	chr5_nbh26	157	78.03821656
at7143_1_chr5	23624761	23638832	chr5_nbh27	28	10.32142857
at7143_1_chr5	23830754	23841158	chr5_nbh29	24	12
at7143_1_chr5	24846003	24863611	chr5_nbh30	17	20.94117647
at7143_1_chr5	27398848	27415097	chr5_nbh32	4	11
at7143_1_chr5	29165485	29176076	chr5_nbh33	2	11
at7143_1_chr5	30476624	30619447	chr5_nbh34	36	20.72222222
at8285_1_chr1	3141018	3146183	chr1_nbh01	4	34
at8285_1_chr1	3652916	3659074	chr1_nbh02	10	13.6
at8285_1_chr1	4146748	4199569	chr1_nbh03	60	15.76666667
at8285_1_chr1	5441973	5472459	chr1_nbh04	32	11.1875
at8285_1_chr1	6029693	6042992	chr1_nbh05	11	14.36363636
at8285_1_chr1	9285469	9303253	chr1_nbh06	155	9.180645161
at8285_1_chr1	11098229	11142537	chr1_nbh07	74	55.59459459
at8285_1_chr1	12042953	12069394	chr1_nbh10	10	24.8
at8285_1_chr1	23265452	23294446	chr1_nbh18	56	11.41071429
at8285_1_chr1	23348389	23359827	chr1_nbh19	12	13.41666667
at8285_1_chr1	23858717	23864670	chr1_nbh20	2	10
at8285_1_chr1	24143419	24153997	chr1_nbh22	10	23
at8285_1_chr1	25398187	25411338	chr1_nbh24	6	12.33333333
at8285_1_chr1	25412994	25442501	chr1_nbh25	144	16.31944444
at8285_1_chr1	25589425	25671516	chr1_nbh26	126	15.84126984
at8285_1_chr1	25900952	25953871	chr1_nbh27	133	21.34586466
at8285_1_chr1	25962340	26203534	chr1_nbh28	938	53.72814499
at8285_1_chr1	26715499	26806108	chr1_nbh32	32	11.75
at8285_1_chr1	27347874	27691350	chr1_nbh35	78	67.53846154
at8285_1_chr1	27819096	27920489	chr1_nbh36	206	26.66504854
at8285_1_chr1	27970848	27989216	chr1_nbh37	10	13.6
at8285_1_chr1	28496005	28513650	chr1_nbh39	12	18
at8285_1_chr1	28702419	28710044	chr1_nbh40	61	19.85245902
at8285_1_chr1	28804780	28814196	chr1_nbh41	16	11
at8285_1_chr1	30367372	30399002	chr1_nbh42	4	7.75
at8285_1_chr1	31635721	31663980	chr1_nbh43	146	10.32876712
at8285_1_chr2	8562893	8810864	chr2_nbh03	54	13.7962963
at8285_1_chr2	9123056	9260087	chr2_nbh04	18	17.27777778
at8285_1_chr2	10613483	10749001	chr2_nbh05	68	16.83823529
at8285_1_chr2	12039764	12045247	chr2_nbh06	4	10
at8285_1_chr2	13720446	13736757	chr2_nbh07	17	22.29411765
at8285_1_chr3	989455	1003777	chr3_nbh01	14	13.07142857
at8285_1_chr3	1111360	1123190	chr3_nbh02	12	9.583333333
at8285_1_chr3	5309700	5313345	chr3_nbh05	4	21.75
at8285_1_chr3	9268300	9283500	chr3_nbh06	56	23.60714286
at8285_1_chr3	9693495	9699637	chr3_nbh07	2	11.5
at8285_1_chr3	11269707	11433758	chr3_nbh08	22	10.5
at8285_1_chr3	18986022	19092325	chr3_nbh10	40	19.925
at8285_1_chr3	19255627	19558265	chr3_nbh12	194	19.67010309
at8285_1_chr3	20381183	20496578	chr3_nbh13	168	18.79761905
at8285_1_chr3	22058457	22115627	chr3_nbh15	408	42.90196078
at8285_1_chr3	22299424	22305603	chr3_nbh16	6	10.66666667
at8285_1_chr3	22487623	22501347	chr3_nbh17	44	12
at8285_1_chr4	2690767	2798853	chr4_nbh03	14	68.14285714
at8285_1_chr4	9628943	9649610	chr4_nbh04	27	54.40740741
at8285_1_chr4	10208591	10249633	chr4_nbh06	168	21.125
at8285_1_chr4	11066819	11080158	chr4_nbh08	62	46.27419355
at8285_1_chr4	11158722	11183882	chr4_nbh09	121	27.23140496
at8285_1_chr4	11464597	11498685	chr4_nbh10	78	44.76923077
at8285_1_chr4	12593217	12707015	chr4_nbh11	114	24.83333333
at8285_1_chr4	13777669	13939336	chr4_nbh12	247	13.27530364
at8285_1_chr4	14702972	14737470	chr4_nbh13	157	45.29299363
at8285_1_chr4	14852827	14904325	chr4_nbh14	186	24.38709677
at8285_1_chr4	15032580	15047695	chr4_nbh15	2	12.5
at8285_1_chr4	16395534	16439596	chr4_nbh17	36	12.86111111
at8285_1_chr4	17895211	17904210	chr4_nbh19	22	11.5
at8285_1_chr4	20336087	20348472	chr4_nbh20	148	45.98648649
at8285_1_chr4	21379999	21402114	chr4_nbh21	20	15.7
at8285_1_chr5	1370052	1383215	chr5_nbh01	12	46.16666667
at8285_1_chr5	3603782	3613835	chr5_nbh03	6	37.83333333
at8285_1_chr5	5899394	5980004	chr5_nbh06	100	23.39
at8285_1_chr5	6063674	6078723	chr5_nbh07	12	17.5
at8285_1_chr5	7499966	7510274	chr5_nbh08	4	10.25
at8285_1_chr5	18793875	18845590	chr5_nbh11	8	18.125
at8285_1_chr5	19021610	19029394	chr5_nbh12	10	13.8
at8285_1_chr5	19521867	19546712	chr5_nbh13	14	21.07142857
at8285_1_chr5	19948503	19991129	chr5_nbh14	170	37.85294118
at8285_1_chr5	20195537	20215464	chr5_nbh15	7	10.57142857
at8285_1_chr5	20254530	20335130	chr5_nbh16	2	24
at8285_1_chr5	20683586	20718200	chr5_nbh17	14	11.21428571
at8285_1_chr5	21032639	21054895	chr5_nbh18	18	14.11111111
at8285_1_chr5	21138016	21151601	chr5_nbh19	20	15.2
at8285_1_chr5	21684438	21779288	chr5_nbh21	72	22.86111111
at8285_1_chr5	21829995	21921650	chr5_nbh22	269	16.18587361
at8285_1_chr5	21982576	22037904	chr5_nbh23	51	9.882352941
at8285_1_chr5	22304363	22321751	chr5_nbh24	26	9.038461538
at8285_1_chr5	22390940	22437113	chr5_nbh25	178	38.19662921
at8285_1_chr5	22740026	22808229	chr5_nbh26	155	76.48387097
at8285_1_chr5	23264418	23283665	chr5_nbh27	82	24.2195122
at8285_1_chr5	23323312	23345410	chr5_nbh28	10	20.6
at8285_1_chr5	24469612	24487332	chr5_nbh30	49	17.20408163
at8285_1_chr5	27021959	27038081	chr5_nbh32	6	11.66666667
at8285_1_chr5	28789422	28800013	chr5_nbh33	2	14
at8285_1_chr5	30109778	30253117	chr5_nbh34	36	14
at9104_1_chr1	3131741	3136908	chr1_nbh01	4	26.5
at9104_1_chr1	3653649	3659825	chr1_nbh02	14	10.42857143
at9104_1_chr1	4141637	4192519	chr1_nbh03	72	21.47222222
at9104_1_chr1	6044065	6057366	chr1_nbh05	11	13.72727273
at9104_1_chr1	9297374	9314634	chr1_nbh06	145	9.655172414
at9104_1_chr1	11164941	11218463	chr1_nbh07	24	9.916666667
at9104_1_chr1	12098248	12124342	chr1_nbh10	10	23.2
at9104_1_chr1	18730067	18798101	chr1_nbh14	44	11.20454545
at9104_1_chr1	21211159	21239740	chr1_nbh18	44	7.863636364
at9104_1_chr1	21295443	21322055	chr1_nbh19	70	16.62857143
at9104_1_chr1	21834424	21840363	chr1_nbh20	2	9
at9104_1_chr1	22114702	22125252	chr1_nbh22	10	12.3
at9104_1_chr1	23376989	23406485	chr1_nbh25	125	15.256
at9104_1_chr1	23548413	23631645	chr1_nbh26	145	22.07586207
at9104_1_chr1	23858501	23904506	chr1_nbh27	30	15.63333333
at9104_1_chr1	23912445	24140006	chr1_nbh28	714	44.55042017
at9104_1_chr1	24703331	24800127	chr1_nbh32	10	16
at9104_1_chr1	25352171	25708669	chr1_nbh35	5	8.2
at9104_1_chr1	25842770	25941476	chr1_nbh36	350	12.52
at9104_1_chr1	25991857	26010264	chr1_nbh37	51	14.29411765
at9104_1_chr1	26504017	26524530	chr1_nbh39	8	15.25
at9104_1_chr1	26708337	26715963	chr1_nbh40	17	8.411764706
at9104_1_chr1	26808999	26818401	chr1_nbh41	20	7.75
at9104_1_chr1	28351384	28385211	chr1_nbh42	4	10
at9104_1_chr1	29630148	29661426	chr1_nbh43	102	9.696078431
at9104_1_chr2	1066475	1947566	chr2_nbh01	8	13.5
at9104_1_chr2	9006723	9241673	chr2_nbh03	56	13.16071429
at9104_1_chr2	9537575	9703290	chr2_nbh04	341	79.19061584
at9104_1_chr2	11016948	11168420	chr2_nbh05	26	15.34615385
at9104_1_chr2	12431669	12436736	chr2_nbh06	8	6.875
at9104_1_chr2	14138005	14154351	chr2_nbh07	17	32.41176471
at9104_1_chr3	996325	1008471	chr3_nbh01	44	12.79545455
at9104_1_chr3	1119686	1131549	chr3_nbh02	16	10.3125
at9104_1_chr3	4986410	5001943	chr3_nbh04	41	12.85365854
at9104_1_chr3	5453380	5457016	chr3_nbh05	4	45.75
at9104_1_chr3	9403440	9418717	chr3_nbh06	27	15.07407407
at9104_1_chr3	9809937	9816010	chr3_nbh07	2	20
at9104_1_chr3	11402698	11564439	chr3_nbh08	38	11.31578947
at9104_1_chr3	19950661	20334529	chr3_nbh12	238	14.02521008
at9104_1_chr3	22744748	22795481	chr3_nbh15	328	11.43597561
at9104_1_chr3	22974187	22980369	chr3_nbh16	4	13
at9104_1_chr3	23157578	23171917	chr3_nbh17	12	7.416666667
at9104_1_chr4	2570625	2651197	chr4_nbh03	38	37.78947368
at9104_1_chr4	8118091	8147853	chr4_nbh04	27	54.14814815
at9104_1_chr4	9897772	9931604	chr4_nbh10	56	47.69642857
at9104_1_chr4	11057404	11166940	chr4_nbh11	7	2.857142857
at9104_1_chr4	12248389	12497522	chr4_nbh12	594	65.62794613
at9104_1_chr4	13264124	13298783	chr4_nbh13	328	44.29878049
at9104_1_chr4	13422286	13484965	chr4_nbh14	153	15.07189542
at9104_1_chr4	13627527	13649791	chr4_nbh15	2	16.5
at9104_1_chr4	15040774	15084850	chr4_nbh17	36	10.69444444
at9104_1_chr4	16436075	16450067	chr4_nbh19	90	15.02222222
at9104_1_chr4	18826387	18838241	chr4_nbh20	144	37.9375
at9104_1_chr4	19877792	19898202	chr4_nbh21	22	40.54545455
at9104_1_chr5	1347203	1360368	chr5_nbh01	12	46.08333333
at9104_1_chr5	3567807	3578610	chr5_nbh03	6	12.5
at9104_1_chr5	3907506	3920360	chr5_nbh04	34	29.02941176
at9104_1_chr5	5794276	5803605	chr5_nbh05	6	10.33333333
at9104_1_chr5	5877669	5959230	chr5_nbh06	138	13.75362319
at9104_1_chr5	6042498	6057550	chr5_nbh07	12	13.58333333
at9104_1_chr5	7489912	7499204	chr5_nbh08	4	10
at9104_1_chr5	17693214	17723261	chr5_nbh09	26	19.38461538
at9104_1_chr5	18457130	18486020	chr5_nbh10	32	17.03125
at9104_1_chr5	19223656	19270516	chr5_nbh11	8	9.625
at9104_1_chr5	19448669	19469350	chr5_nbh12	10	21.3
at9104_1_chr5	19936970	19972226	chr5_nbh13	12	11.08333333
at9104_1_chr5	20285909	20333396	chr5_nbh14	26	15.38461538
at9104_1_chr5	20533041	20552995	chr5_nbh15	99	15.38383838
at9104_1_chr5	20591969	20700997	chr5_nbh16	74	11.60810811
at9104_1_chr5	21050217	21084821	chr5_nbh17	12	8.666666667
at9104_1_chr5	21389802	21418095	chr5_nbh18	32	14.1875
at9104_1_chr5	21494915	21512429	chr5_nbh19	16	14
at9104_1_chr5	21851898	21868180	chr5_nbh20	21	29.0952381
at9104_1_chr5	22029298	22127240	chr5_nbh21	64	20.96875
at9104_1_chr5	22180341	22248627	chr5_nbh22	422	14.57582938
at9104_1_chr5	22308716	22396012	chr5_nbh23	38	8.868421053
at9104_1_chr5	22669241	22686636	chr5_nbh24	18	4.388888889
at9104_1_chr5	22757407	22793636	chr5_nbh25	312	11.60576923
at9104_1_chr5	23093365	23161682	chr5_nbh26	47	22.93617021
at9104_1_chr5	23625303	23639453	chr5_nbh27	26	8.923076923
at9104_1_chr5	23820696	23831137	chr5_nbh29	26	10.53846154
at9104_1_chr5	24832604	24848492	chr5_nbh30	17	21.64705882
at9104_1_chr5	27393308	27409534	chr5_nbh32	6	13.83333333
at9104_1_chr5	29155566	29166095	chr5_nbh33	2	6
at9104_1_chr5	30461147	30603902	chr5_nbh34	40	19.275
at9336_1_chr1	3134965	3140128	chr1_nbh01	4	28.5
at9336_1_chr1	3667353	3673512	chr1_nbh02	14	12.35714286
at9336_1_chr1	4154118	4207688	chr1_nbh03	6	10.16666667
at9336_1_chr1	5480185	5510626	chr1_nbh04	12	8
at9336_1_chr1	6073622	6086917	chr1_nbh05	11	15.72727273
at9336_1_chr1	9322124	9339908	chr1_nbh06	155	9.935483871
at9336_1_chr1	11126494	11165737	chr1_nbh07	14	11.57142857
at9336_1_chr1	12009760	12036185	chr1_nbh10	11	23.27272727
at9336_1_chr1	20958243	20995740	chr1_nbh16	71	8.295774648
at9336_1_chr1	22189962	22199063	chr1_nbh17	6	11.16666667
at9336_1_chr1	22576746	22607383	chr1_nbh18	76	9.671052632
at9336_1_chr1	22676788	22688229	chr1_nbh19	14	14.42857143
at9336_1_chr1	23189800	23195757	chr1_nbh20	2	12
at9336_1_chr1	23477336	23488735	chr1_nbh22	10	18.8
at9336_1_chr1	24721526	24780676	chr1_nbh25	77	38.93506494
at9336_1_chr1	24915901	25003107	chr1_nbh26	163	12.82208589
at9336_1_chr1	25229864	25273084	chr1_nbh27	71	15.23943662
at9336_1_chr1	25280933	25517745	chr1_nbh28	282	13.19858156
at9336_1_chr1	26719729	27115877	chr1_nbh35	10	8.3
at9336_1_chr1	27244887	27342484	chr1_nbh36	68	13.63235294
at9336_1_chr1	27382438	27400771	chr1_nbh37	10	12.9
at9336_1_chr1	27904793	27921650	chr1_nbh39	12	15.41666667
at9336_1_chr1	28109042	28116682	chr1_nbh40	12	10.58333333
at9336_1_chr1	28209172	28218555	chr1_nbh41	18	8.388888889
at9336_1_chr1	29750352	29777316	chr1_nbh42	6	9.166666667
at9336_1_chr1	31030740	31062030	chr1_nbh43	52	10.23076923
at9336_1_chr2	8301031	8611057	chr2_nbh03	56	13.39285714
at9336_1_chr2	8956102	9094408	chr2_nbh04	54	55.37037037
at9336_1_chr2	10405652	10550682	chr2_nbh05	68	16.36764706
at9336_1_chr2	11823703	11828770	chr2_nbh06	20	31.65
at9336_1_chr3	989584	1014588	chr3_nbh01	106	12.66981132
at9336_1_chr3	1124654	1136490	chr3_nbh02	16	11.25
at9336_1_chr3	2275736	2286495	chr3_nbh03	34	13.88235294
at9336_1_chr3	4913987	4929578	chr3_nbh04	8	9.25
at9336_1_chr3	5364569	5368214	chr3_nbh05	4	20.25
at9336_1_chr3	9300459	9315682	chr3_nbh06	56	37.48214286
at9336_1_chr3	9707909	9715065	chr3_nbh07	2	20
at9336_1_chr3	11302869	11451458	chr3_nbh08	6	13.83333333
at9336_1_chr3	19201684	19357631	chr3_nbh09	12	86.75
at9336_1_chr3	19577943	19902222	chr3_nbh12	379	66.38522427
at9336_1_chr3	20709819	20825032	chr3_nbh13	169	15.24852071
at9336_1_chr3	21726398	21966589	chr3_nbh14	8	16.375
at9336_1_chr3	22357007	22380492	chr3_nbh15	52	11.03846154
at9336_1_chr3	22563604	22569788	chr3_nbh16	4	17.5
at9336_1_chr3	22747717	22762061	chr3_nbh17	12	9.083333333
at9336_1_chr4	2561394	2649820	chr4_nbh03	14	70.5
at9336_1_chr4	10159690	10186124	chr4_nbh04	27	50.7037037
at9336_1_chr4	10724574	10766074	chr4_nbh06	22	10.72727273
at9336_1_chr4	11649785	11666853	chr4_nbh09	119	26.68067227
at9336_1_chr4	11958620	11990973	chr4_nbh10	62	42.85483871
at9336_1_chr4	13053553	13157887	chr4_nbh11	6	7.166666667
at9336_1_chr4	14227238	14378176	chr4_nbh12	1041	41.85014409
at9336_1_chr4	15146172	15168953	chr4_nbh13	6	10.66666667
at9336_1_chr4	15281682	15347489	chr4_nbh14	100	22.07
at9336_1_chr4	15480232	15498691	chr4_nbh15	2	6
at9336_1_chr4	16873547	16917564	chr4_nbh17	36	9.277777778
at9336_1_chr4	20711643	20723366	chr4_nbh20	130	38.34615385
at9336_1_chr4	21764872	21785281	chr4_nbh21	24	18.5
at9336_1_chr5	1363367	1376331	chr5_nbh01	12	42
at9336_1_chr5	1600633	1615250	chr5_nbh02	30	13.23333333
at9336_1_chr5	3604875	3614923	chr5_nbh03	6	14
at9336_1_chr5	3945692	3957999	chr5_nbh04	32	16.3125
at9336_1_chr5	5915123	5924456	chr5_nbh05	6	12.16666667
at9336_1_chr5	5999040	6082418	chr5_nbh06	45	11.26666667
at9336_1_chr5	6165948	6186826	chr5_nbh07	114	17.86842105
at9336_1_chr5	7655731	7665373	chr5_nbh08	4	11.5
at9336_1_chr5	17886435	17910557	chr5_nbh09	8	20.375
at9336_1_chr5	18664015	18698680	chr5_nbh10	104	14.84615385
at9336_1_chr5	19498706	19550687	chr5_nbh11	164	38.09756098
at9336_1_chr5	19726213	19733997	chr5_nbh12	98	25.47959184
at9336_1_chr5	20207064	20245199	chr5_nbh13	12	13.91666667
at9336_1_chr5	20571148	20605216	chr5_nbh14	10	9.5
at9336_1_chr5	20821283	20841146	chr5_nbh15	7	9
at9336_1_chr5	20880025	20967806	chr5_nbh16	12	11.25
at9336_1_chr5	21308259	21342746	chr5_nbh17	12	8.666666667
at9336_1_chr5	21658549	21679018	chr5_nbh18	26	10.23076923
at9336_1_chr5	21754287	21771694	chr5_nbh19	28	12.39285714
at9336_1_chr5	22284001	22381112	chr5_nbh21	75	17.90666667
at9336_1_chr5	22432786	22509979	chr5_nbh22	410	12.84634146
at9336_1_chr5	22569777	22620100	chr5_nbh23	54	18.66666667
at9336_1_chr5	22895830	22913761	chr5_nbh24	18	7.111111111
at9336_1_chr5	22987754	23016893	chr5_nbh25	93	16.19354839
at9336_1_chr5	23309805	23376653	chr5_nbh26	32	18
at9336_1_chr5	23854235	23868390	chr5_nbh27	20	10.8
at9336_1_chr5	25056490	25074088	chr5_nbh30	9	21.88888889
at9336_1_chr5	26882474	26888412	chr5_nbh31	2	8.5
at9336_1_chr5	29398108	29408699	chr5_nbh33	2	58
at9336_1_chr5	30720529	30867167	chr5_nbh34	174	13.83333333
at9503_1_chr1	3135949	3141116	chr1_nbh01	4	31.25
at9503_1_chr1	3643516	3649674	chr1_nbh02	4	14.5
at9503_1_chr1	4132868	4184134	chr1_nbh03	76	26.21052632
at9503_1_chr1	5445900	5476402	chr1_nbh04	28	11.32142857
at9503_1_chr1	6020282	6033602	chr1_nbh05	11	15
at9503_1_chr1	9285589	9303548	chr1_nbh06	117	8.299145299
at9503_1_chr1	11117694	11154242	chr1_nbh07	22	13.45454545
at9503_1_chr1	11984566	12011793	chr1_nbh10	10	13.6
at9503_1_chr1	20733087	20763307	chr1_nbh18	22	8.318181818
at9503_1_chr1	20820378	20831787	chr1_nbh19	16	13
at9503_1_chr1	21344441	21350721	chr1_nbh20	2	8.5
at9503_1_chr1	21621068	21631615	chr1_nbh22	10	14.1
at9503_1_chr1	22867881	22901372	chr1_nbh25	100	38.59
at9503_1_chr1	23044559	23135250	chr1_nbh26	116	13.60344828
at9503_1_chr1	23419473	23660312	chr1_nbh28	558	34.90501792
at9503_1_chr1	24208480	24316898	chr1_nbh32	4	53
at9503_1_chr1	24798757	24825036	chr1_nbh34	100	13.34
at9503_1_chr1	24861258	25211678	chr1_nbh35	182	13.38461538
at9503_1_chr1	25341694	25447881	chr1_nbh36	328	16.03658537
at9503_1_chr1	26028546	26046376	chr1_nbh39	12	19.33333333
at9503_1_chr1	26333431	26342819	chr1_nbh41	20	7.55
at9503_1_chr1	27877124	27905887	chr1_nbh42	24	9.083333333
at9503_1_chr1	29158857	29198662	chr1_nbh43	77	12.16883117
at9503_1_chr2	8464361	8564178	chr2_nbh04	25	18.92
at9503_1_chr2	9857687	10001654	chr2_nbh05	26	26.34615385
at9503_1_chr2	11274428	11279856	chr2_nbh06	8	7.625
at9503_1_chr2	12976956	12993309	chr2_nbh07	17	27.58823529
at9503_1_chr2	14349592	14361466	chr2_nbh09	26	41.57692308
at9503_1_chr3	987070	999231	chr3_nbh01	44	13.90909091
at9503_1_chr3	1110877	1122649	chr3_nbh02	16	12.5625
at9503_1_chr3	2237538	2248207	chr3_nbh03	2	20.5
at9503_1_chr3	4877128	4892726	chr3_nbh04	29	12.24137931
at9503_1_chr3	5336000	5339645	chr3_nbh05	4	18.25
at9503_1_chr3	9284186	9299392	chr3_nbh06	26	16
at9503_1_chr3	9715538	9721614	chr3_nbh07	2	14
at9503_1_chr3	11349506	11511909	chr3_nbh08	46	14.86956522
at9503_1_chr3	20225083	20398587	chr3_nbh09	12	14.41666667
at9503_1_chr3	20601648	20912753	chr3_nbh12	251	24.41832669
at9503_1_chr3	21687526	21796881	chr3_nbh13	10	7.5
at9503_1_chr3	23293737	23344591	chr3_nbh15	366	13.71311475
at9503_1_chr3	23533683	23539864	chr3_nbh16	4	15.75
at9503_1_chr3	23718023	23732369	chr3_nbh17	12	7.583333333
at9503_1_chr4	2740129	2852874	chr4_nbh03	14	70.64285714
at9503_1_chr4	9566106	9592165	chr4_nbh04	27	52.85185185
at9503_1_chr4	11019090	11031882	chr4_nbh08	154	33.57142857
at9503_1_chr4	11412021	11451201	chr4_nbh10	93	18.77419355
at9503_1_chr4	12556053	12664732	chr4_nbh11	6	5.666666667
at9503_1_chr4	13745379	13888270	chr4_nbh12	147	18.48979592
at9503_1_chr4	14670254	14704924	chr4_nbh13	211	32.492891
at9503_1_chr4	14816819	14895039	chr4_nbh14	315	18.48253968
at9503_1_chr4	15029618	15044914	chr4_nbh15	10	8.1
at9503_1_chr4	16441209	16486167	chr4_nbh17	18	11.5
at9503_1_chr4	17903058	17912046	chr4_nbh19	18	15.22222222
at9503_1_chr4	20308966	20321347	chr4_nbh20	110	53.46363636
at9503_1_chr4	21349646	21370097	chr4_nbh21	18	33.72222222
at9503_1_chr5	1383769	1396528	chr5_nbh01	12	45.58333333
at9503_1_chr5	3601764	3611823	chr5_nbh03	50	12.92
at9503_1_chr5	3937194	3949492	chr5_nbh04	36	15.05555556
at9503_1_chr5	5912471	6004524	chr5_nbh06	129	28.10852713
at9503_1_chr5	6087831	6109167	chr5_nbh07	36	13.33333333
at9503_1_chr5	7559441	7568759	chr5_nbh08	4	8.25
at9503_1_chr5	18260847	18294214	chr5_nbh10	90	12.41111111
at9503_1_chr5	19024003	19074438	chr5_nbh11	6	16.33333333
at9503_1_chr5	19231757	19239373	chr5_nbh12	10	11.6
at9503_1_chr5	19719800	19746340	chr5_nbh13	39	12.30769231
at9503_1_chr5	20054071	20103187	chr5_nbh14	26	28.07692308
at9503_1_chr5	20314185	20342785	chr5_nbh15	2	4
at9503_1_chr5	20380276	20479488	chr5_nbh16	8	13.75
at9503_1_chr5	20814247	20850053	chr5_nbh17	26	28.46153846
at9503_1_chr5	21145291	21173580	chr5_nbh18	120	11.91666667
at9503_1_chr5	21251555	21269456	chr5_nbh19	32	17.75
at9503_1_chr5	21610784	21625995	chr5_nbh20	21	29.61904762
at9503_1_chr5	21783849	21881542	chr5_nbh21	146	23.32876712
at9503_1_chr5	21932694	22003186	chr5_nbh22	414	12.50966184
at9503_1_chr5	22063202	22160802	chr5_nbh23	69	10.30434783
at9503_1_chr5	22440209	22463936	chr5_nbh24	22	6
at9503_1_chr5	22526437	22556395	chr5_nbh25	181	41.03314917
at9503_1_chr5	22859493	22927816	chr5_nbh26	48	39.95833333
at9503_1_chr5	23396644	23415637	chr5_nbh27	30	11.13333333
at9503_1_chr5	23450726	23472828	chr5_nbh28	26	16.73076923
at9503_1_chr5	23602502	23613015	chr5_nbh29	26	12.76923077
at9503_1_chr5	26419864	26425801	chr5_nbh31	2	5
at9503_1_chr5	27183662	27199803	chr5_nbh32	12	8.916666667
at9503_1_chr5	28944480	28955072	chr5_nbh33	2	11.5
at9503_1_chr5	30233086	30375862	chr5_nbh34	36	13.16666667
at9578_1_chr1	3117595	3122371	chr1_nbh01	4	30.75
at9578_1_chr1	3626649	3632807	chr1_nbh02	14	10.64285714
at9578_1_chr1	4126846	4187321	chr1_nbh03	32	12.34375
at9578_1_chr1	6035902	6049195	chr1_nbh05	11	13.09090909
at9578_1_chr1	9299118	9316384	chr1_nbh06	137	11.11678832
at9578_1_chr1	11142192	11181137	chr1_nbh07	16	13.875
at9578_1_chr1	12020282	12047506	chr1_nbh10	10	12.6
at9578_1_chr1	12360638	12433356	chr1_nbh12	38	77.07894737
at9578_1_chr1	22074380	22099738	chr1_nbh19	14	12.07142857
at9578_1_chr1	22609298	22617853	chr1_nbh20	2	20
at9578_1_chr1	22914734	22925321	chr1_nbh22	10	14.3
at9578_1_chr1	24200891	24226560	chr1_nbh25	56	10.46428571
at9578_1_chr1	24359408	24445772	chr1_nbh26	272	13.64338235
at9578_1_chr1	24674519	24717715	chr1_nbh27	54	10.55555556
at9578_1_chr1	24725574	24956500	chr1_nbh28	203	17.97536946
at9578_1_chr1	25506301	25598974	chr1_nbh32	16	22.875
at9578_1_chr1	26148595	26482961	chr1_nbh35	68	15.69117647
at9578_1_chr1	26611288	26712002	chr1_nbh36	72	12.65277778
at9578_1_chr1	26751884	26770254	chr1_nbh37	10	13.3
at9578_1_chr1	27263107	27280980	chr1_nbh39	12	15.58333333
at9578_1_chr1	27466284	27473922	chr1_nbh40	17	12.17647059
at9578_1_chr1	27567251	27576615	chr1_nbh41	18	11.44444444
at9578_1_chr1	29100779	29129097	chr1_nbh42	18	56.16666667
at9578_1_chr1	30363083	30394740	chr1_nbh43	126	10.8968254
at9578_1_chr2	7178617	7437067	chr2_nbh03	52	11.88461538
at9578_1_chr2	7798966	7919160	chr2_nbh04	26	39.5
at9578_1_chr2	9265018	9408912	chr2_nbh05	102	22.24509804
at9578_1_chr2	10691162	10696196	chr2_nbh06	20	24.2
at9578_1_chr2	12375468	12391768	chr2_nbh07	17	33.82352941
at9578_1_chr2	13798096	13809932	chr2_nbh09	26	40.34615385
at9578_1_chr3	983044	995205	chr3_nbh01	18	12.44444444
at9578_1_chr3	1107057	1118901	chr3_nbh02	16	9.6875
at9578_1_chr3	4853360	4868939	chr3_nbh04	6	8.166666667
at9578_1_chr3	5334439	5338084	chr3_nbh05	4	17
at9578_1_chr3	9312679	9327943	chr3_nbh06	8	12.375
at9578_1_chr3	11374203	11512534	chr3_nbh08	12	50.83333333
at9578_1_chr3	18474117	18644535	chr3_nbh09	12	27.16666667
at9578_1_chr3	18900436	19227620	chr3_nbh12	328	27.62804878
at9578_1_chr3	21669679	21694749	chr3_nbh15	40	12.2
at9578_1_chr3	21885008	21891184	chr3_nbh16	4	18.25
at9578_1_chr3	22070082	22084420	chr3_nbh17	12	4.75
at9578_1_chr4	2524752	2633852	chr4_nbh03	14	71
at9578_1_chr4	10379420	10408022	chr4_nbh04	27	52.62962963
at9578_1_chr4	11052259	11096885	chr4_nbh06	18	12.05555556
at9578_1_chr4	12018050	12036296	chr4_nbh09	121	26.30578512
at9578_1_chr4	12335758	12369352	chr4_nbh10	47	34.06382979
at9578_1_chr4	13465954	13572709	chr4_nbh11	6	1.333333333
at9578_1_chr4	14630702	14913228	chr4_nbh12	1571	51.05346913
at9578_1_chr4	15695391	15728941	chr4_nbh13	94	33.61702128
at9578_1_chr4	15853386	15921451	chr4_nbh14	182	23.23076923
at9578_1_chr4	16060465	16082726	chr4_nbh15	2	12
at9578_1_chr4	16836849	16853395	chr4_nbh16	12	7.416666667
at9578_1_chr4	17427912	17480820	chr4_nbh17	38	10.57894737
at9578_1_chr4	21247428	21259729	chr4_nbh20	68	63.01470588
at9578_1_chr4	22297143	22316841	chr4_nbh21	27	13.74074074
at9578_1_chr5	1366968	1379977	chr5_nbh01	12	46.75
at9578_1_chr5	3620259	3630310	chr5_nbh03	8	25.125
at9578_1_chr5	5852573	5861905	chr5_nbh05	6	13.66666667
at9578_1_chr5	5936828	6018773	chr5_nbh06	17	8.588235294
at9578_1_chr5	6101993	6123269	chr5_nbh07	36	11.16666667
at9578_1_chr5	7559509	7568110	chr5_nbh08	14	11.07142857
at9578_1_chr5	17626251	17657937	chr5_nbh10	96	11.64583333
at9578_1_chr5	18351941	18404889	chr5_nbh11	82	45.56097561
at9578_1_chr5	18562222	18569838	chr5_nbh12	10	12.2
at9578_1_chr5	19122848	19147638	chr5_nbh13	86	12.06976744
at9578_1_chr5	19473793	19521620	chr5_nbh14	79	24.25316456
at9578_1_chr5	19739499	19760241	chr5_nbh15	7	9.571428571
at9578_1_chr5	19797481	19896204	chr5_nbh16	69	12.01449275
at9578_1_chr5	20234994	20268143	chr5_nbh17	14	19.07142857
at9578_1_chr5	20560948	20608713	chr5_nbh18	182	14.17582418
at9578_1_chr5	20705031	20722075	chr5_nbh19	32	20.46875
at9578_1_chr5	21067925	21083450	chr5_nbh20	21	28.52380952
at9578_1_chr5	21243403	21361359	chr5_nbh21	107	13.76635514
at9578_1_chr5	21414019	21491328	chr5_nbh22	387	14.24289406
at9578_1_chr5	21551188	21642783	chr5_nbh23	46	11.73913043
at9578_1_chr5	21927152	21945158	chr5_nbh24	24	8.583333333
at9578_1_chr5	22007381	22048676	chr5_nbh25	332	20.91566265
at9578_1_chr5	22346520	22412690	chr5_nbh26	32	11.8125
at9578_1_chr5	22876820	22890867	chr5_nbh27	30	12.53333333
at9578_1_chr5	23072724	23083166	chr5_nbh29	24	11.79166667
at9578_1_chr5	26670881	26687131	chr5_nbh32	6	11.5
at9578_1_chr5	28447192	28457727	chr5_nbh33	2	14.5
at9578_1_chr5	29761115	29900330	chr5_nbh34	8	9
at9744_1_chr1	3122004	3127167	chr1_nbh01	4	29.5
at9744_1_chr1	3635398	3641559	chr1_nbh02	14	9.571428571
at9744_1_chr1	4125484	4174477	chr1_nbh03	42	23.19047619
at9744_1_chr1	6034004	6047315	chr1_nbh05	11	13.90909091
at9744_1_chr1	9295679	9313463	chr1_nbh06	117	7.905982906
at9744_1_chr1	11093780	11143137	chr1_nbh07	18	19.88888889
at9744_1_chr1	12005382	12031090	chr1_nbh10	10	12
at9744_1_chr1	18592177	18644933	chr1_nbh13	44	17.63636364
at9744_1_chr1	18963742	19012257	chr1_nbh15	20	14.7
at9744_1_chr1	19655081	19682759	chr1_nbh16	75	14.32
at9744_1_chr1	20916285	20925480	chr1_nbh17	2	3.5
at9744_1_chr1	21306731	21335678	chr1_nbh18	66	17.53030303
at9744_1_chr1	21397905	21423487	chr1_nbh19	12	11.33333333
at9744_1_chr1	21928761	21934729	chr1_nbh20	2	9.5
at9744_1_chr1	22213752	22224314	chr1_nbh22	10	12.4
at9744_1_chr1	23503291	23557982	chr1_nbh25	42	23.92857143
at9744_1_chr1	23691272	23769378	chr1_nbh26	128	13.8046875
at9744_1_chr1	24000093	24043405	chr1_nbh27	16	21.4375
at9744_1_chr1	24051344	24301974	chr1_nbh28	688	23.05959302
at9744_1_chr1	24987473	25083665	chr1_nbh32	108	15.28703704
at9744_1_chr1	25616608	26067520	chr1_nbh35	10	10.6
at9744_1_chr1	26196198	26302440	chr1_nbh36	322	15.55900621
at9744_1_chr1	26342384	26360785	chr1_nbh37	50	12.52
at9744_1_chr1	26854719	26872513	chr1_nbh39	14	17.07142857
at9744_1_chr1	27063158	27070837	chr1_nbh40	17	10.05882353
at9744_1_chr1	27166027	27174048	chr1_nbh41	34	13.91176471
at9744_1_chr1	28703169	28731088	chr1_nbh42	21	48.95238095
at9744_1_chr1	29975515	30013786	chr1_nbh43	60	10.35
at9744_1_chr2	7007466	7130112	chr2_nbh04	148	39.30405405
at9744_1_chr2	8376161	8511890	chr2_nbh05	22	17.95454545
at9744_1_chr2	9793911	9798989	chr2_nbh06	8	8.625
at9744_1_chr3	999248	1014667	chr3_nbh01	14	10.71428571
at9744_1_chr3	1122238	1134066	chr3_nbh02	12	8
at9744_1_chr3	5330121	5333766	chr3_nbh05	4	23.75
at9744_1_chr3	9295259	9310495	chr3_nbh06	18	12.72222222
at9744_1_chr3	9730949	9737023	chr3_nbh07	2	19
at9744_1_chr3	11343124	11485735	chr3_nbh08	6	9.333333333
at9744_1_chr3	19626116	19994694	chr3_nbh12	243	65.90123457
at9744_1_chr3	20799380	20909247	chr3_nbh13	168	14.66071429
at9744_1_chr3	21851359	22087214	chr3_nbh14	6	68.83333333
at9744_1_chr3	22465274	22491258	chr3_nbh15	12	10.41666667
at9744_1_chr3	22675968	22682154	chr3_nbh16	4	12.5
at9744_1_chr3	22861230	22875556	chr3_nbh17	12	8.583333333
at9744_1_chr4	2727709	2811291	chr4_nbh03	14	66.57142857
at9744_1_chr4	10188222	10214002	chr4_nbh04	27	52.77777778
at9744_1_chr4	10827062	10870194	chr4_nbh06	22	11.77272727
at9744_1_chr4	11679945	11694531	chr4_nbh08	72	60.58333333
at9744_1_chr4	11768924	11791378	chr4_nbh09	121	25.66942149
at9744_1_chr4	12065358	12107551	chr4_nbh10	56	51.57142857
at9744_1_chr4	13180543	13288149	chr4_nbh11	6	4.166666667
at9744_1_chr4	14380318	14561809	chr4_nbh12	461	33.26464208
at9744_1_chr4	15334750	15366689	chr4_nbh13	10	6.7
at9744_1_chr4	15485315	15549776	chr4_nbh14	502	24.77888446
at9744_1_chr4	15680534	15706117	chr4_nbh15	2	11.5
at9744_1_chr4	17103307	17149731	chr4_nbh17	38	10.10526316
at9744_1_chr4	20927081	20939381	chr4_nbh20	70	63.41428571
at9744_1_chr4	21979751	22000137	chr4_nbh21	20	23.9
at9744_1_chr5	1365383	1378550	chr5_nbh01	12	47.5
at9744_1_chr5	1599842	1612716	chr5_nbh02	24	12.45833333
at9744_1_chr5	3610873	3621658	chr5_nbh03	6	15.33333333
at9744_1_chr5	5833314	5842647	chr5_nbh05	6	56.66666667
at9744_1_chr5	5913360	6001555	chr5_nbh06	91	13.16483516
at9744_1_chr5	6084970	6106218	chr5_nbh07	186	11.91935484
at9744_1_chr5	7536362	7544967	chr5_nbh08	4	8.75
at9744_1_chr5	19339910	19409405	chr5_nbh11	180	77.55555556
at9744_1_chr5	19592679	19600433	chr5_nbh12	8	15.75
at9744_1_chr5	20401327	20424510	chr5_nbh13	40	8.775
at9744_1_chr5	20750957	20795434	chr5_nbh14	10	12.3
at9744_1_chr5	20996928	21016844	chr5_nbh15	130	12.66923077
at9744_1_chr5	21052986	21153955	chr5_nbh16	310	77.19354839
at9744_1_chr5	21495489	21529944	chr5_nbh17	12	15.25
at9744_1_chr5	21815168	21853665	chr5_nbh18	57	14
at9744_1_chr5	21949081	21966468	chr5_nbh19	40	17.775
at9744_1_chr5	22505991	22609632	chr5_nbh21	60	16.48333333
at9744_1_chr5	22660708	22739507	chr5_nbh22	232	13.58189655
at9744_1_chr5	22799698	22899323	chr5_nbh23	138	13.16666667
at9744_1_chr5	23172357	23189703	chr5_nbh24	20	5.6
at9744_1_chr5	23253211	23282078	chr5_nbh25	80	15.8125
at9744_1_chr5	23581907	23649732	chr5_nbh26	47	26.82978723
at9744_1_chr5	24106762	24126364	chr5_nbh27	38	10.94736842
at9744_1_chr5	24161795	24183894	chr5_nbh28	26	10.88461538
at9744_1_chr5	24314833	24327702	chr5_nbh29	24	11.25
at9744_1_chr5	25324349	25342083	chr5_nbh30	47	14.53191489
at9744_1_chr5	27116598	27122536	chr5_nbh31	2	8.5
at9744_1_chr5	27876583	27892820	chr5_nbh32	4	17
at9744_1_chr5	29644202	29654737	chr5_nbh33	2	10
at9744_1_chr5	30943519	31086225	chr5_nbh34	40	17.95
at9762_1_chr1	3151319	3156480	chr1_nbh01	4	35.25
at9762_1_chr1	3666692	3672847	chr1_nbh02	14	8.928571429
at9762_1_chr1	4167172	4220491	chr1_nbh03	94	15.65957447
at9762_1_chr1	5481412	5511836	chr1_nbh04	8	8
at9762_1_chr1	6055279	6069115	chr1_nbh05	11	10.72727273
at9762_1_chr1	9314179	9336570	chr1_nbh06	108	8.12962963
at9762_1_chr1	11275982	11317855	chr1_nbh07	70	67.3
at9762_1_chr1	20804042	20872246	chr1_nbh14	54	12.62962963
at9762_1_chr1	22915842	22934281	chr1_nbh17	8	33.25
at9762_1_chr1	23964320	23973204	chr1_nbh20	2	12.5
at9762_1_chr1	24249407	24264963	chr1_nbh22	10	12.6
at9762_1_chr1	25520934	25533528	chr1_nbh24	20	23.05
at9762_1_chr1	25535213	25581441	chr1_nbh25	60	22.03333333
at9762_1_chr1	25709275	25795494	chr1_nbh26	128	13.3203125
at9762_1_chr1	26033517	26080460	chr1_nbh27	44	14.40909091
at9762_1_chr1	26088303	26321784	chr1_nbh28	108	13.49074074
at9762_1_chr1	26380380	26395617	chr1_nbh29	4	8.75
at9762_1_chr1	26882164	26985177	chr1_nbh32	8	18.75
at9762_1_chr1	27539840	27881153	chr1_nbh35	33	8.878787879
at9762_1_chr1	28010937	28103026	chr1_nbh36	52	17.23076923
at9762_1_chr1	28146247	28164622	chr1_nbh37	10	9.1
at9762_1_chr1	28676225	28694895	chr1_nbh39	14	11.85714286
at9762_1_chr1	28880578	28888269	chr1_nbh40	16	15.375
at9762_1_chr1	30519137	30547304	chr1_nbh42	17	61.70588235
at9762_1_chr1	31818469	31856955	chr1_nbh43	70	11.55714286
at9762_1_chr2	8401045	8663068	chr2_nbh03	54	17.81481481
at9762_1_chr2	8985712	9138347	chr2_nbh04	62	50.5
at9762_1_chr2	10383208	10522835	chr2_nbh05	96	13.55208333
at9762_1_chr2	11817691	11822791	chr2_nbh06	8	9.875
at9762_1_chr2	13887481	13903158	chr2_nbh08	124	16.80645161
at9762_1_chr3	989612	1008766	chr3_nbh01	72	12.375
at9762_1_chr3	1121815	1133401	chr3_nbh02	16	9.0625
at9762_1_chr3	4932620	4947656	chr3_nbh04	6	11.5
at9762_1_chr3	5381823	5385467	chr3_nbh05	4	18
at9762_1_chr3	9340106	9355376	chr3_nbh06	28	16
at9762_1_chr3	9762376	9768454	chr3_nbh07	2	15
at9762_1_chr3	19314561	19414672	chr3_nbh10	62	65.29032258
at9762_1_chr3	19487671	19599390	chr3_nbh11	217	39.91705069
at9762_1_chr3	19641532	19914435	chr3_nbh12	177	21.6440678
at9762_1_chr3	20900219	21011033	chr3_nbh13	7	7.428571429
at9762_1_chr3	22551466	22579000	chr3_nbh15	50	11
at9762_1_chr3	22757039	22767121	chr3_nbh16	6	14.5
at9762_1_chr3	22947038	22961383	chr3_nbh17	12	6.666666667
at9762_1_chr4	2472664	2552431	chr4_nbh03	14	70.07142857
at9762_1_chr4	9936518	9962713	chr4_nbh04	23	61.26086957
at9762_1_chr4	11368473	11381259	chr4_nbh08	152	43.35526316
at9762_1_chr4	11467269	11485615	chr4_nbh09	125	25.408
at9762_1_chr4	11771758	11806509	chr4_nbh10	61	46.96721311
at9762_1_chr4	12856079	12968393	chr4_nbh11	6	7.666666667
at9762_1_chr4	14043185	14312856	chr4_nbh12	401	15.54862843
at9762_1_chr4	15082411	15136859	chr4_nbh13	116	19.03448276
at9762_1_chr4	15282603	15333682	chr4_nbh14	259	12.92277992
at9762_1_chr4	15468536	15483646	chr4_nbh15	2	13
at9762_1_chr4	16906243	16950277	chr4_nbh17	38	21.18421053
at9762_1_chr4	20928931	20939127	chr4_nbh20	52	21.30769231
at9762_1_chr4	21972144	21998753	chr4_nbh21	30	17.6
at9762_1_chr5	1363288	1376029	chr5_nbh01	16	36.5625
at9762_1_chr5	5899587	5908906	chr5_nbh05	6	14.83333333
at9762_1_chr5	5982980	6066517	chr5_nbh06	41	11.82926829
at9762_1_chr5	6149887	6164930	chr5_nbh07	12	16.75
at9762_1_chr5	7630005	7640238	chr5_nbh08	4	10.5
at9762_1_chr5	18956515	18984437	chr5_nbh10	44	17.45454545
at9762_1_chr5	19769847	19831636	chr5_nbh11	182	81.36263736
at9762_1_chr5	20003957	20011741	chr5_nbh12	10	13.9
at9762_1_chr5	20555951	20580825	chr5_nbh13	12	5.25
at9762_1_chr5	20911229	20952182	chr5_nbh14	30	33.3
at9762_1_chr5	21151593	21171481	chr5_nbh15	7	12.57142857
at9762_1_chr5	21210018	21295122	chr5_nbh16	2	5.5
at9762_1_chr5	21629998	21664514	chr5_nbh17	18	6.888888889
at9762_1_chr5	21973203	22001330	chr5_nbh18	74	10.67567568
at9762_1_chr5	22081666	22099010	chr5_nbh19	12	18.16666667
at9762_1_chr5	22437322	22452751	chr5_nbh20	9	29.22222222
at9762_1_chr5	22615035	22714719	chr5_nbh21	68	18.30882353
at9762_1_chr5	22765769	22843996	chr5_nbh22	340	15.70882353
at9762_1_chr5	22904176	22951632	chr5_nbh23	114	9.096491228
at9762_1_chr5	23232153	23250095	chr5_nbh24	18	4.333333333
at9762_1_chr5	23314505	23343927	chr5_nbh25	64	15.65625
at9762_1_chr5	23639066	23708695	chr5_nbh26	87	55.57471264
at9762_1_chr5	24137071	24159077	chr5_nbh27	22	12.09090909
at9762_1_chr5	27149811	27155802	chr5_nbh31	2	11.5
at9762_1_chr5	27906412	27922478	chr5_nbh32	4	15
at9762_1_chr5	29749167	29759677	chr5_nbh33	2	11.5
at9762_1_chr5	31092734	31235850	chr5_nbh34	43	10.58139535
at9806_1_chr1	3141269	3146050	chr1_nbh01	4	23.75
at9806_1_chr1	3657776	3663937	chr1_nbh02	4	10.75
at9806_1_chr1	4145998	4197805	chr1_nbh03	68	18.82352941
at9806_1_chr1	6034816	6048110	chr1_nbh05	11	13.09090909
at9806_1_chr1	9290499	9307760	chr1_nbh06	189	10.86243386
at9806_1_chr1	11115186	11163061	chr1_nbh07	22	14.45454545
at9806_1_chr1	12052990	12080841	chr1_nbh10	35	61.88571429
at9806_1_chr1	23244431	23273387	chr1_nbh18	66	9.984848485
at9806_1_chr1	23334773	23353303	chr1_nbh19	14	13
at9806_1_chr1	23855531	23864432	chr1_nbh20	2	7.5
at9806_1_chr1	23946978	23952321	chr1_nbh21	2	3.5
at9806_1_chr1	24134847	24145435	chr1_nbh22	10	14.8
at9806_1_chr1	25396989	25425846	chr1_nbh25	91	20.62637363
at9806_1_chr1	25569553	25657697	chr1_nbh26	130	11.53076923
at9806_1_chr1	25906186	25957309	chr1_nbh27	4	16.75
at9806_1_chr1	25969401	26154346	chr1_nbh28	80	32.5
at9806_1_chr1	26214706	26231474	chr1_nbh29	44	17.77272727
at9806_1_chr1	26700051	26715556	chr1_nbh31	6	10.66666667
at9806_1_chr1	27361472	27718928	chr1_nbh35	3	1.333333333
at9806_1_chr1	27853462	27951249	chr1_nbh36	78	14.62820513
at9806_1_chr1	27991285	28009637	chr1_nbh37	10	10.4
at9806_1_chr1	28522668	28539925	chr1_nbh39	8	16.25
at9806_1_chr1	28727595	28735196	chr1_nbh40	17	9
at9806_1_chr1	28828168	28837559	chr1_nbh41	20	7.85
at9806_1_chr1	30382667	30414483	chr1_nbh42	22	11.72727273
at9806_1_chr1	31646267	31682831	chr1_nbh43	120	11.15
at9806_1_chr2	1018720	1895475	chr2_nbh01	32	9.15625
at9806_1_chr2	8318041	8438242	chr2_nbh04	24	17.79166667
at9806_1_chr2	9788380	9926498	chr2_nbh05	26	15.53846154
at9806_1_chr2	11199605	11204672	chr2_nbh06	8	9.375
at9806_1_chr3	983852	996030	chr3_nbh01	18	10.05555556
at9806_1_chr3	1104024	1115863	chr3_nbh02	16	11.6875
at9806_1_chr3	4839948	4855511	chr3_nbh04	25	11.48
at9806_1_chr3	5295374	5299019	chr3_nbh05	4	20.5
at9806_1_chr3	9240306	9255513	chr3_nbh06	10	14.2
at9806_1_chr3	9662304	9669457	chr3_nbh07	2	19
at9806_1_chr3	11255365	11407566	chr3_nbh08	8	30.5
at9806_1_chr3	19926274	20228986	chr3_nbh12	130	27.88461538
at9806_1_chr3	21003060	21117816	chr3_nbh13	6	9
at9806_1_chr3	22617137	22642479	chr3_nbh15	20	6
at9806_1_chr3	22826694	22832876	chr3_nbh16	8	16.125
at9806_1_chr3	23010327	23024653	chr3_nbh17	38	7.657894737
at9806_1_chr4	2429236	2512039	chr4_nbh03	12	70.25
at9806_1_chr4	9597231	9622707	chr4_nbh04	25	52.92
at9806_1_chr4	10183681	10223320	chr4_nbh06	22	9
at9806_1_chr4	11077137	11092354	chr4_nbh08	72	59.80555556
at9806_1_chr4	11177424	11197873	chr4_nbh09	93	8.451612903
at9806_1_chr4	11488197	11523818	chr4_nbh10	54	50.27777778
at9806_1_chr4	12600562	12717214	chr4_nbh11	112	11.73214286
at9806_1_chr4	13816399	14078805	chr4_nbh12	738	32.72899729
at9806_1_chr4	14843367	14878059	chr4_nbh13	20	8.15
at9806_1_chr4	14990241	15057184	chr4_nbh14	316	18.95253165
at9806_1_chr4	15189955	15205076	chr4_nbh15	2	13.5
at9806_1_chr4	16617023	16663146	chr4_nbh17	22	8.409090909
at9806_1_chr4	20425761	20437731	chr4_nbh20	134	50.41791045
at9806_1_chr4	21467128	21487503	chr4_nbh21	20	40
at9806_1_chr5	1359190	1372200	chr5_nbh01	12	47.16666667
at9806_1_chr5	3582740	3593630	chr5_nbh03	57	11.56140351
at9806_1_chr5	5802923	5812250	chr5_nbh05	6	32.66666667
at9806_1_chr5	5886265	5970817	chr5_nbh06	39	8.435897436
at9806_1_chr5	6055264	6070314	chr5_nbh07	12	14.83333333
at9806_1_chr5	7512161	7521801	chr5_nbh08	4	11.25
at9806_1_chr5	15617111	15641251	chr5_nbh09	8	17.625
at9806_1_chr5	16626706	16645452	chr5_nbh10	50	16.16
at9806_1_chr5	17374293	17430826	chr5_nbh11	254	61.80708661
at9806_1_chr5	17604148	17620395	chr5_nbh12	10	11.6
at9806_1_chr5	18103072	18127752	chr5_nbh13	12	31.08333333
at9806_1_chr5	18444295	18485230	chr5_nbh14	28	19.71428571
at9806_1_chr5	18689497	18709462	chr5_nbh15	7	9.142857143
at9806_1_chr5	18750197	18853249	chr5_nbh16	22	23.59090909
at9806_1_chr5	19197885	19232743	chr5_nbh17	14	17
at9806_1_chr5	19525902	19553247	chr5_nbh18	58	10.12068966
at9806_1_chr5	19635260	19652499	chr5_nbh19	20	16.7
at9806_1_chr5	20158598	20271427	chr5_nbh21	90	17.2
at9806_1_chr5	20323880	20400320	chr5_nbh22	381	13.05774278
at9806_1_chr5	20463463	20515335	chr5_nbh23	36	10.77777778
at9806_1_chr5	20813318	20831276	chr5_nbh24	18	6.611111111
at9806_1_chr5	20894063	20926773	chr5_nbh25	64	19.375
at9806_1_chr5	21222040	21289900	chr5_nbh26	24	22.33333333
at9806_1_chr5	21748247	21763818	chr5_nbh27	22	9.5
at9806_1_chr5	22950193	22967788	chr5_nbh30	9	16.11111111
at9806_1_chr5	25487138	25503618	chr5_nbh32	4	1.5
at9806_1_chr5	27260624	27271215	chr5_nbh33	2	58.5
at9806_1_chr5	28565428	28707890	chr5_nbh34	40	13.125
at9830_1_chr1	3133540	3138318	chr1_nbh01	4	31
at9830_1_chr1	3653558	3659716	chr1_nbh02	4	11.75
at9830_1_chr1	4154741	4215217	chr1_nbh03	140	22.95714286
at9830_1_chr1	5469078	5499538	chr1_nbh04	70	8.928571429
at9830_1_chr1	6067497	6080820	chr1_nbh05	11	15.63636364
at9830_1_chr1	9338075	9349446	chr1_nbh06	108	9.694444444
at9830_1_chr1	11195386	11242695	chr1_nbh07	20	14.4
at9830_1_chr1	12097094	12124997	chr1_nbh10	10	12.2
at9830_1_chr1	12305677	12410532	chr1_nbh12	38	11.10526316
at9830_1_chr1	21543981	21574147	chr1_nbh18	74	13.54054054
at9830_1_chr1	21633355	21651887	chr1_nbh19	12	13.75
at9830_1_chr1	22162775	22171330	chr1_nbh20	2	9
at9830_1_chr1	22454765	22465302	chr1_nbh22	10	13.6
at9830_1_chr1	23720640	23776561	chr1_nbh25	60	38.55
at9830_1_chr1	23909347	23997911	chr1_nbh26	218	23.16972477
at9830_1_chr1	24249789	24289538	chr1_nbh27	18	12.5
at9830_1_chr1	24298010	24506846	chr1_nbh28	676	70.55325444
at9830_1_chr1	25132054	25147927	chr1_nbh31	6	8.833333333
at9830_1_chr1	25786512	26126538	chr1_nbh35	4	3.5
at9830_1_chr1	26257553	26351196	chr1_nbh36	271	13.1402214
at9830_1_chr1	26390871	26409300	chr1_nbh37	50	14.18
at9830_1_chr1	26921489	26939481	chr1_nbh39	14	14.21428571
at9830_1_chr1	27124232	27131905	chr1_nbh40	17	9.411764706
at9830_1_chr1	27229756	27237910	chr1_nbh41	36	35.30555556
at9830_1_chr1	28772098	28798170	chr1_nbh42	6	14
at9830_1_chr1	30041679	30102792	chr1_nbh43	238	14.21008403
at9830_1_chr2	7929540	8094280	chr2_nbh04	32	17.6875
at9830_1_chr2	9332124	9470455	chr2_nbh05	28	15.28571429
at9830_1_chr2	10724894	10729962	chr2_nbh06	8	10.875
at9830_1_chr2	12414999	12431298	chr2_nbh07	17	25
at9830_1_chr3	994375	1019423	chr3_nbh01	156	13.71153846
at9830_1_chr3	1127400	1139229	chr3_nbh02	16	11.875
at9830_1_chr3	4855704	4871291	chr3_nbh04	29	12.75862069
at9830_1_chr3	5318830	5322475	chr3_nbh05	4	22.25
at9830_1_chr3	9246821	9261886	chr3_nbh06	6	16.66666667
at9830_1_chr3	9661300	9668454	chr3_nbh07	2	20
at9830_1_chr3	19415732	19769504	chr3_nbh12	230	10.53043478
at9830_1_chr3	22233085	22295552	chr3_nbh15	344	49.72093023
at9830_1_chr3	22473952	22480133	chr3_nbh16	4	11.75
at9830_1_chr3	22663321	22677669	chr3_nbh17	12	6
at9830_1_chr4	2704691	2805502	chr4_nbh03	14	68.35714286
at9830_1_chr4	8184595	8213333	chr4_nbh04	25	55.68
at9830_1_chr4	9677021	9703175	chr4_nbh09	121	26.19008264
at9830_1_chr4	9991791	10025711	chr4_nbh10	46	44.97826087
at9830_1_chr4	11106353	11217915	chr4_nbh11	126	15.62698413
at9830_1_chr4	12338089	12463005	chr4_nbh12	152	15.38157895
at9830_1_chr4	13237722	13272392	chr4_nbh13	325	41.24307692
at9830_1_chr4	13384310	13449117	chr4_nbh14	337	15.34124629
at9830_1_chr4	13584610	13599874	chr4_nbh15	2	13
at9830_1_chr4	15015335	15061431	chr4_nbh17	22	9.409090909
at9830_1_chr4	16425542	16434541	chr4_nbh19	24	29.04166667
at9830_1_chr4	18838023	18850325	chr4_nbh20	68	62.19117647
at9830_1_chr4	19879785	19900253	chr4_nbh21	60	33.33333333
at9830_1_chr5	1366361	1379370	chr5_nbh01	12	32.25
at9830_1_chr5	3587118	3597658	chr5_nbh03	2	8
at9830_1_chr5	5890072	5966685	chr5_nbh06	140	12.32142857
at9830_1_chr5	6050548	6071783	chr5_nbh07	39	12.38461538
at9830_1_chr5	7522168	7530778	chr5_nbh08	8	8.375
at9830_1_chr5	16292516	16316661	chr5_nbh09	8	22.375
at9830_1_chr5	17945926	18011272	chr5_nbh11	288	70.37847222
at9830_1_chr5	18187199	18194981	chr5_nbh12	10	11.8
at9830_1_chr5	18620468	18644987	chr5_nbh13	96	34.08333333
at9830_1_chr5	18970792	19019692	chr5_nbh14	26	31.65384615
at9830_1_chr5	19220854	19245494	chr5_nbh15	7	10
at9830_1_chr5	19287597	19387553	chr5_nbh16	302	68.47682119
at9830_1_chr5	19735280	19775441	chr5_nbh17	14	21.92857143
at9830_1_chr5	20069237	20091349	chr5_nbh18	30	10.33333333
at9830_1_chr5	20527602	20543109	chr5_nbh20	21	27.71428571
at9830_1_chr5	20701271	20814947	chr5_nbh21	88	16.43181818
at9830_1_chr5	20867688	20939764	chr5_nbh22	335	19.72537313
at9830_1_chr5	21002863	21061926	chr5_nbh23	24	11.125
at9830_1_chr5	21338968	21356318	chr5_nbh24	32	10.6875
at9830_1_chr5	21420269	21449115	chr5_nbh25	92	18.30434783
at9830_1_chr5	21749325	21817095	chr5_nbh26	32	22
at9830_1_chr5	22279719	22299055	chr5_nbh27	18	25.94444444
at9830_1_chr5	22335924	22360382	chr5_nbh28	10	10.4
at9830_1_chr5	23507071	23524367	chr5_nbh30	29	8.413793103
at9830_1_chr5	26066445	26082608	chr5_nbh32	6	14.66666667
at9830_1_chr5	27849116	27859646	chr5_nbh33	2	11
at9830_1_chr5	29141603	29286713	chr5_nbh34	8	13.75
at9847_1_chr1	3119948	3125116	chr1_nbh01	4	27.75
at9847_1_chr1	3633605	3639765	chr1_nbh02	4	15.75
at9847_1_chr1	4122911	4174157	chr1_nbh03	48	21.8125
at9847_1_chr1	6029235	6042568	chr1_nbh05	11	14.90909091
at9847_1_chr1	9298041	9316000	chr1_nbh06	218	10.53211009
at9847_1_chr1	11136530	11173078	chr1_nbh07	22	13.36363636
at9847_1_chr1	12029011	12054764	chr1_nbh10	10	22.3
at9847_1_chr1	12278904	12360681	chr1_nbh12	28	17.60714286
at9847_1_chr1	18662836	18691411	chr1_nbh16	75	47.6
at9847_1_chr1	20386498	20412089	chr1_nbh19	14	13.14285714
at9847_1_chr1	20912996	20918935	chr1_nbh20	2	69
at9847_1_chr1	21004353	21009677	chr1_nbh21	2	6.5
at9847_1_chr1	21189766	21200021	chr1_nbh22	10	26.7
at9847_1_chr1	22431535	22492886	chr1_nbh25	88	40.17045455
at9847_1_chr1	22635010	22724426	chr1_nbh26	103	18.88349515
at9847_1_chr1	22943092	22984821	chr1_nbh27	94	23.91489362
at9847_1_chr1	22996915	23213698	chr1_nbh28	416	46.62740385
at9847_1_chr1	23812201	23910428	chr1_nbh32	246	29.15447154
at9847_1_chr1	24464231	24788641	chr1_nbh35	9	11.66666667
at9847_1_chr1	24917945	25017741	chr1_nbh36	204	14.09313725
at9847_1_chr1	25059226	25077586	chr1_nbh37	10	12.2
at9847_1_chr1	25582730	25600722	chr1_nbh39	14	12.28571429
at9847_1_chr1	25784341	25791951	chr1_nbh40	141	16.12765957
at9847_1_chr1	25888158	25897548	chr1_nbh41	20	9.5
at9847_1_chr1	27425150	27453460	chr1_nbh42	16	63.4375
at9847_1_chr1	28705157	28743784	chr1_nbh43	140	10.45714286
at9847_1_chr2	8798372	8944282	chr2_nbh04	14	16.85714286
at9847_1_chr2	10349529	10487342	chr2_nbh05	30	15.73333333
at9847_1_chr2	11781097	11786174	chr2_nbh06	8	8.5
at9847_1_chr2	14883146	14894982	chr2_nbh09	26	39.96153846
at9847_1_chr3	996035	1008196	chr3_nbh01	38	13
at9847_1_chr3	1117112	1128958	chr3_nbh02	16	11.4375
at9847_1_chr3	4889440	4905031	chr3_nbh04	29	14.75862069
at9847_1_chr3	5373887	5377532	chr3_nbh05	4	20.5
at9847_1_chr3	9358767	9374046	chr3_nbh06	28	15.32142857
at9847_1_chr3	9774605	9780681	chr3_nbh07	2	23
at9847_1_chr3	11359165	11486029	chr3_nbh08	6	54.66666667
at9847_1_chr3	20315753	20712465	chr3_nbh12	255	33.85882353
at9847_1_chr3	23188992	23214977	chr3_nbh15	50	11.26
at9847_1_chr3	23394275	23400461	chr3_nbh16	4	12.75
at9847_1_chr3	23579446	23593768	chr3_nbh17	12	8
at9847_1_chr4	2630080	2714971	chr4_nbh03	16	69.8125
at9847_1_chr4	8647341	8673829	chr4_nbh04	27	55.59259259
at9847_1_chr4	10448512	10493319	chr4_nbh10	147	37.10204082
at9847_1_chr4	11578876	11692557	chr4_nbh11	10	3.7
at9847_1_chr4	12765230	13008225	chr4_nbh12	775	31.07225806
at9847_1_chr4	13787776	13822266	chr4_nbh13	94	39.20212766
at9847_1_chr4	13940802	14016757	chr4_nbh14	154	16.66233766
at9847_1_chr4	14151325	14165676	chr4_nbh15	4	5.25
at9847_1_chr4	15763112	15806253	chr4_nbh17	20	7.85
at9847_1_chr4	19605948	19617917	chr4_nbh20	98	63.75510204
at9847_1_chr4	20652121	20672532	chr4_nbh21	64	40.6875
at9847_1_chr5	1368682	1381692	chr5_nbh01	12	46.08333333
at9847_1_chr5	1603312	1617975	chr5_nbh02	28	13.5
at9847_1_chr5	3606818	3617621	chr5_nbh03	30	25.9
at9847_1_chr5	5815651	5824983	chr5_nbh05	8	11.375
at9847_1_chr5	5900306	5979145	chr5_nbh06	41	9.341463415
at9847_1_chr5	6062599	6083888	chr5_nbh07	168	15.05952381
at9847_1_chr5	7539622	7548915	chr5_nbh08	4	13
at9847_1_chr5	16713203	16737484	chr5_nbh09	22	15.90909091
at9847_1_chr5	17465226	17498569	chr5_nbh10	90	11.36666667
at9847_1_chr5	18301439	18353947	chr5_nbh11	4	12
at9847_1_chr5	18521276	18528891	chr5_nbh12	10	11.3
at9847_1_chr5	19016194	19040713	chr5_nbh13	14	29.64285714
at9847_1_chr5	19359918	19408997	chr5_nbh14	24	26.70833333
at9847_1_chr5	19621139	19641097	chr5_nbh15	7	12.28571429
at9847_1_chr5	19691281	19792706	chr5_nbh16	20	8.35
at9847_1_chr5	20129491	20163823	chr5_nbh17	16	8.6875
at9847_1_chr5	20462322	20482491	chr5_nbh18	12	13.83333333
at9847_1_chr5	20563647	20580657	chr5_nbh19	26	15.42307692
at9847_1_chr5	21096251	21195141	chr5_nbh21	148	22.2027027
at9847_1_chr5	21247824	21330883	chr5_nbh22	353	19.77903683
at9847_1_chr5	21392289	21476351	chr5_nbh23	201	29.41791045
at9847_1_chr5	21747977	21765949	chr5_nbh24	16	3.375
at9847_1_chr5	21835364	21865023	chr5_nbh25	60	13.91666667
at9847_1_chr5	22167546	22235263	chr5_nbh26	30	29.63333333
at9847_1_chr5	22696226	22710316	chr5_nbh27	32	11.34375
at9847_1_chr5	22894771	22905216	chr5_nbh29	148	27.40540541
at9847_1_chr5	23911305	23928913	chr5_nbh30	49	10.40816327
at9847_1_chr5	26484794	26501103	chr5_nbh32	4	8.5
at9847_1_chr5	28260904	28271496	chr5_nbh33	2	9.5
at9847_1_chr5	29551241	29694019	chr5_nbh34	36	21.38888889
at9852_1_chr1	3148661	3153437	chr1_nbh01	4	25.75
at9852_1_chr1	3658437	3664598	chr1_nbh02	14	12.57142857
at9852_1_chr1	5486321	5520209	chr1_nbh04	8	8.875
at9852_1_chr1	6067975	6081285	chr1_nbh05	11	13.27272727
at9852_1_chr1	9335621	9353580	chr1_nbh06	117	8.974358974
at9852_1_chr1	11132927	11183727	chr1_nbh07	16	12.1875
at9852_1_chr1	12039366	12066573	chr1_nbh10	10	10
at9852_1_chr1	12290158	12377654	chr1_nbh12	130	72.22307692
at9852_1_chr1	19621896	19725905	chr1_nbh15	18	14.94444444
at9852_1_chr1	20328985	20357580	chr1_nbh16	75	11.16
at9852_1_chr1	22569629	22575930	chr1_nbh20	2	6
at9852_1_chr1	22850725	22860978	chr1_nbh22	10	37.2
at9852_1_chr1	24119759	24165629	chr1_nbh25	56	16.05357143
at9852_1_chr1	24304282	24389167	chr1_nbh26	160	14.75625
at9852_1_chr1	24611456	24657983	chr1_nbh27	46	16.45652174
at9852_1_chr1	24665855	24887162	chr1_nbh28	306	28.79738562
at9852_1_chr1	26049762	26366009	chr1_nbh35	5	10.6
at9852_1_chr1	26496530	26603880	chr1_nbh36	198	12.52020202
at9852_1_chr1	26652207	26673792	chr1_nbh37	10	12.1
at9852_1_chr1	27176537	27194539	chr1_nbh39	14	12.07142857
at9852_1_chr1	27384841	27392448	chr1_nbh40	17	16.82352941
at9852_1_chr1	27487655	27497097	chr1_nbh41	20	8.45
at9852_1_chr1	29014727	29041233	chr1_nbh42	6	7.333333333
at9852_1_chr1	30286495	30325736	chr1_nbh43	122	11.53278689
at9852_1_chr2	8879759	9179431	chr2_nbh03	60	77.55
at9852_1_chr2	9464101	9597962	chr2_nbh04	52	19.94230769
at9852_1_chr2	10853076	11002157	chr2_nbh05	24	23.875
at9852_1_chr2	12297068	12302145	chr2_nbh06	8	9.125
at9852_1_chr2	14042551	14058861	chr2_nbh07	17	20.64705882
at9852_1_chr2	15452140	15463974	chr2_nbh09	26	37.5
at9852_1_chr3	986433	998797	chr3_nbh01	8	29.375
at9852_1_chr3	1107258	1119128	chr3_nbh02	16	12.1875
at9852_1_chr3	4902984	4918561	chr3_nbh04	29	10.86206897
at9852_1_chr3	5371601	5375265	chr3_nbh05	4	21.25
at9852_1_chr3	9286719	9301993	chr3_nbh06	62	51.93548387
at9852_1_chr3	9699851	9705927	chr3_nbh07	2	14
at9852_1_chr3	11367510	11501535	chr3_nbh08	6	54.66666667
at9852_1_chr3	18886349	19189268	chr3_nbh12	154	13.95454545
at9852_1_chr3	21644687	21684226	chr3_nbh15	296	12.02364865
at9852_1_chr3	21863615	21869798	chr3_nbh16	4	10
at9852_1_chr3	22047184	22061534	chr3_nbh17	94	15.5106383
at9852_1_chr4	2455797	2540938	chr4_nbh03	12	67
at9852_1_chr4	10948767	10982024	chr4_nbh04	21	62.14285714
at9852_1_chr4	11500339	11560875	chr4_nbh06	18	14.44444444
at9852_1_chr4	12792076	12836849	chr4_nbh10	74	49.48648649
at9852_1_chr4	13906683	14017133	chr4_nbh11	13	12.69230769
at9852_1_chr4	15114744	15329424	chr4_nbh12	747	37.43373494
at9852_1_chr4	16096947	16115246	chr4_nbh13	2	14.5
at9852_1_chr4	16271612	16322663	chr4_nbh14	138	17.84057971
at9852_1_chr4	16467673	16481949	chr4_nbh15	2	12.5
at9852_1_chr4	17231162	17255325	chr4_nbh16	14	14.28571429
at9852_1_chr4	17843912	17887958	chr4_nbh17	36	8.388888889
at9852_1_chr4	21648854	21660269	chr4_nbh20	8	8.875
at9852_1_chr4	22695976	22716750	chr4_nbh21	20	39.8
at9852_1_chr5	1365839	1378989	chr5_nbh01	12	23.25
at9852_1_chr5	3617231	3627255	chr5_nbh03	6	13.16666667
at9852_1_chr5	3963299	3977231	chr5_nbh04	36	12.08333333
at9852_1_chr5	5847528	5856861	chr5_nbh05	6	11.66666667
at9852_1_chr5	5931453	6014321	chr5_nbh06	43	9.441860465
at9852_1_chr5	6097573	6118803	chr5_nbh07	32	15.34375
at9852_1_chr5	7551817	7560418	chr5_nbh08	4	14.75
at9852_1_chr5	18125973	18150101	chr5_nbh09	30	12.23333333
at9852_1_chr5	18876829	18905706	chr5_nbh10	50	11.28
at9852_1_chr5	19658592	19705463	chr5_nbh11	4	30.25
at9852_1_chr5	19881714	19889487	chr5_nbh12	10	9.9
at9852_1_chr5	20320090	20344136	chr5_nbh13	12	12.66666667
at9852_1_chr5	20665663	20715304	chr5_nbh14	73	22.34246575
at9852_1_chr5	20925575	20945552	chr5_nbh15	7	7.285714286
at9852_1_chr5	20985040	21072744	chr5_nbh16	30	13.03333333
at9852_1_chr5	21433955	21467103	chr5_nbh17	24	11.375
at9852_1_chr5	21772002	21793738	chr5_nbh18	22	11.27272727
at9852_1_chr5	21872257	21889357	chr5_nbh19	26	11.15384615
at9852_1_chr5	22417114	22530280	chr5_nbh21	144	15.99305556
at9852_1_chr5	22583496	22662950	chr5_nbh22	386	12.49222798
at9852_1_chr5	22723547	22806749	chr5_nbh23	154	13.83116883
at9852_1_chr5	23086782	23104170	chr5_nbh24	18	7.111111111
at9852_1_chr5	23173369	23212130	chr5_nbh25	198	31.08080808
at9852_1_chr5	23507128	23576991	chr5_nbh26	47	25.68085106
at9852_1_chr5	24043481	24057572	chr5_nbh27	26	10.76923077
at9852_1_chr5	24239623	24250064	chr5_nbh29	24	11.54166667
at9852_1_chr5	25267116	25290769	chr5_nbh30	17	21.58823529
at9852_1_chr5	27828819	27844908	chr5_nbh32	6	9.666666667
at9852_1_chr5	29596476	29607068	chr5_nbh33	2	12
at9852_1_chr5	30901628	31044856	chr5_nbh34	12	18.91666667
at9879_1_chr1	3142206	3147368	chr1_nbh01	4	23
at9879_1_chr1	3677536	3683696	chr1_nbh02	14	9.285714286
at9879_1_chr1	4175674	4224658	chr1_nbh03	44	21.18181818
at9879_1_chr1	6078060	6092150	chr1_nbh05	11	13.54545455
at9879_1_chr1	9394226	9412010	chr1_nbh06	112	9.223214286
at9879_1_chr1	11198772	11240190	chr1_nbh07	24	12.41666667
at9879_1_chr1	11774639	11787859	chr1_nbh09	12	9.916666667
at9879_1_chr1	12089975	12115633	chr1_nbh10	10	10.5
at9879_1_chr1	12456898	12561610	chr1_nbh12	174	14.29885057
at9879_1_chr1	19755440	19825881	chr1_nbh13	70	18.85714286
at9879_1_chr1	22547685	22561823	chr1_nbh19	92	14.89130435
at9879_1_chr1	23087947	23096500	chr1_nbh20	2	7.5
at9879_1_chr1	23387302	23397822	chr1_nbh22	10	15.3
at9879_1_chr1	24670472	24736902	chr1_nbh25	86	32.55813953
at9879_1_chr1	24871603	24958223	chr1_nbh26	132	13.6969697
at9879_1_chr1	25208880	25254926	chr1_nbh27	4	14.75
at9879_1_chr1	25262778	25478360	chr1_nbh28	600	38.01333333
at9879_1_chr1	27259840	27360558	chr1_nbh36	384	14.14322917
at9879_1_chr1	27404642	27423109	chr1_nbh37	162	17
at9879_1_chr1	27935171	27953171	chr1_nbh39	14	9.428571429
at9879_1_chr1	28152524	28160163	chr1_nbh40	150	14.66666667
at9879_1_chr1	28257432	28269705	chr1_nbh41	32	16.3125
at9879_1_chr1	29809067	29836943	chr1_nbh42	14	72.28571429
at9879_1_chr1	31087344	31126609	chr1_nbh43	70	12.61428571
at9879_1_chr2	10174110	10507847	chr2_nbh03	74	14.64864865
at9879_1_chr2	10796771	10927544	chr2_nbh04	52	57.42307692
at9879_1_chr2	12221560	12356806	chr2_nbh05	28	22.39285714
at9879_1_chr2	13612648	13617729	chr2_nbh06	8	6.5
at9879_1_chr2	15664025	15677870	chr2_nbh08	122	15.54098361
at9879_1_chr3	985260	997439	chr3_nbh01	8	8.125
at9879_1_chr3	1110276	1122080	chr3_nbh02	12	7.583333333
at9879_1_chr3	2290756	2301503	chr3_nbh03	2	26
at9879_1_chr3	5413246	5416906	chr3_nbh05	4	20
at9879_1_chr3	9349409	9364452	chr3_nbh06	10	17.3
at9879_1_chr3	9775629	9782784	chr3_nbh07	2	12.5
at9879_1_chr3	11451011	11622665	chr3_nbh08	10	45.7
at9879_1_chr3	19374557	19595300	chr3_nbh12	68	47.72058824
at9879_1_chr3	22416695	22472047	chr3_nbh15	360	43.94444444
at9879_1_chr3	22655811	22661994	chr3_nbh16	4	14.75
at9879_1_chr3	22839355	22853672	chr3_nbh17	12	8.333333333
at9879_1_chr4	1969037	2000628	chr4_nbh01	92	13.93478261
at9879_1_chr4	2713271	2818281	chr4_nbh03	14	65.64285714
at9879_1_chr4	9880887	9907449	chr4_nbh04	27	52.44444444
at9879_1_chr4	11495523	11508944	chr4_nbh08	66	48.66666667
at9879_1_chr4	11601245	11619527	chr4_nbh09	119	27.00840336
at9879_1_chr4	11899139	11928585	chr4_nbh10	32	16.78125
at9879_1_chr4	12980571	13102689	chr4_nbh11	2	5.5
at9879_1_chr4	14202286	14351773	chr4_nbh12	282	18.24468085
at9879_1_chr4	15123713	15156384	chr4_nbh13	6	10.83333333
at9879_1_chr4	15280793	15336146	chr4_nbh14	128	18.0625
at9879_1_chr4	15479686	15497000	chr4_nbh15	2	11.5
at9879_1_chr4	16892126	16935053	chr4_nbh17	20	8.9
at9879_1_chr4	20715258	20726670	chr4_nbh20	22	11.72727273
at9879_1_chr4	21749568	21769941	chr4_nbh21	20	29.55
at9879_1_chr5	1379168	1392354	chr5_nbh01	12	12.58333333
at9879_1_chr5	3618596	3628627	chr5_nbh03	6	17.66666667
at9879_1_chr5	3964501	3976833	chr5_nbh04	276	12.52173913
at9879_1_chr5	5875534	5884858	chr5_nbh05	162	16.4382716
at9879_1_chr5	5960490	6033821	chr5_nbh06	196	13.17857143
at9879_1_chr5	6118027	6139343	chr5_nbh07	238	13.53781513
at9879_1_chr5	7588534	7598177	chr5_nbh08	4	18.25
at9879_1_chr5	18050715	18074850	chr5_nbh09	8	23.25
at9879_1_chr5	18832584	18863929	chr5_nbh10	148	49.5
at9879_1_chr5	19720317	19783908	chr5_nbh11	4	11
at9879_1_chr5	19958646	19966261	chr5_nbh12	10	10
at9879_1_chr5	20400999	20428097	chr5_nbh13	20	14.95
at9879_1_chr5	20743452	20795050	chr5_nbh14	14	25.92857143
at9879_1_chr5	21003380	21028112	chr5_nbh15	7	15.71428571
at9879_1_chr5	21070226	21168979	chr5_nbh16	40	12.1
at9879_1_chr5	21524322	21558839	chr5_nbh17	12	7.833333333
at9879_1_chr5	21866032	21886242	chr5_nbh18	42	12.61904762
at9879_1_chr5	21968924	21986267	chr5_nbh19	28	16.75
at9879_1_chr5	22513228	22610898	chr5_nbh21	248	13.0483871
at9879_1_chr5	22663422	22727086	chr5_nbh22	892	13.37443946
at9879_1_chr5	22789062	22873542	chr5_nbh23	196	12.17346939
at9879_1_chr5	23146075	23165825	chr5_nbh24	70	49.18571429
at9879_1_chr5	23233210	23273491	chr5_nbh25	208	28.78365385
at9879_1_chr5	23568716	23642991	chr5_nbh26	57	27.87719298
at9879_1_chr5	24107847	24127159	chr5_nbh27	28	9.178571429
at9879_1_chr5	24310198	24320638	chr5_nbh29	24	11.66666667
at9879_1_chr5	27156877	27162868	chr5_nbh31	2	2
at9879_1_chr5	27911485	27927635	chr5_nbh32	4	3.5
at9879_1_chr5	29687965	29698475	chr5_nbh33	2	9.5
at9879_1_chr5	31002368	31140825	chr5_nbh34	10	11.1
at9883_1_chr1	3140606	3145774	chr1_nbh01	4	28
at9883_1_chr1	3652545	3658703	chr1_nbh02	14	10.35714286
at9883_1_chr1	4139392	4191200	chr1_nbh03	74	18.68918919
at9883_1_chr1	5458421	5488922	chr1_nbh04	12	8.916666667
at9883_1_chr1	6046651	6059942	chr1_nbh05	86	11.75581395
at9883_1_chr1	9262505	9280520	chr1_nbh06	157	10.94904459
at9883_1_chr1	11115903	11157955	chr1_nbh07	20	12.2
at9883_1_chr1	11999897	12027166	chr1_nbh10	10	13.2
at9883_1_chr1	22382028	22410833	chr1_nbh18	46	8.47826087
at9883_1_chr1	22475031	22493362	chr1_nbh19	14	14.85714286
at9883_1_chr1	22986743	22992700	chr1_nbh20	2	13
at9883_1_chr1	23268580	23279127	chr1_nbh22	10	14.1
at9883_1_chr1	24523187	24548679	chr1_nbh25	71	36.54929577
at9883_1_chr1	24680305	24767961	chr1_nbh26	160	14.2625
at9883_1_chr1	24991557	25032746	chr1_nbh27	54	15.57407407
at9883_1_chr1	25040620	25299962	chr1_nbh28	322	18.03416149
at9883_1_chr1	25791057	25809511	chr1_nbh31	6	10.16666667
at9883_1_chr1	25821424	25908848	chr1_nbh32	2	16.5
at9883_1_chr1	26187518	26201469	chr1_nbh33	106	69.43396226
at9883_1_chr1	26452738	26798676	chr1_nbh35	60	12.46666667
at9883_1_chr1	26935227	27034769	chr1_nbh36	178	13.5
at9883_1_chr1	27586040	27603047	chr1_nbh39	14	15.42857143
at9883_1_chr1	27894960	27904349	chr1_nbh41	20	8.7
at9883_1_chr1	29421994	29450083	chr1_nbh42	14	69
at9883_1_chr1	30686665	30722009	chr1_nbh43	48	10.64583333
at9883_1_chr2	8801055	9036858	chr2_nbh03	52	74.88461538
at9883_1_chr2	9368063	9504769	chr2_nbh04	16	14.125
at9883_1_chr2	10805605	10948426	chr2_nbh05	30	14.86666667
at9883_1_chr2	12222373	12227450	chr2_nbh06	8	9.25
at9883_1_chr3	980438	992616	chr3_nbh01	44	15.54545455
at9883_1_chr3	1101146	1112977	chr3_nbh02	16	10.875
at9883_1_chr3	5163422	5178987	chr3_nbh04	27	11.37037037
at9883_1_chr3	5620751	5624396	chr3_nbh05	4	23.5
at9883_1_chr3	9580888	9596160	chr3_nbh06	20	14.2
at9883_1_chr3	10008154	10015314	chr3_nbh07	2	18
at9883_1_chr3	18452197	18781674	chr3_nbh12	213	20.24882629
at9883_1_chr3	21348929	21374889	chr3_nbh15	12	7
at9883_1_chr3	21553598	21559780	chr3_nbh16	4	17.75
at9883_1_chr3	21737267	21751597	chr3_nbh17	12	8.5
at9883_1_chr4	10505526	10538835	chr4_nbh04	23	61.91304348
at9883_1_chr4	12067272	12088409	chr4_nbh09	121	26.48760331
at9883_1_chr4	12378651	12416316	chr4_nbh10	84	24.10714286
at9883_1_chr4	13511521	13623367	chr4_nbh11	6	3.833333333
at9883_1_chr4	14689438	14960536	chr4_nbh12	1228	64.13436482
at9883_1_chr4	15735715	15761954	chr4_nbh13	6	10.16666667
at9883_1_chr4	15907568	15980539	chr4_nbh14	160	21.025
at9883_1_chr4	16112724	16127851	chr4_nbh15	4	10.5
at9883_1_chr4	17508947	17553903	chr4_nbh17	36	18.69444444
at9883_1_chr4	18971838	18980826	chr4_nbh19	18	12.33333333
at9883_1_chr4	21388639	21400912	chr4_nbh20	8	9.625
at9883_1_chr4	22439785	22460559	chr4_nbh21	20	15.4
at9883_1_chr5	1367882	1380891	chr5_nbh01	12	47.58333333
at9883_1_chr5	3587955	3598758	chr5_nbh03	6	13.66666667
at9883_1_chr5	3929259	3941566	chr5_nbh04	32	11.34375
at9883_1_chr5	5824480	5833813	chr5_nbh05	6	11.33333333
at9883_1_chr5	5908383	5998901	chr5_nbh06	67	23.8358209
at9883_1_chr5	6082144	6103374	chr5_nbh07	122	14.87704918
at9883_1_chr5	7532379	7540906	chr5_nbh08	4	15.25
at9883_1_chr5	16335312	16359580	chr5_nbh09	8	22.375
at9883_1_chr5	17891704	17947736	chr5_nbh11	4	11.75
at9883_1_chr5	18117410	18125194	chr5_nbh12	8	15.75
at9883_1_chr5	18588601	18613120	chr5_nbh13	14	10.78571429
at9883_1_chr5	18936197	18984029	chr5_nbh14	75	13.78666667
at9883_1_chr5	19203124	19223303	chr5_nbh15	167	13.1257485
at9883_1_chr5	19261532	19359572	chr5_nbh16	22	32.45454545
at9883_1_chr5	19696787	19731028	chr5_nbh17	12	17.5
at9883_1_chr5	20034801	20057138	chr5_nbh18	32	14.9375
at9883_1_chr5	20140425	20157781	chr5_nbh19	14	9.142857143
at9883_1_chr5	20496513	20511749	chr5_nbh20	21	26.95238095
at9883_1_chr5	20670489	20768552	chr5_nbh21	67	18.49253731
at9883_1_chr5	20819337	20892318	chr5_nbh22	446	16.90358744
at9883_1_chr5	20952925	21003244	chr5_nbh23	122	11.12295082
at9883_1_chr5	21283237	21300591	chr5_nbh24	18	7.666666667
at9883_1_chr5	21363087	21392745	chr5_nbh25	74	14.75675676
at9883_1_chr5	21705479	21773197	chr5_nbh26	30	17.33333333
at9883_1_chr5	22231880	22245948	chr5_nbh27	34	12.17647059
at9883_1_chr5	22279575	22301674	chr5_nbh28	26	14.46153846
at9883_1_chr5	22430925	22441333	chr5_nbh29	84	11.53571429
at9883_1_chr5	23462752	23480361	chr5_nbh30	9	7.555555556
at9883_1_chr5	26013754	26035290	chr5_nbh32	32	29.3125
at9883_1_chr5	27773966	27784557	chr5_nbh33	2	12
at9883_1_chr5	29093515	29237296	chr5_nbh34	8	9.375
at9900_1_chr1	3147375	3152541	chr1_nbh01	4	31.5
at9900_1_chr1	3666850	3673010	chr1_nbh02	14	10.57142857
at9900_1_chr1	4157743	4206761	chr1_nbh03	28	12.82142857
at9900_1_chr1	5483519	5514020	chr1_nbh04	8	7.5
at9900_1_chr1	6069083	6082371	chr1_nbh05	11	15.45454545
at9900_1_chr1	9306541	9324499	chr1_nbh06	155	10.29032258
at9900_1_chr1	11135984	11176110	chr1_nbh07	18	13
at9900_1_chr1	12042937	12069415	chr1_nbh10	10	22.1
at9900_1_chr1	12269395	12358913	chr1_nbh12	40	12.975
at9900_1_chr1	19586144	19682003	chr1_nbh15	20	14.2
at9900_1_chr1	20351596	20379614	chr1_nbh16	73	46.43835616
at9900_1_chr1	22033196	22051745	chr1_nbh19	14	12.5
at9900_1_chr1	22554977	22560930	chr1_nbh20	2	5
at9900_1_chr1	22831514	22842016	chr1_nbh22	10	15.9
at9900_1_chr1	24099173	24156223	chr1_nbh25	74	38.90540541
at9900_1_chr1	24299263	24393659	chr1_nbh26	134	13.05970149
at9900_1_chr1	24618552	24662951	chr1_nbh27	30	15.3
at9900_1_chr1	24670880	24896590	chr1_nbh28	725	44.62206897
at9900_1_chr1	25436996	25526011	chr1_nbh32	2	18.5
at9900_1_chr1	26066058	26399528	chr1_nbh35	412	15.55339806
at9900_1_chr1	26534065	26636489	chr1_nbh36	184	12.69565217
at9900_1_chr1	26680414	26698844	chr1_nbh37	50	14.92
at9900_1_chr1	27207296	27225157	chr1_nbh39	12	15.33333333
at9900_1_chr1	27415817	27423488	chr1_nbh40	17	15.94117647
at9900_1_chr1	27521343	27533595	chr1_nbh41	32	15.6875
at9900_1_chr1	29075340	29102300	chr1_nbh42	42	9.952380952
at9900_1_chr1	30347804	30383914	chr1_nbh43	128	11.3671875
at9900_1_chr2	7857557	8047051	chr2_nbh03	50	10.98
at9900_1_chr2	8315394	8435746	chr2_nbh04	22	18.81818182
at9900_1_chr2	9722515	9857849	chr2_nbh05	24	16.70833333
at9900_1_chr2	11122488	11127565	chr2_nbh06	12	10.16666667
at9900_1_chr2	12800844	12817154	chr2_nbh07	17	23.23529412
at9900_1_chr3	985401	1005705	chr3_nbh01	72	12.31944444
at9900_1_chr3	1113787	1125936	chr3_nbh02	22	28.95454545
at9900_1_chr3	4843728	4859479	chr3_nbh04	25	16.24
at9900_1_chr3	5314743	5318388	chr3_nbh05	4	34.75
at9900_1_chr3	9288924	9304161	chr3_nbh06	28	14.92857143
at9900_1_chr3	9704331	9710417	chr3_nbh07	2	17
at9900_1_chr3	11301540	11438197	chr3_nbh08	17	70
at9900_1_chr3	19769837	20125297	chr3_nbh12	324	55.63580247
at9900_1_chr3	21120446	21230626	chr3_nbh13	170	14.47647059
at9900_1_chr3	22635651	22669797	chr3_nbh15	76	10.85526316
at9900_1_chr3	22850040	22856226	chr3_nbh16	4	17.75
at9900_1_chr3	23033466	23047781	chr3_nbh17	12	7.583333333
at9900_1_chr4	2436782	2530506	chr4_nbh03	14	66.35714286
at9900_1_chr4	8114432	8148056	chr4_nbh04	25	55.24
at9900_1_chr4	8779533	8819203	chr4_nbh06	22	11.31818182
at9900_1_chr4	9615382	9628167	chr4_nbh08	152	38.25657895
at9900_1_chr4	9704683	9725727	chr4_nbh09	121	25.92561983
at9900_1_chr4	10006363	10043373	chr4_nbh10	92	40.20652174
at9900_1_chr4	11118475	11237180	chr4_nbh11	6	4.333333333
at9900_1_chr4	12319742	12478478	chr4_nbh12	379	36.05804749
at9900_1_chr4	13242963	13302706	chr4_nbh13	128	11.7578125
at9900_1_chr4	13444278	13523764	chr4_nbh14	440	22.475
at9900_1_chr4	13674198	13689321	chr4_nbh15	32	10.875
at9900_1_chr4	15100148	15140142	chr4_nbh17	4	7.25
at9900_1_chr4	16501293	16510274	chr4_nbh19	20	10.85
at9900_1_chr4	18917059	18929441	chr4_nbh20	84	70.11904762
at9900_1_chr4	19970170	19990551	chr4_nbh21	24	11.58333333
at9900_1_chr5	1372928	1385935	chr5_nbh01	12	24.16666667
at9900_1_chr5	3610326	3621112	chr5_nbh03	30	18.83333333
at9900_1_chr5	3952054	3964339	chr5_nbh04	36	12.72222222
at9900_1_chr5	5827351	5836706	chr5_nbh05	38	10.81578947
at9900_1_chr5	5912681	5989857	chr5_nbh06	158	11.0443038
at9900_1_chr5	6073874	6095137	chr5_nbh07	31	16.32258065
at9900_1_chr5	7549396	7559034	chr5_nbh08	4	12
at9900_1_chr5	16891922	16916222	chr5_nbh09	26	15.84615385
at9900_1_chr5	18443003	18503806	chr5_nbh11	6	65
at9900_1_chr5	18687262	18694997	chr5_nbh12	66	12.95454545
at9900_1_chr5	19133672	19157707	chr5_nbh13	10	12.4
at9900_1_chr5	19476835	19518395	chr5_nbh14	14	10.07142857
at9900_1_chr5	19740059	19761198	chr5_nbh15	12	9.5
at9900_1_chr5	19799279	19888611	chr5_nbh16	24	11.375
at9900_1_chr5	20243016	20277492	chr5_nbh17	12	11.33333333
at9900_1_chr5	20582780	20603220	chr5_nbh18	30	10.33333333
at9900_1_chr5	21033492	21049013	chr5_nbh20	8	11.25
at9900_1_chr5	21210059	21300946	chr5_nbh21	86	18.06976744
at9900_1_chr5	21352795	21418958	chr5_nbh22	273	12.11355311
at9900_1_chr5	21480608	21533860	chr5_nbh23	44	13.36363636
at9900_1_chr5	21810643	21827992	chr5_nbh24	30	8.233333333
at9900_1_chr5	21891940	21921567	chr5_nbh25	66	15.37878788
at9900_1_chr5	22225507	22295223	chr5_nbh26	47	30.25531915
at9900_1_chr5	22746366	22760457	chr5_nbh27	26	10.15384615
at9900_1_chr5	25775412	25781350	chr5_nbh31	2	5.5
at9900_1_chr5	26536386	26552613	chr5_nbh32	4	15.5
at9900_1_chr5	28315449	28326040	chr5_nbh33	2	7.5
at9900_1_chr5	29609111	29753129	chr5_nbh34	41	17.43902439
