Chr	Start	End	NLR_hood	SegmentDups	SizeSegmentDups	Mean_size_SegmentDups
at6923_1_chr1	3643042	3649201	chr1_nbh02	5	14299	2859.8
at6923_1_chr1	4127339	4180964	chr1_nbh03	11	16678	1516.181818
at6923_1_chr1	5445466	5475874	chr1_nbh04	2	5385	2692.5
at6923_1_chr1	6031417	6044734	chr1_nbh05	2	4118	2059
at6923_1_chr1	9281633	9299424	chr1_nbh06	2	9069	4534.5
at6923_1_chr1	11093667	11141063	chr1_nbh07	14	43294	3092.428571
at6923_1_chr1	11654326	11667762	chr1_nbh08	2	9240	4620
at6923_1_chr1	11708655	11721682	chr1_nbh09	6	25365	4227.5
at6923_1_chr1	12058888	12086117	chr1_nbh10	1	742	742
at6923_1_chr1	12227523	12259878	chr1_nbh11	2	3662	1831
at6923_1_chr1	12449657	12524416	chr1_nbh12	15	57693	3846.2
at6923_1_chr1	17468855	17519051	chr1_nbh13	17	35523	2089.588235
at6923_1_chr1	17735683	17805286	chr1_nbh14	5	11100	2220
at6923_1_chr1	17907586	18004380	chr1_nbh15	26	72166	2775.615385
at6923_1_chr1	18631175	18667655	chr1_nbh16	2	1880	940
at6923_1_chr1	19851773	19860740	chr1_nbh17	3	8926	2975.333333
at6923_1_chr1	20245244	20274338	chr1_nbh18	2	3325	1662.5
at6923_1_chr1	20327317	20354085	chr1_nbh19	12	47529	3960.75
at6923_1_chr1	20865871	20872151	chr1_nbh20	2	3016	1508
at6923_1_chr1	21142497	21153044	chr1_nbh22	4	9943	2485.75
at6923_1_chr1	22335185	22337124	chr1_nbh23	1	865	865
at6923_1_chr1	22408257	22422871	chr1_nbh24	1	1424	1424
at6923_1_chr1	22424556	22480775	chr1_nbh25	13	19947	1534.384615
at6923_1_chr1	22615535	22704639	chr1_nbh26	11	12687	1153.363636
at6923_1_chr1	22936062	22981704	chr1_nbh27	7	27927	3989.571429
at6923_1_chr1	22994083	23241725	chr1_nbh28	37	132061	3569.216216
at6923_1_chr1	23447734	23474661	chr1_nbh30	4	40029	10007.25
at6923_1_chr1	23809020	23906203	chr1_nbh32	19	74681	3930.578947
at6923_1_chr1	24191492	24205742	chr1_nbh33	14	45804	3271.714286
at6923_1_chr1	24395338	24414025	chr1_nbh34	1	976	976
at6923_1_chr1	24455528	24774178	chr1_nbh35	118	247544	2097.830508
at6923_1_chr1	24900375	24999254	chr1_nbh36	15	43851	2923.4
at6923_1_chr1	25038895	25062549	chr1_nbh37	3	6056	2018.666667
at6923_1_chr1	25128040	25140179	chr1_nbh38	1	2197	2197
at6923_1_chr1	25585493	25603338	chr1_nbh39	1	1367	1367
at6923_1_chr1	25793724	25801374	chr1_nbh40	4	7575	1893.75
at6923_1_chr1	28708505	28747132	chr1_nbh43	6	17566	2927.666667
at6929_1_chr1	3636706	3642861	chr1_nbh02	5	14416	2883.2
at6929_1_chr1	4117504	4170276	chr1_nbh03	11	16622	1511.090909
at6929_1_chr1	5446910	5477372	chr1_nbh04	2	5405	2702.5
at6929_1_chr1	6038314	6056585	chr1_nbh05	7	14085	2012.142857
at6929_1_chr1	9287450	9304738	chr1_nbh06	2	4693	2346.5
at6929_1_chr1	11150487	11189618	chr1_nbh07	7	26501	3785.857143
at6929_1_chr1	11719724	11733174	chr1_nbh08	2	9288	4644
at6929_1_chr1	11773984	11782561	chr1_nbh09	3	6260	2086.666667
at6929_1_chr1	12101617	12127697	chr1_nbh10	1	1015	1015
at6929_1_chr1	12398147	12456376	chr1_nbh12	5	5578	1115.6
at6929_1_chr1	18449335	18521339	chr1_nbh13	20	53676	2683.8
at6929_1_chr1	18695887	18757166	chr1_nbh14	5	11071	2214.2
at6929_1_chr1	18860858	18939844	chr1_nbh15	26	80839	3109.192308
at6929_1_chr1	19555045	19582902	chr1_nbh16	2	1880	940
at6929_1_chr1	20774069	20783272	chr1_nbh17	3	9712	3237.333333
at6929_1_chr1	21173048	21201896	chr1_nbh18	2	3325	1662.5
at6929_1_chr1	21263344	21281758	chr1_nbh19	6	17711	2951.833333
at6929_1_chr1	21785831	21792129	chr1_nbh20	4	5004	1251
at6929_1_chr1	22063102	22074508	chr1_nbh22	5	13087	2617.4
at6929_1_chr1	23340421	23366096	chr1_nbh25	6	28346	4724.333333
at6929_1_chr1	23512513	23588228	chr1_nbh26	10	11000	1100
at6929_1_chr1	23813558	23864217	chr1_nbh27	9	18407	2045.222222
at6929_1_chr1	23872084	24095231	chr1_nbh28	28	85248	3044.571429
at6929_1_chr1	24310379	24339628	chr1_nbh30	8	24341	3042.625
at6929_1_chr1	24591734	24610529	chr1_nbh31	3	8763	2921
at6929_1_chr1	24623373	24717172	chr1_nbh32	5	15682	3136.4
at6929_1_chr1	24997531	25009485	chr1_nbh33	12	32538	2711.5
at6929_1_chr1	25213754	25235614	chr1_nbh34	6	10317	1719.5
at6929_1_chr1	25273284	25593527	chr1_nbh35	149	349229	2343.818792
at6929_1_chr1	25726798	25830042	chr1_nbh36	11	22506	2046
at6929_1_chr1	25873790	25892105	chr1_nbh37	5	8515	1703
at6929_1_chr1	25958962	25971138	chr1_nbh38	3	4750	1583.333333
at6929_1_chr1	26389249	26406804	chr1_nbh39	1	1201	1201
at6929_1_chr1	26601878	26609441	chr1_nbh40	1	1122	1122
at6929_1_chr1	29532858	29572490	chr1_nbh43	4	5152	1288
at7143_1_chr1	3639134	3645294	chr1_nbh02	4	11465	2866.25
at7143_1_chr1	4122700	4183189	chr1_nbh03	5	6967	1393.4
at7143_1_chr1	5461498	5491837	chr1_nbh04	2	6454	3227
at7143_1_chr1	6045570	6058913	chr1_nbh05	1	2984	2984
at7143_1_chr1	9326794	9344202	chr1_nbh06	2	4694	2347
at7143_1_chr1	11135958	11190345	chr1_nbh07	8	19884	2485.5
at7143_1_chr1	11636788	11650229	chr1_nbh08	2	9278	4639
at7143_1_chr1	11695704	11704291	chr1_nbh09	3	6237	2079
at7143_1_chr1	12014480	12040167	chr1_nbh10	1	1014	1014
at7143_1_chr1	12215357	12291966	chr1_nbh12	9	31299	3477.666667
at7143_1_chr1	19428691	19489983	chr1_nbh13	26	51500	1980.769231
at7143_1_chr1	19709988	19779688	chr1_nbh14	9	34223	3802.555556
at7143_1_chr1	19868395	19937506	chr1_nbh15	16	50232	3139.5
at7143_1_chr1	21794674	21803641	chr1_nbh17	3	8926	2975.333333
at7143_1_chr1	22195678	22226184	chr1_nbh18	3	4935	1645
at7143_1_chr1	22284572	22296052	chr1_nbh19	2	6216	3108
at7143_1_chr1	22797160	22805715	chr1_nbh20	3	4257	1419
at7143_1_chr1	23083494	23094108	chr1_nbh22	3	8399	2799.666667
at7143_1_chr1	24273837	24275776	chr1_nbh23	1	865	865
at7143_1_chr1	24363208	24419427	chr1_nbh25	8	12444	1555.5
at7143_1_chr1	24553892	24633192	chr1_nbh26	10	10782	1078.2
at7143_1_chr1	24859725	24903114	chr1_nbh27	5	11075	2215
at7143_1_chr1	24911066	25141213	chr1_nbh28	29	66407	2289.896552
at7143_1_chr1	25357567	25384496	chr1_nbh30	4	40029	10007.25
at7143_1_chr1	25674172	25765715	chr1_nbh32	11	47179	4289
at7143_1_chr1	26058496	26072740	chr1_nbh33	19	43897	2310.368421
at7143_1_chr1	26261394	26287675	chr1_nbh34	3	10434	3478
at7143_1_chr1	26323816	26655661	chr1_nbh35	153	427146	2791.803922
at7143_1_chr1	26790454	26886130	chr1_nbh36	12	27287	2273.916667
at7143_1_chr1	26936471	26954803	chr1_nbh37	3	5401	1800.333333
at7143_1_chr1	27029029	27041127	chr1_nbh38	3	4493	1497.666667
at7143_1_chr1	27459327	27477329	chr1_nbh39	3	4455	1485
at7143_1_chr1	27664570	27672227	chr1_nbh40	3	5324	1774.666667
at7143_1_chr1	30596304	30654374	chr1_nbh43	10	17310	1731
at8285_1_chr1	3652916	3659074	chr1_nbh02	5	14370	2874
at8285_1_chr1	4146748	4199569	chr1_nbh03	11	16638	1512.545455
at8285_1_chr1	5441973	5472459	chr1_nbh04	3	7877	2625.666667
at8285_1_chr1	6029693	6042992	chr1_nbh05	1	5103	5103
at8285_1_chr1	9285469	9303253	chr1_nbh06	2	9072	4536
at8285_1_chr1	11098229	11142537	chr1_nbh07	11	32326	2938.727273
at8285_1_chr1	11655689	11669088	chr1_nbh08	2	11194	5597
at8285_1_chr1	11709995	11718571	chr1_nbh09	1	1742	1742
at8285_1_chr1	12170951	12242562	chr1_nbh11	3	10964	3654.666667
at8285_1_chr1	12245809	12327543	chr1_nbh12	9	29589	3287.666667
at8285_1_chr1	20503665	20577771	chr1_nbh13	25	62463	2498.52
at8285_1_chr1	20788763	20849760	chr1_nbh14	5	11100	2220
at8285_1_chr1	20945225	21036500	chr1_nbh15	21	62560	2979.047619
at8285_1_chr1	21640760	21666788	chr1_nbh16	2	1880	940
at8285_1_chr1	22849677	22858634	chr1_nbh17	3	8816	2938.666667
at8285_1_chr1	23265452	23294446	chr1_nbh18	2	3305	1652.5
at8285_1_chr1	23348389	23359827	chr1_nbh19	3	7587	2529
at8285_1_chr1	23858717	23864670	chr1_nbh20	2	2974	1487
at8285_1_chr1	24143419	24153997	chr1_nbh22	4	11470	2867.5
at8285_1_chr1	25333213	25335151	chr1_nbh23	2	1429	714.5
at8285_1_chr1	25589425	25671516	chr1_nbh26	9	9089	1009.888889
at8285_1_chr1	25900952	25953871	chr1_nbh27	8	29560	3695
at8285_1_chr1	25962340	26203534	chr1_nbh28	36	107700	2991.666667
at8285_1_chr1	26418969	26438640	chr1_nbh30	4	15275	3818.75
at8285_1_chr1	26715499	26806108	chr1_nbh32	15	53887	3592.466667
at8285_1_chr1	27086437	27098644	chr1_nbh33	11	32799	2981.727273
at8285_1_chr1	27291258	27310939	chr1_nbh34	3	3893	1297.666667
at8285_1_chr1	27347874	27691350	chr1_nbh35	153	399020	2607.973856
at8285_1_chr1	27819096	27920489	chr1_nbh36	12	23471	1955.916667
at8285_1_chr1	27970848	27989216	chr1_nbh37	4	6932	1733
at8285_1_chr1	28056672	28067721	chr1_nbh38	3	4762	1587.333333
at8285_1_chr1	28496005	28513650	chr1_nbh39	1	1323	1323
at8285_1_chr1	28702419	28710044	chr1_nbh40	3	6330	2110
at8285_1_chr1	31635721	31663980	chr1_nbh43	2	2874	1437
at9104_1_chr1	3653649	3659825	chr1_nbh02	6	17383	2897.166667
at9104_1_chr1	4141637	4192519	chr1_nbh03	6	8092	1348.666667
at9104_1_chr1	5448741	5479229	chr1_nbh04	4	9534	2383.5
at9104_1_chr1	6044065	6057366	chr1_nbh05	1	2984	2984
at9104_1_chr1	9297374	9314634	chr1_nbh06	2	4694	2347
at9104_1_chr1	11164941	11218463	chr1_nbh07	9	19983	2220.333333
at9104_1_chr1	11682337	11710352	chr1_nbh08	7	27070	3867.142857
at9104_1_chr1	11751100	11759671	chr1_nbh09	3	5687	1895.666667
at9104_1_chr1	12098248	12124342	chr1_nbh10	1	742	742
at9104_1_chr1	12236951	12307061	chr1_nbh11	1	2143	2143
at9104_1_chr1	12310314	12376448	chr1_nbh12	9	27459	3051
at9104_1_chr1	18449867	18558012	chr1_nbh13	68	279557	4111.132353
at9104_1_chr1	18730067	18798101	chr1_nbh14	6	11119	1853.166667
at9104_1_chr1	18912834	18987798	chr1_nbh15	16	56738	3546.125
at9104_1_chr1	19589943	19615031	chr1_nbh16	5	4557	911.4
at9104_1_chr1	20808751	20817712	chr1_nbh17	3	8823	2941
at9104_1_chr1	21211159	21239740	chr1_nbh18	2	3224	1612
at9104_1_chr1	21295443	21322055	chr1_nbh19	5	10497	2099.4
at9104_1_chr1	21834424	21840363	chr1_nbh20	3	4257	1419
at9104_1_chr1	22114702	22125252	chr1_nbh22	6	15970	2661.666667
at9104_1_chr1	23298668	23300612	chr1_nbh23	1	687	687
at9104_1_chr1	23376989	23406485	chr1_nbh25	1	1214	1214
at9104_1_chr1	23548413	23631645	chr1_nbh26	8	8869	1108.625
at9104_1_chr1	23858501	23904506	chr1_nbh27	8	35566	4445.75
at9104_1_chr1	23912445	24140006	chr1_nbh28	30	96375	3212.5
at9104_1_chr1	24359269	24382659	chr1_nbh30	3	16940	5646.666667
at9104_1_chr1	24703331	24800127	chr1_nbh32	16	64462	4028.875
at9104_1_chr1	25089537	25101467	chr1_nbh33	9	32633	3625.888889
at9104_1_chr1	25291998	25311408	chr1_nbh34	3	3893	1297.666667
at9104_1_chr1	25352171	25708669	chr1_nbh35	100	267246	2672.46
at9104_1_chr1	25842770	25941476	chr1_nbh36	19	37109	1953.105263
at9104_1_chr1	25991857	26010264	chr1_nbh37	4	6751	1687.75
at9104_1_chr1	26084011	26096243	chr1_nbh38	3	4801	1600.333333
at9104_1_chr1	26504017	26524530	chr1_nbh39	2	2688	1344
at9104_1_chr1	26708337	26715963	chr1_nbh40	2	4432	2216
at9104_1_chr1	28351384	28385211	chr1_nbh42	1	2224	2224
at9104_1_chr1	29630148	29661426	chr1_nbh43	2	2881	1440.5
at9336_1_chr1	3667353	3673512	chr1_nbh02	5	14382	2876.4
at9336_1_chr1	4154118	4207688	chr1_nbh03	11	16678	1516.181818
at9336_1_chr1	5480185	5510626	chr1_nbh04	5	12644	2528.8
at9336_1_chr1	6073622	6086917	chr1_nbh05	1	5103	5103
at9336_1_chr1	9322124	9339908	chr1_nbh06	2	9072	4536
at9336_1_chr1	11126494	11165737	chr1_nbh07	8	26799	3349.875
at9336_1_chr1	11633891	11648115	chr1_nbh08	2	11680	5840
at9336_1_chr1	11689067	11697645	chr1_nbh09	3	4991	1663.666667
at9336_1_chr1	12009760	12036185	chr1_nbh10	1	1015	1015
at9336_1_chr1	12309420	12391260	chr1_nbh12	9	29796	3310.666667
at9336_1_chr1	19480821	19486208	chr1_nbh13	2	7253	3626.5
at9336_1_chr1	19706919	19759684	chr1_nbh13	25	73247	2929.88
at9336_1_chr1	20068629	20131237	chr1_nbh14	8	15654	1956.75
at9336_1_chr1	20230861	20320242	chr1_nbh15	22	53197	2418.045455
at9336_1_chr1	20958243	20995740	chr1_nbh16	6	6580	1096.666667
at9336_1_chr1	22189962	22199063	chr1_nbh17	3	9346	3115.333333
at9336_1_chr1	22576746	22607383	chr1_nbh18	3	4863	1621
at9336_1_chr1	22676788	22688229	chr1_nbh19	5	13706	2741.2
at9336_1_chr1	23189800	23195757	chr1_nbh20	2	2277	1138.5
at9336_1_chr1	23477336	23488735	chr1_nbh22	5	13072	2614.4
at9336_1_chr1	24655491	24657431	chr1_nbh23	1	817	817
at9336_1_chr1	24721526	24780676	chr1_nbh25	6	8792	1465.333333
at9336_1_chr1	24915901	25003107	chr1_nbh26	7	7359	1051.285714
at9336_1_chr1	25229864	25273084	chr1_nbh27	11	27012	2455.636364
at9336_1_chr1	25280933	25517745	chr1_nbh28	43	162747	3784.813953
at9336_1_chr1	25737792	25764688	chr1_nbh30	4	40049	10012.25
at9336_1_chr1	26084369	26182830	chr1_nbh32	13	67801	5215.461538
at9336_1_chr1	26462085	26473963	chr1_nbh33	9	27434	3048.222222
at9336_1_chr1	26665186	26685043	chr1_nbh34	4	5188	1297
at9336_1_chr1	26719729	27115877	chr1_nbh35	352	1340222	3807.448864
at9336_1_chr1	27244887	27342484	chr1_nbh36	19	30900	1626.315789
at9336_1_chr1	27382438	27400771	chr1_nbh37	5	8299	1659.8
at9336_1_chr1	27466869	27476630	chr1_nbh38	1	2494	2494
at9336_1_chr1	27904793	27921650	chr1_nbh39	3	3396	1132
at9336_1_chr1	28109042	28116682	chr1_nbh40	3	4505	1501.666667
at9503_1_chr1	3643516	3649674	chr1_nbh02	6	17314	2885.666667
at9503_1_chr1	4132868	4184134	chr1_nbh03	5	6970	1394
at9503_1_chr1	5445900	5476402	chr1_nbh04	2	5405	2702.5
at9503_1_chr1	6020282	6033602	chr1_nbh05	1	1094	1094
at9503_1_chr1	9285589	9303548	chr1_nbh06	2	9069	4534.5
at9503_1_chr1	11117694	11154242	chr1_nbh07	7	19480	2782.857143
at9503_1_chr1	11613635	11627232	chr1_nbh08	2	12521	6260.5
at9503_1_chr1	11668106	11676685	chr1_nbh09	4	8467	2116.75
at9503_1_chr1	11984566	12011793	chr1_nbh10	1	1015	1015
at9503_1_chr1	12120953	12190833	chr1_nbh11	1	2143	2143
at9503_1_chr1	12194082	12263114	chr1_nbh12	7	24752	3536
at9503_1_chr1	17969247	18034100	chr1_nbh13	21	58712	2795.809524
at9503_1_chr1	18229275	18299910	chr1_nbh14	5	11079	2215.8
at9503_1_chr1	18404566	18494119	chr1_nbh15	25	68907	2756.28
at9503_1_chr1	20329356	20338457	chr1_nbh17	3	9346	3115.333333
at9503_1_chr1	20733087	20763307	chr1_nbh18	2	3325	1662.5
at9503_1_chr1	20820378	20831787	chr1_nbh19	3	7663	2554.333333
at9503_1_chr1	21344441	21350721	chr1_nbh20	4	5348	1337
at9503_1_chr1	21621068	21631615	chr1_nbh22	5	13093	2618.6
at9503_1_chr1	22867881	22901372	chr1_nbh25	6	27449	4574.833333
at9503_1_chr1	23044559	23135250	chr1_nbh26	6	7162	1193.666667
at9503_1_chr1	23368676	23411610	chr1_nbh27	5	15617	3123.4
at9503_1_chr1	23419473	23660312	chr1_nbh28	42	233062	5549.095238
at9503_1_chr1	23875877	23902802	chr1_nbh30	4	40029	10007.25
at9503_1_chr1	24174122	24196933	chr1_nbh31	2	5869	2934.5
at9503_1_chr1	24208480	24316898	chr1_nbh32	22	132994	6045.181818
at9503_1_chr1	24593231	24605167	chr1_nbh33	9	27546	3060.666667
at9503_1_chr1	24798757	24825036	chr1_nbh34	5	14504	2900.8
at9503_1_chr1	24861258	25211678	chr1_nbh35	119	418664	3518.184874
at9503_1_chr1	25341694	25447881	chr1_nbh36	6	11134	1855.666667
at9503_1_chr1	25498254	25516595	chr1_nbh37	3	5986	1995.333333
at9503_1_chr1	25585986	25597041	chr1_nbh38	1	2232	2232
at9503_1_chr1	26028546	26046376	chr1_nbh39	3	4085	1361.666667
at9503_1_chr1	26233504	26241132	chr1_nbh40	3	6719	2239.666667
at9503_1_chr1	29158857	29198662	chr1_nbh43	4	3232	808
at9578_1_chr1	3626649	3632807	chr1_nbh02	7	20222	2888.857143
at9578_1_chr1	4126846	4187321	chr1_nbh03	5	6970	1394
at9578_1_chr1	5457501	5488328	chr1_nbh04	3	8988	2996
at9578_1_chr1	6035902	6049195	chr1_nbh05	1	2984	2984
at9578_1_chr1	9299118	9316384	chr1_nbh06	2	4694	2347
at9578_1_chr1	11142192	11181137	chr1_nbh07	11	39636	3603.272727
at9578_1_chr1	11653515	11667758	chr1_nbh08	2	11712	5856
at9578_1_chr1	12360638	12433356	chr1_nbh12	8	24851	3106.375
at9578_1_chr1	19254861	19340316	chr1_nbh13	29	128081	4416.586207
at9578_1_chr1	19531957	19599945	chr1_nbh14	7	14321	2045.857143
at9578_1_chr1	19711233	19770929	chr1_nbh15	17	52444	3084.941176
at9578_1_chr1	20386887	20411869	chr1_nbh16	4	3424	856
at9578_1_chr1	21580422	21589381	chr1_nbh17	3	8948	2982.666667
at9578_1_chr1	21984937	22017379	chr1_nbh18	2	25532	12766
at9578_1_chr1	22074380	22099738	chr1_nbh19	12	51232	4269.333333
at9578_1_chr1	22609298	22617853	chr1_nbh20	4	5193	1298.25
at9578_1_chr1	22914734	22925321	chr1_nbh22	6	17049	2841.5
at9578_1_chr1	24122012	24123950	chr1_nbh23	2	1434	717
at9578_1_chr1	24200891	24226560	chr1_nbh25	7	10497	1499.571429
at9578_1_chr1	24359408	24445772	chr1_nbh26	10	10256	1025.6
at9578_1_chr1	24674519	24717715	chr1_nbh27	15	25963	1730.866667
at9578_1_chr1	24725574	24956500	chr1_nbh28	24	61050	2543.75
at9578_1_chr1	25185075	25214808	chr1_nbh30	4	20268	5067
at9578_1_chr1	25506301	25598974	chr1_nbh32	7	44404	6343.428571
at9578_1_chr1	25877529	25889473	chr1_nbh33	15	34765	2317.666667
at9578_1_chr1	26087779	26106796	chr1_nbh34	3	3914	1304.666667
at9578_1_chr1	26148595	26482961	chr1_nbh35	87	194722	2238.183908
at9578_1_chr1	26611288	26712002	chr1_nbh36	10	20371	2037.1
at9578_1_chr1	26751884	26770254	chr1_nbh37	4	6569	1642.25
at9578_1_chr1	26836342	26846102	chr1_nbh38	2	3565	1782.5
at9578_1_chr1	27263107	27280980	chr1_nbh39	3	3791	1263.666667
at9578_1_chr1	27466284	27473922	chr1_nbh40	4	7071	1767.75
at9744_1_chr1	3635398	3641559	chr1_nbh02	6	17340	2890
at9744_1_chr1	4125484	4174477	chr1_nbh03	6	8092	1348.666667
at9744_1_chr1	5447066	5477474	chr1_nbh04	3	7873	2624.333333
at9744_1_chr1	6034004	6047315	chr1_nbh05	1	2984	2984
at9744_1_chr1	9295679	9313463	chr1_nbh06	2	9072	4536
at9744_1_chr1	11093780	11143137	chr1_nbh07	6	18691	3115.166667
at9744_1_chr1	11618608	11632049	chr1_nbh08	2	9500	4750
at9744_1_chr1	11672897	11681487	chr1_nbh09	3	5751	1917
at9744_1_chr1	12134029	12205392	chr1_nbh11	1	2143	2143
at9744_1_chr1	12208652	12273371	chr1_nbh12	8	17469	2183.625
at9744_1_chr1	18396800	18402195	chr1_nbh13	2	4559	2279.5
at9744_1_chr1	18592177	18644933	chr1_nbh13	18	38634	2146.333333
at9744_1_chr1	18799721	18860748	chr1_nbh14	4	8664	2166
at9744_1_chr1	18963742	19012257	chr1_nbh15	17	42601	2505.941176
at9744_1_chr1	19655081	19682759	chr1_nbh16	2	1884	942
at9744_1_chr1	20916285	20925480	chr1_nbh17	3	9688	3229.333333
at9744_1_chr1	21306731	21335678	chr1_nbh18	2	3224	1612
at9744_1_chr1	21397905	21423487	chr1_nbh19	13	50972	3920.923077
at9744_1_chr1	21928761	21934729	chr1_nbh20	4	5814	1453.5
at9744_1_chr1	22213752	22224314	chr1_nbh22	6	17807	2967.833333
at9744_1_chr1	23417350	23419290	chr1_nbh23	2	1506	753
at9744_1_chr1	23691272	23769378	chr1_nbh26	8	9228	1153.5
at9744_1_chr1	24000093	24043405	chr1_nbh27	9	19237	2137.444444
at9744_1_chr1	24051344	24301974	chr1_nbh28	38	110577	2909.921053
at9744_1_chr1	24524656	24542964	chr1_nbh30	4	13851	3462.75
at9744_1_chr1	24987473	25083665	chr1_nbh32	14	83451	5960.785714
at9744_1_chr1	25358464	25370192	chr1_nbh33	11	33090	3008.181818
at9744_1_chr1	25561134	25580746	chr1_nbh34	2	2433	1216.5
at9744_1_chr1	25616608	26067520	chr1_nbh35	298	1146477	3847.238255
at9744_1_chr1	26196198	26302440	chr1_nbh36	12	22526	1877.166667
at9744_1_chr1	26342384	26360785	chr1_nbh37	3	4634	1544.666667
at9744_1_chr1	26427253	26439507	chr1_nbh38	3	4448	1482.666667
at9744_1_chr1	26854719	26872513	chr1_nbh39	2	3297	1648.5
at9744_1_chr1	27063158	27070837	chr1_nbh40	4	6882	1720.5
at9744_1_chr1	29975515	30013786	chr1_nbh43	2	2941	1470.5
at9762_1_chr1	3666692	3672847	chr1_nbh02	6	17278	2879.666667
at9762_1_chr1	4167172	4220491	chr1_nbh03	10	14805	1480.5
at9762_1_chr1	5481412	5511836	chr1_nbh04	5	12037	2407.4
at9762_1_chr1	6055279	6069115	chr1_nbh05	1	2984	2984
at9762_1_chr1	9314179	9336570	chr1_nbh06	2	3213	1606.5
at9762_1_chr1	11275982	11317855	chr1_nbh07	13	43978	3382.923077
at9762_1_chr1	11809189	11824929	chr1_nbh08	2	12452	6226
at9762_1_chr1	12335394	12366748	chr1_nbh11	2	6652	3326
at9762_1_chr1	12475614	12498554	chr1_nbh11	3	3375	1125
at9762_1_chr1	12501761	12579285	chr1_nbh12	8	25862	3232.75
at9762_1_chr1	20520347	20583206	chr1_nbh13	20	39973	1998.65
at9762_1_chr1	20804042	20872246	chr1_nbh14	8	14906	1863.25
at9762_1_chr1	20981088	21067497	chr1_nbh15	19	82736	4354.526316
at9762_1_chr1	21683116	21719551	chr1_nbh16	1	1400	1400
at9762_1_chr1	22915842	22934281	chr1_nbh17	2	2714	1357
at9762_1_chr1	23352217	23387267	chr1_nbh18	3	11912	3970.666667
at9762_1_chr1	23440519	23455923	chr1_nbh19	4	11803	2950.75
at9762_1_chr1	23964320	23973204	chr1_nbh20	6	7911	1318.5
at9762_1_chr1	24249407	24264963	chr1_nbh22	4	11688	2922
at9762_1_chr1	25453210	25455149	chr1_nbh23	1	817	817
at9762_1_chr1	25535213	25581441	chr1_nbh25	15	40223	2681.533333
at9762_1_chr1	25709275	25795494	chr1_nbh26	9	9792	1088
at9762_1_chr1	26033517	26080460	chr1_nbh27	6	18670	3111.666667
at9762_1_chr1	26088303	26321784	chr1_nbh28	24	68906	2871.083333
at9762_1_chr1	26380380	26395617	chr1_nbh29	5	10798	2159.6
at9762_1_chr1	26552777	26583909	chr1_nbh30	8	28576	3572
at9762_1_chr1	26849905	26868207	chr1_nbh31	2	5861	2930.5
at9762_1_chr1	26882164	26985177	chr1_nbh32	13	82292	6330.153846
at9762_1_chr1	27262681	27274665	chr1_nbh33	11	34877	3170.636364
at9762_1_chr1	27469206	27488787	chr1_nbh34	4	5071	1267.75
at9762_1_chr1	27539840	27881153	chr1_nbh35	113	296160	2620.884956
at9762_1_chr1	28010937	28103026	chr1_nbh36	9	18626	2069.555556
at9762_1_chr1	28146247	28164622	chr1_nbh37	4	7570	1892.5
at9762_1_chr1	28235506	28251507	chr1_nbh38	1	2205	2205
at9762_1_chr1	28676225	28694895	chr1_nbh39	3	3939	1313
at9762_1_chr1	28880578	28888269	chr1_nbh40	4	7586	1896.5
at9806_1_chr1	3657776	3663937	chr1_nbh02	6	17369	2894.833333
at9806_1_chr1	4145998	4197805	chr1_nbh03	10	15535	1553.5
at9806_1_chr1	5449869	5480370	chr1_nbh04	3	9004	3001.333333
at9806_1_chr1	6034816	6048110	chr1_nbh05	1	2988	2988
at9806_1_chr1	9290499	9307760	chr1_nbh06	2	4694	2347
at9806_1_chr1	11115186	11163061	chr1_nbh07	7	24131	3447.285714
at9806_1_chr1	11651105	11664702	chr1_nbh08	2	12521	6260.5
at9806_1_chr1	11705558	11714204	chr1_nbh09	3	6256	2085.333333
at9806_1_chr1	12215160	12285125	chr1_nbh11	1	2143	2143
at9806_1_chr1	12288374	12353065	chr1_nbh12	8	25894	3236.75
at9806_1_chr1	20505401	20580509	chr1_nbh13	15	46606	3107.066667
at9806_1_chr1	20774150	20844773	chr1_nbh14	5	10999	2199.8
at9806_1_chr1	20949429	21021853	chr1_nbh15	17	34066	2003.882353
at9806_1_chr1	22833307	22842274	chr1_nbh17	3	8841	2947
at9806_1_chr1	23244431	23273387	chr1_nbh18	2	3307	1653.5
at9806_1_chr1	23334773	23353303	chr1_nbh19	11	30473	2770.272727
at9806_1_chr1	23855531	23864432	chr1_nbh20	3	4729	1576.333333
at9806_1_chr1	24134847	24145435	chr1_nbh22	6	14284	2380.666667
at9806_1_chr1	25317974	25319912	chr1_nbh23	2	1434	717
at9806_1_chr1	25396989	25425846	chr1_nbh25	6	8944	1490.666667
at9806_1_chr1	25569553	25657697	chr1_nbh26	8	8471	1058.875
at9806_1_chr1	25906186	25957309	chr1_nbh27	7	12055	1722.142857
at9806_1_chr1	25969401	26154346	chr1_nbh28	24	38208	1592
at9806_1_chr1	26214706	26231474	chr1_nbh29	4	9069	2267.25
at9806_1_chr1	26378422	26405711	chr1_nbh30	4	29674	7418.5
at9806_1_chr1	26727481	26832684	chr1_nbh32	29	117571	4054.172414
at9806_1_chr1	27105919	27118037	chr1_nbh33	10	30697	3069.7
at9806_1_chr1	27305539	27325203	chr1_nbh34	4	5230	1307.5
at9806_1_chr1	27361472	27718928	chr1_nbh35	195	495039	2538.661538
at9806_1_chr1	27853462	27951249	chr1_nbh36	18	40433	2246.277778
at9806_1_chr1	27991285	28009637	chr1_nbh37	3	5010	1670
at9806_1_chr1	28085150	28096200	chr1_nbh38	3	5034	1678
at9806_1_chr1	28727595	28735196	chr1_nbh40	4	8022	2005.5
at9806_1_chr1	31646267	31682831	chr1_nbh43	4	5152	1288
at9830_1_chr1	3653558	3659716	chr1_nbh02	6	17379	2896.5
at9830_1_chr1	4154741	4215217	chr1_nbh03	5	6970	1394
at9830_1_chr1	5469078	5499538	chr1_nbh04	2	6110	3055
at9830_1_chr1	6067497	6080820	chr1_nbh05	1	3182	3182
at9830_1_chr1	11195386	11242695	chr1_nbh07	9	28535	3170.555556
at9830_1_chr1	11724168	11737772	chr1_nbh08	2	12523	6261.5
at9830_1_chr1	12232888	12302428	chr1_nbh11	1	2143	2143
at9830_1_chr1	12305677	12410532	chr1_nbh12	15	58479	3898.6
at9830_1_chr1	18796136	18865721	chr1_nbh13	26	89998	3461.461538
at9830_1_chr1	19052502	19114619	chr1_nbh14	8	15599	1949.875
at9830_1_chr1	19221522	19317410	chr1_nbh15	20	45214	2260.7
at9830_1_chr1	21147913	21156885	chr1_nbh17	3	8928	2976
at9830_1_chr1	21543981	21574147	chr1_nbh18	3	4737	1579
at9830_1_chr1	21633355	21651887	chr1_nbh19	9	27457	3050.777778
at9830_1_chr1	22162775	22171330	chr1_nbh20	3	4011	1337
at9830_1_chr1	22454765	22465302	chr1_nbh22	5	14649	2929.8
at9830_1_chr1	23644307	23646245	chr1_nbh23	1	817	817
at9830_1_chr1	23720640	23776561	chr1_nbh25	9	16307	1811.888889
at9830_1_chr1	23909347	23997911	chr1_nbh26	8	7819	977.375
at9830_1_chr1	24249789	24289538	chr1_nbh27	8	13735	1716.875
at9830_1_chr1	24298010	24506846	chr1_nbh28	17	31727	1866.294118
at9830_1_chr1	24740097	24767503	chr1_nbh30	4	18170	4542.5
at9830_1_chr1	25159968	25252483	chr1_nbh32	17	49921	2936.529412
at9830_1_chr1	25520936	25532876	chr1_nbh33	15	36351	2423.4
at9830_1_chr1	25729456	25748316	chr1_nbh34	3	3764	1254.666667
at9830_1_chr1	25786512	26126538	chr1_nbh35	119	338573	2845.151261
at9830_1_chr1	26257553	26351196	chr1_nbh36	7	13957	1993.857143
at9830_1_chr1	26390871	26409300	chr1_nbh37	2	3556	1778
at9830_1_chr1	26475300	26486985	chr1_nbh38	1	2140	2140
at9830_1_chr1	26921489	26939481	chr1_nbh39	2	3171	1585.5
at9830_1_chr1	27124232	27131905	chr1_nbh40	4	5125	1281.25
at9830_1_chr1	30041679	30102792	chr1_nbh43	6	11358	1893
at9847_1_chr1	3633605	3639765	chr1_nbh02	5	14383	2876.6
at9847_1_chr1	4122911	4174157	chr1_nbh03	5	6970	1394
at9847_1_chr1	5440753	5471240	chr1_nbh04	3	9004	3001.333333
at9847_1_chr1	6029235	6042568	chr1_nbh05	1	3182	3182
at9847_1_chr1	9298041	9316000	chr1_nbh06	2	9069	4534.5
at9847_1_chr1	11136530	11173078	chr1_nbh07	8	24795	3099.375
at9847_1_chr1	11640141	11654382	chr1_nbh08	2	12000	6000
at9847_1_chr1	11696071	11704636	chr1_nbh09	1	1748	1748
at9847_1_chr1	12029011	12054764	chr1_nbh10	1	1002	1002
at9847_1_chr1	12196732	12275660	chr1_nbh11	1	2143	2143
at9847_1_chr1	12278904	12360681	chr1_nbh12	14	51831	3702.214286
at9847_1_chr1	17478256	17544569	chr1_nbh13	21	74541	3549.571429
at9847_1_chr1	17773213	17845864	chr1_nbh14	10	19711	1971.1
at9847_1_chr1	17950921	18034119	chr1_nbh15	21	60517	2881.761905
at9847_1_chr1	18662836	18691411	chr1_nbh16	2	1880	940
at9847_1_chr1	19906188	19915167	chr1_nbh17	3	8965	2988.333333
at9847_1_chr1	20300827	20333734	chr1_nbh18	2	5030	2515
at9847_1_chr1	20386498	20412089	chr1_nbh19	13	50824	3909.538462
at9847_1_chr1	20912996	20918935	chr1_nbh20	2	2974	1487
at9847_1_chr1	21189766	21200021	chr1_nbh22	5	14374	2874.8
at9847_1_chr1	22353840	22355780	chr1_nbh23	2	1436	718
at9847_1_chr1	22431535	22492886	chr1_nbh25	7	9060	1294.285714
at9847_1_chr1	22635010	22724426	chr1_nbh26	5	4707	941.4
at9847_1_chr1	22943092	22984821	chr1_nbh27	6	20716	3452.666667
at9847_1_chr1	22996915	23213698	chr1_nbh28	27	63727	2360.259259
at9847_1_chr1	23430262	23448601	chr1_nbh30	4	13602	3400.5
at9847_1_chr1	23812201	23910428	chr1_nbh32	9	46676	5186.222222
at9847_1_chr1	24198183	24210165	chr1_nbh33	11	33317	3028.818182
at9847_1_chr1	24408886	24428342	chr1_nbh34	3	3880	1293.333333
at9847_1_chr1	24464231	24788641	chr1_nbh35	123	322637	2623.065041
at9847_1_chr1	24917945	25017741	chr1_nbh36	15	24436	1629.066667
at9847_1_chr1	25059226	25077586	chr1_nbh37	5	8122	1624.4
at9847_1_chr1	25144484	25156715	chr1_nbh38	3	4821	1607
at9847_1_chr1	25582730	25600722	chr1_nbh39	3	4963	1654.333333
at9847_1_chr1	25784341	25791951	chr1_nbh40	3	5151	1717
at9847_1_chr1	28705157	28743784	chr1_nbh43	6	17566	2927.666667
at9852_1_chr1	3658437	3664598	chr1_nbh02	2	5749	2874.5
at9852_1_chr1	4146752	4195752	chr1_nbh03	5	6989	1397.8
at9852_1_chr1	5486321	5520209	chr1_nbh04	6	15235	2539.166667
at9852_1_chr1	9335621	9353580	chr1_nbh06	2	9068	4534
at9852_1_chr1	11132927	11183727	chr1_nbh07	16	82431	5151.9375
at9852_1_chr1	11671769	11685367	chr1_nbh08	2	12523	6261.5
at9852_1_chr1	11726461	11735037	chr1_nbh09	6	13010	2168.333333
at9852_1_chr1	12215382	12286922	chr1_nbh11	1	2143	2143
at9852_1_chr1	12290158	12377654	chr1_nbh12	22	73257	3329.863636
at9852_1_chr1	19185564	19235773	chr1_nbh13	12	23609	1967.416667
at9852_1_chr1	19451716	19518693	chr1_nbh14	5	11090	2218
at9852_1_chr1	19621896	19725905	chr1_nbh15	26	77740	2990
at9852_1_chr1	20328985	20357580	chr1_nbh16	4	5819	1454.75
at9852_1_chr1	21569880	21578981	chr1_nbh17	3	9346	3115.333333
at9852_1_chr1	21980955	22010123	chr1_nbh18	3	21798	7266
at9852_1_chr1	22066885	22076210	chr1_nbh19	5	10371	2074.2
at9852_1_chr1	22569629	22575930	chr1_nbh20	4	5722	1430.5
at9852_1_chr1	22850725	22860978	chr1_nbh22	3	8527	2842.333333
at9852_1_chr1	24032348	24034285	chr1_nbh23	1	687	687
at9852_1_chr1	24119759	24165629	chr1_nbh25	13	49089	3776.076923
at9852_1_chr1	24304282	24389167	chr1_nbh26	8	11126	1390.75
at9852_1_chr1	24611456	24657983	chr1_nbh27	7	20267	2895.285714
at9852_1_chr1	24665855	24887162	chr1_nbh28	30	107207	3573.566667
at9852_1_chr1	25098667	25133188	chr1_nbh30	8	14348	1793.5
at9852_1_chr1	25416640	25503173	chr1_nbh32	13	35823	2755.615385
at9852_1_chr1	25786195	25798492	chr1_nbh33	11	31475	2861.363636
at9852_1_chr1	25991706	26011075	chr1_nbh34	2	2595	1297.5
at9852_1_chr1	26049762	26366009	chr1_nbh35	115	291284	2532.904348
at9852_1_chr1	26496530	26603880	chr1_nbh36	22	41254	1875.181818
at9852_1_chr1	26652207	26673792	chr1_nbh37	6	10284	1714
at9852_1_chr1	26741177	26753413	chr1_nbh38	3	4752	1584
at9852_1_chr1	27176537	27194539	chr1_nbh39	2	2999	1499.5
at9852_1_chr1	27384841	27392448	chr1_nbh40	4	7500	1875
at9879_1_chr1	3677536	3683696	chr1_nbh02	6	17379	2896.5
at9879_1_chr1	4175674	4224658	chr1_nbh03	6	8091	1348.5
at9879_1_chr1	5491950	5522268	chr1_nbh04	2	6455	3227.5
at9879_1_chr1	6078060	6092150	chr1_nbh05	1	3461	3461
at9879_1_chr1	9394226	9412010	chr1_nbh06	2	9072	4536
at9879_1_chr1	11198772	11240190	chr1_nbh07	12	43581	3631.75
at9879_1_chr1	11721341	11734964	chr1_nbh08	2	8525	4262.5
at9879_1_chr1	11774639	11787859	chr1_nbh09	8	28355	3544.375
at9879_1_chr1	12456898	12561610	chr1_nbh12	21	74466	3546
at9879_1_chr1	19564658	19566537	chr1_nbh13	1	1211	1211
at9879_1_chr1	19755440	19825881	chr1_nbh13	25	66876	2675.04
at9879_1_chr1	20010219	20069856	chr1_nbh14	8	16167	2020.875
at9879_1_chr1	20151262	20219647	chr1_nbh15	11	42129	3829.909091
at9879_1_chr1	20827099	20855487	chr1_nbh16	4	5210	1302.5
at9879_1_chr1	22044818	22053791	chr1_nbh17	3	8751	2917
at9879_1_chr1	22464060	22495499	chr1_nbh18	2	21470	10735
at9879_1_chr1	22547685	22561823	chr1_nbh19	3	9439	3146.333333
at9879_1_chr1	23087947	23096500	chr1_nbh20	2	2972	1486
at9879_1_chr1	23387302	23397822	chr1_nbh22	5	14649	2929.8
at9879_1_chr1	24577391	24591377	chr1_nbh23	8	25575	3196.875
at9879_1_chr1	24670472	24736902	chr1_nbh25	10	17157	1715.7
at9879_1_chr1	24871603	24958223	chr1_nbh26	9	10228	1136.444444
at9879_1_chr1	25208880	25254926	chr1_nbh27	6	12840	2140
at9879_1_chr1	25262778	25478360	chr1_nbh28	33	60459	1832.090909
at9879_1_chr1	25704044	25722451	chr1_nbh30	4	13602	3400.5
at9879_1_chr1	26128653	26233079	chr1_nbh32	26	98426	3785.615385
at9879_1_chr1	26507351	26519325	chr1_nbh33	16	41784	2611.5
at9879_1_chr1	26735566	26755241	chr1_nbh34	3	3914	1304.666667
at9879_1_chr1	26791728	27130825	chr1_nbh35	118	234307	1985.652542
at9879_1_chr1	27259840	27360558	chr1_nbh36	14	24501	1750.071429
at9879_1_chr1	27404642	27423109	chr1_nbh37	4	7456	1864
at9879_1_chr1	27488397	27500082	chr1_nbh38	3	4673	1557.666667
at9879_1_chr1	27935171	27953171	chr1_nbh39	3	4423	1474.333333
at9879_1_chr1	28152524	28160163	chr1_nbh40	3	5214	1738
at9883_1_chr1	3652545	3658703	chr1_nbh02	5	14417	2883.4
at9883_1_chr1	4139392	4191200	chr1_nbh03	13	19266	1482
at9883_1_chr1	5458421	5488922	chr1_nbh04	4	9548	2387
at9883_1_chr1	6046651	6059942	chr1_nbh05	1	1094	1094
at9883_1_chr1	9262505	9280520	chr1_nbh06	2	9071	4535.5
at9883_1_chr1	11115903	11157955	chr1_nbh07	8	24815	3101.875
at9883_1_chr1	11626564	11643228	chr1_nbh08	2	12722	6361
at9883_1_chr1	12136013	12209509	chr1_nbh11	1	2143	2143
at9883_1_chr1	12212758	12289428	chr1_nbh12	14	52322	3737.285714
at9883_1_chr1	19631513	19681709	chr1_nbh13	14	30079	2148.5
at9883_1_chr1	19899507	19966429	chr1_nbh14	5	11090	2218
at9883_1_chr1	20057862	20135078	chr1_nbh15	14	45701	3264.357143
at9883_1_chr1	21977248	21986281	chr1_nbh17	3	8966	2988.666667
at9883_1_chr1	22382028	22410833	chr1_nbh18	2	3326	1663
at9883_1_chr1	22475031	22493362	chr1_nbh19	7	17878	2554
at9883_1_chr1	22986743	22992700	chr1_nbh20	4	5203	1300.75
at9883_1_chr1	23268580	23279127	chr1_nbh22	4	9922	2480.5
at9883_1_chr1	24446972	24448910	chr1_nbh23	1	817	817
at9883_1_chr1	24523187	24548679	chr1_nbh25	6	25883	4313.833333
at9883_1_chr1	24680305	24767961	chr1_nbh26	8	8174	1021.75
at9883_1_chr1	24991557	25032746	chr1_nbh27	8	27111	3388.875
at9883_1_chr1	25040620	25299962	chr1_nbh28	57	244431	4288.263158
at9883_1_chr1	25515899	25543317	chr1_nbh30	4	18178	4544.5
at9883_1_chr1	25791057	25809511	chr1_nbh31	3	8799	2933
at9883_1_chr1	25821424	25908848	chr1_nbh32	7	37528	5361.142857
at9883_1_chr1	26187518	26201469	chr1_nbh33	15	31780	2118.666667
at9883_1_chr1	26392803	26412169	chr1_nbh34	5	6482	1296.4
at9883_1_chr1	26452738	26798676	chr1_nbh35	202	633728	3137.267327
at9883_1_chr1	26935227	27034769	chr1_nbh36	9	18690	2076.666667
at9883_1_chr1	27074810	27093831	chr1_nbh37	4	7257	1814.25
at9883_1_chr1	27163435	27175574	chr1_nbh38	3	4463	1487.666667
at9883_1_chr1	27586040	27603047	chr1_nbh39	2	1997	998.5
at9883_1_chr1	27793229	27800352	chr1_nbh40	2	2840	1420
at9883_1_chr1	30686665	30722009	chr1_nbh43	2	2941	1470.5
at9900_1_chr1	3666850	3673010	chr1_nbh02	5	14383	2876.6
at9900_1_chr1	4157743	4206761	chr1_nbh03	6	8092	1348.666667
at9900_1_chr1	5483519	5514020	chr1_nbh04	3	8997	2999
at9900_1_chr1	6069083	6082371	chr1_nbh05	1	2984	2984
at9900_1_chr1	9306541	9324499	chr1_nbh06	2	9069	4534.5
at9900_1_chr1	11135984	11176110	chr1_nbh07	12	41455	3454.583333
at9900_1_chr1	11643139	11657373	chr1_nbh08	2	11748	5874
at9900_1_chr1	12191738	12266150	chr1_nbh11	1	2143	2143
at9900_1_chr1	12269395	12358913	chr1_nbh12	22	72170	3280.454545
at9900_1_chr1	19179667	19245935	chr1_nbh13	28	53189	1899.607143
at9900_1_chr1	19416415	19487814	chr1_nbh14	9	23589	2621
at9900_1_chr1	19586144	19682003	chr1_nbh15	23	66565	2894.130435
at9900_1_chr1	20351596	20379614	chr1_nbh16	2	1877	938.5
at9900_1_chr1	21548866	21557856	chr1_nbh17	3	8749	2916.333333
at9900_1_chr1	21946692	21976242	chr1_nbh18	3	21652	7217.333333
at9900_1_chr1	22033196	22051745	chr1_nbh19	9	25152	2794.666667
at9900_1_chr1	22554977	22560930	chr1_nbh20	4	5214	1303.5
at9900_1_chr1	22831514	22842016	chr1_nbh22	5	12321	2464.2
at9900_1_chr1	24017035	24018976	chr1_nbh23	2	1506	753
at9900_1_chr1	24099173	24156223	chr1_nbh25	11	16092	1462.909091
at9900_1_chr1	24299263	24393659	chr1_nbh26	8	8980	1122.5
at9900_1_chr1	24618552	24662951	chr1_nbh27	7	24462	3494.571429
at9900_1_chr1	24670880	24896590	chr1_nbh28	26	80378	3091.461538
at9900_1_chr1	25109234	25136284	chr1_nbh30	4	40105	10026.25
at9900_1_chr1	25406814	25425073	chr1_nbh31	2	5870	2935
at9900_1_chr1	25436996	25526011	chr1_nbh32	11	32880	2989.090909
at9900_1_chr1	25796625	25813004	chr1_nbh33	21	46171	2198.619048
at9900_1_chr1	26010998	26030192	chr1_nbh34	4	5072	1268
at9900_1_chr1	26066058	26399528	chr1_nbh35	123	334744	2721.495935
at9900_1_chr1	26534065	26636489	chr1_nbh36	21	39354	1874
at9900_1_chr1	26680414	26698844	chr1_nbh37	4	7005	1751.25
at9900_1_chr1	26764877	26777088	chr1_nbh38	1	2126	2126
at9900_1_chr1	27207296	27225157	chr1_nbh39	3	4065	1355
at9900_1_chr1	27415817	27423488	chr1_nbh40	3	5121	1707
at9900_1_chr1	30347804	30383914	chr1_nbh43	2	1618	809
at6923_1_chr2	1016535	1882573	chr2_nbh01	44	100737	2289.477273
at6923_1_chr2	3545535	3685249	chr2_nbh02	10	19023	1902.3
at6923_1_chr2	7738057	7915938	chr2_nbh03	27	84235	3119.814815
at6923_1_chr2	8251213	8326848	chr2_nbh04	6	3208	534.6666667
at6923_1_chr2	9597540	9741509	chr2_nbh05	8	13502	1687.75
at6923_1_chr2	11009664	11014731	chr2_nbh06	1	1007	1007
at6923_1_chr2	12690159	12706471	chr2_nbh07	1	419	419
at6923_1_chr2	14071896	14077292	chr2_nbh09	8	8244	1030.5
at6929_1_chr2	957490	1837094	chr2_nbh01	57	109039	1912.964912
at6929_1_chr2	3099025	3294332	chr2_nbh02	19	123554	6502.842105
at6929_1_chr2	8421534	8602739	chr2_nbh03	24	96070	4002.916667
at6929_1_chr2	8908567	9054730	chr2_nbh04	24	68710	2862.916667
at6929_1_chr2	10404131	10541617	chr2_nbh05	8	10275	1284.375
at6929_1_chr2	11801511	11806993	chr2_nbh06	1	1007	1007
at6929_1_chr2	14873646	14879021	chr2_nbh09	6	6018	1003
at7143_1_chr2	906151	1792086	chr2_nbh01	59	143745	2436.355932
at7143_1_chr2	3039481	3235821	chr2_nbh02	24	153550	6397.916667
at7143_1_chr2	6885645	6943913	chr2_nbh03	4	5922	1480.5
at7143_1_chr2	7218237	7318062	chr2_nbh04	13	39922	3070.923077
at7143_1_chr2	8633645	8779437	chr2_nbh05	10	15760	1576
at7143_1_chr2	10024535	10029789	chr2_nbh06	1	1007	1007
at7143_1_chr2	13120409	13132245	chr2_nbh09	5	5049	1009.8
at8285_1_chr2	1057256	1870534	chr2_nbh01	65	128377	1975.030769
at8285_1_chr2	3210628	3348149	chr2_nbh02	14	55792	3985.142857
at8285_1_chr2	8562893	8810864	chr2_nbh03	14	51745	3696.071429
at8285_1_chr2	9123056	9260087	chr2_nbh04	25	71498	2859.92
at8285_1_chr2	10613483	10749001	chr2_nbh05	8	10267	1283.375
at8285_1_chr2	12039764	12045247	chr2_nbh06	1	1007	1007
at8285_1_chr2	15115503	15120929	chr2_nbh09	7	7043	1006.142857
at9104_1_chr2	1066475	1947566	chr2_nbh01	68	149560	2199.411765
at9104_1_chr2	3235954	3338731	chr2_nbh02	3	4397	1465.666667
at9104_1_chr2	9006723	9241673	chr2_nbh03	27	96142	3560.814815
at9104_1_chr2	9537575	9703290	chr2_nbh04	25	63706	2548.24
at9104_1_chr2	11016948	11168420	chr2_nbh05	6	7872	1312
at9104_1_chr2	12431669	12436736	chr2_nbh06	1	1007	1007
at9104_1_chr2	14138005	14154351	chr2_nbh07	1	418	418
at9104_1_chr2	15548547	15553944	chr2_nbh09	7	7203	1029
at9336_1_chr2	946635	1832305	chr2_nbh01	62	136174	2196.354839
at9336_1_chr2	3080197	3224976	chr2_nbh02	11	50622	4602
at9336_1_chr2	8301031	8611057	chr2_nbh03	38	205492	5407.684211
at9336_1_chr2	8956102	9094408	chr2_nbh04	22	69735	3169.772727
at9336_1_chr2	10405652	10550682	chr2_nbh05	7	8930	1275.714286
at9336_1_chr2	11823703	11828770	chr2_nbh06	1	1007	1007
at9336_1_chr2	13514762	13521443	chr2_nbh07	1	419	419
at9336_1_chr2	14882043	14887395	chr2_nbh09	7	6964	994.8571429
at9503_1_chr2	1021848	1889897	chr2_nbh01	54	127089	2353.5
at9503_1_chr2	3142951	3253571	chr2_nbh02	5	8938	1787.6
at9503_1_chr2	8078518	8174046	chr2_nbh03	1	685	685
at9503_1_chr2	8464361	8564178	chr2_nbh04	18	38306	2128.111111
at9503_1_chr2	9857687	10001654	chr2_nbh05	9	15553	1728.111111
at9503_1_chr2	11274428	11279856	chr2_nbh06	1	1007	1007
at9503_1_chr2	12976956	12993309	chr2_nbh07	1	419	419
at9503_1_chr2	14349592	14361466	chr2_nbh09	5	5029	1005.8
at9578_1_chr2	1168649	2107684	chr2_nbh01	72	210045	2917.291667
at9578_1_chr2	3470662	3580435	chr2_nbh02	2	3267	1633.5
at9578_1_chr2	7178617	7437067	chr2_nbh03	33	148469	4499.060606
at9578_1_chr2	7798966	7919160	chr2_nbh04	16	39709	2481.8125
at9578_1_chr2	9265018	9408912	chr2_nbh05	8	10427	1303.375
at9578_1_chr2	10691162	10696196	chr2_nbh06	1	1007	1007
at9578_1_chr2	13798096	13809932	chr2_nbh09	4	4088	1022
at9744_1_chr2	1096533	1965335	chr2_nbh01	42	94783	2256.738095
at9744_1_chr2	3317220	3468925	chr2_nbh02	16	68150	4259.375
at9744_1_chr2	6673693	6732890	chr2_nbh03	6	11379	1896.5
at9744_1_chr2	7007466	7130112	chr2_nbh04	15	63025	4201.666667
at9744_1_chr2	8376161	8511890	chr2_nbh05	8	9580	1197.5
at9744_1_chr2	9793911	9798989	chr2_nbh06	1	1007	1007
at9744_1_chr2	11490534	11497215	chr2_nbh07	1	419	419
at9744_1_chr2	12888828	12894179	chr2_nbh09	6	6017	1002.833333
at9762_1_chr2	1292804	2107796	chr2_nbh01	47	105019	2234.446809
at9762_1_chr2	3429402	3546931	chr2_nbh02	7	51443	7349
at9762_1_chr2	8401045	8663068	chr2_nbh03	32	94303	2946.96875
at9762_1_chr2	8985712	9138347	chr2_nbh04	20	47945	2397.25
at9762_1_chr2	10383208	10522835	chr2_nbh05	9	10835	1203.888889
at9762_1_chr2	11817691	11822791	chr2_nbh06	1	1004	1004
at9762_1_chr2	13887481	13903158	chr2_nbh08	6	6762	1127
at9762_1_chr2	14992449	14997842	chr2_nbh09	8	8375	1046.875
at9806_1_chr2	1018720	1895475	chr2_nbh01	70	183632	2623.314286
at9806_1_chr2	3175013	3319111	chr2_nbh02	11	47483	4316.636364
at9806_1_chr2	7906160	7963444	chr2_nbh03	3	4387	1462.333333
at9806_1_chr2	8318041	8438242	chr2_nbh04	15	42858	2857.2
at9806_1_chr2	9788380	9926498	chr2_nbh05	6	7618	1269.666667
at9806_1_chr2	11199605	11204672	chr2_nbh06	1	1007	1007
at9806_1_chr2	14276476	14281873	chr2_nbh09	8	8244	1030.5
at9830_1_chr2	1058871	1932554	chr2_nbh01	62	165071	2662.435484
at9830_1_chr2	3283782	3416476	chr2_nbh02	13	58964	4535.692308
at9830_1_chr2	7581201	7639925	chr2_nbh03	4	4331	1082.75
at9830_1_chr2	7929540	8094280	chr2_nbh04	27	44590	1651.481481
at9830_1_chr2	9332124	9470455	chr2_nbh05	6	10617	1769.5
at9830_1_chr2	10724894	10729962	chr2_nbh06	1	1007	1007
at9830_1_chr2	12414999	12431298	chr2_nbh07	1	419	419
at9830_1_chr2	13820900	13826253	chr2_nbh09	7	7124	1017.714286
at9847_1_chr2	882193	1766312	chr2_nbh01	73	183342	2511.534247
at9847_1_chr2	3145328	3257526	chr2_nbh02	9	52604	5844.888889
at9847_1_chr2	8472018	8530292	chr2_nbh03	6	7985	1330.833333
at9847_1_chr2	8798372	8944282	chr2_nbh04	24	68280	2845
at9847_1_chr2	10349529	10487342	chr2_nbh05	6	6554	1092.333333
at9847_1_chr2	11781097	11786174	chr2_nbh06	1	1007	1007
at9847_1_chr2	13475046	13481718	chr2_nbh07	1	419	419
at9847_1_chr2	14883146	14894982	chr2_nbh09	4	4101	1025.25
at9852_1_chr2	952777	1829628	chr2_nbh01	49	111528	2276.081633
at9852_1_chr2	3319234	3423261	chr2_nbh02	3	3982	1327.333333
at9852_1_chr2	8879759	9179431	chr2_nbh03	62	288596	4654.774194
at9852_1_chr2	9464101	9597962	chr2_nbh04	23	67695	2943.26087
at9852_1_chr2	10853076	11002157	chr2_nbh05	6	8195	1365.833333
at9852_1_chr2	12297068	12302145	chr2_nbh06	1	1007	1007
at9852_1_chr2	14042551	14058861	chr2_nbh07	1	419	419
at9852_1_chr2	15452140	15463974	chr2_nbh09	6	5903	983.8333333
at9879_1_chr2	1317752	1964302	chr2_nbh01	35	81141	2318.314286
at9879_1_chr2	10174110	10507847	chr2_nbh03	35	115538	3301.085714
at9879_1_chr2	10796771	10927544	chr2_nbh04	23	32089	1395.173913
at9879_1_chr2	12221560	12356806	chr2_nbh05	9	14951	1661.222222
at9879_1_chr2	13612648	13617729	chr2_nbh06	1	1007	1007
at9879_1_chr2	15322532	15329202	chr2_nbh07	1	416	416
at9879_1_chr2	15664025	15677870	chr2_nbh08	1	1018	1018
at9879_1_chr2	16723080	16728481	chr2_nbh09	6	6097	1016.166667
at9883_1_chr2	1028294	1938069	chr2_nbh01	101	228644	2263.80198
at9883_1_chr2	3307745	3428709	chr2_nbh02	11	64684	5880.363636
at9883_1_chr2	8801055	9036858	chr2_nbh03	27	70885	2625.37037
at9883_1_chr2	9368063	9504769	chr2_nbh04	18	71728	3984.888889
at9883_1_chr2	10805605	10948426	chr2_nbh05	6	8133	1355.5
at9883_1_chr2	12222373	12227450	chr2_nbh06	1	1007	1007
at9883_1_chr2	13923395	13930080	chr2_nbh07	1	419	419
at9883_1_chr2	15324187	15329583	chr2_nbh09	7	7043	1006.142857
at9900_1_chr2	1005349	1845276	chr2_nbh01	65	153316	2358.707692
at9900_1_chr2	3176109	3279035	chr2_nbh02	9	58408	6489.777778
at9900_1_chr2	7857557	8047051	chr2_nbh03	19	42739	2249.421053
at9900_1_chr2	8315394	8435746	chr2_nbh04	14	64321	4594.357143
at9900_1_chr2	9722515	9857849	chr2_nbh05	8	10525	1315.625
at9900_1_chr2	11122488	11127565	chr2_nbh06	1	1007	1007
at9900_1_chr2	12800844	12817154	chr2_nbh07	1	419	419
at9900_1_chr2	14218616	14224012	chr2_nbh09	7	7043	1006.142857
at6923_1_chr3	981977	1001138	chr3_nbh01	2	8047	4023.5
at6923_1_chr3	1110630	1122475	chr3_nbh02	2	1744	872
at6923_1_chr3	4855491	4871066	chr3_nbh04	1	2063	2063
at6923_1_chr3	5305164	5308809	chr3_nbh05	1	1358	1358
at6923_1_chr3	9253652	9268942	chr3_nbh06	7	9937	1419.571429
at6923_1_chr3	11306971	11477970	chr3_nbh08	36	110432	3067.555556
at6923_1_chr3	21026125	21170336	chr3_nbh09	7	14834	2119.142857
at6923_1_chr3	21170336	21212556	chr3_nbh10	10	21502	2150.2
at6923_1_chr3	21267174	21330190	chr3_nbh11	2	3682	1841
at6923_1_chr3	21369718	21671852	chr3_nbh12	109	531785	4878.761468
at6923_1_chr3	22454693	22564054	chr3_nbh13	19	44851	2360.578947
at6923_1_chr3	23450950	23694226	chr3_nbh14	12	24894	2074.5
at6923_1_chr3	24081995	24128634	chr3_nbh15	8	114978	14372.25
at6929_1_chr3	1116315	1128146	chr3_nbh02	4	2109	527.25
at6929_1_chr3	4868076	4883671	chr3_nbh04	1	2427	2427
at6929_1_chr3	5326543	5330188	chr3_nbh05	1	1358	1358
at6929_1_chr3	9255088	9270275	chr3_nbh06	3	3741	1247
at6929_1_chr3	11326414	11454499	chr3_nbh08	14	24757	1768.357143
at6929_1_chr3	17905759	18046387	chr3_nbh09	9	19269	2141
at6929_1_chr3	18046387	18092007	chr3_nbh10	8	17734	2216.75
at6929_1_chr3	18164106	18240794	chr3_nbh11	5	8617	1723.4
at6929_1_chr3	18287288	18633539	chr3_nbh12	88	562049	6386.920455
at6929_1_chr3	19452798	19566802	chr3_nbh13	12	56894	4741.166667
at6929_1_chr3	20445331	20681579	chr3_nbh14	7	10747	1535.285714
at7143_1_chr3	1102998	1114839	chr3_nbh02	3	1902	634
at7143_1_chr3	4855843	4871410	chr3_nbh04	1	2428	2428
at7143_1_chr3	5314958	5318602	chr3_nbh05	1	1358	1358
at7143_1_chr3	9236726	9255754	chr3_nbh06	7	11638	1662.571429
at7143_1_chr3	11273930	11443321	chr3_nbh08	20	32289	1614.45
at7143_1_chr3	18061515	18164981	chr3_nbh09	5	12069	2413.8
at7143_1_chr3	18164982	18215552	chr3_nbh10	11	22079	2007.181818
at7143_1_chr3	18273135	18328817	chr3_nbh11	5	8298	1659.6
at7143_1_chr3	18375426	18822476	chr3_nbh12	186	1187338	6383.537634
at7143_1_chr3	19639094	19758169	chr3_nbh13	23	50859	2211.26087
at7143_1_chr3	20691424	20929840	chr3_nbh14	12	21999	1833.25
at7143_1_chr3	21322962	21377472	chr3_nbh15	16	154543	9658.9375
at8285_1_chr3	1111360	1123190	chr3_nbh02	4	2089	522.25
at8285_1_chr3	4836315	4852006	chr3_nbh04	1	1885	1885
at8285_1_chr3	5309700	5313345	chr3_nbh05	1	1358	1358
at8285_1_chr3	9268300	9283500	chr3_nbh06	6	9506	1584.333333
at8285_1_chr3	11269707	11433758	chr3_nbh08	20	37596	1879.8
at8285_1_chr3	18864670	18986022	chr3_nbh09	8	17264	2158
at8285_1_chr3	18986022	19092325	chr3_nbh10	16	52190	3261.875
at8285_1_chr3	19146279	19208369	chr3_nbh11	4	5735	1433.75
at8285_1_chr3	19255627	19558265	chr3_nbh12	55	378322	6878.581818
at8285_1_chr3	20381183	20496578	chr3_nbh13	27	53678	1988.074074
at8285_1_chr3	21432718	21686783	chr3_nbh14	9	16255	1806.111111
at8285_1_chr3	22058457	22115627	chr3_nbh15	18	164289	9127.166667
at9104_1_chr3	1119686	1131549	chr3_nbh02	3	1862	620.6666667
at9104_1_chr3	4986410	5001943	chr3_nbh04	1	2420	2420
at9104_1_chr3	5453380	5457016	chr3_nbh05	1	1358	1358
at9104_1_chr3	9403440	9418717	chr3_nbh06	7	11321	1617.285714
at9104_1_chr3	11402698	11564439	chr3_nbh08	24	38162	1590.083333
at9104_1_chr3	19616772	19721813	chr3_nbh09	4	8815	2203.75
at9104_1_chr3	19721813	19764603	chr3_nbh10	14	24287	1734.785714
at9104_1_chr3	19823727	19897615	chr3_nbh11	13	53234	4094.923077
at9104_1_chr3	19950661	20334529	chr3_nbh12	128	702960	5491.875
at9104_1_chr3	21122056	21236528	chr3_nbh13	19	45202	2379.052632
at9104_1_chr3	22112566	22354539	chr3_nbh14	13	24492	1884
at9104_1_chr3	22744748	22795481	chr3_nbh15	8	131038	16379.75
at9336_1_chr3	989584	1014588	chr3_nbh01	4	14204	3551
at9336_1_chr3	1124654	1136490	chr3_nbh02	3	1902	634
at9336_1_chr3	5364569	5368214	chr3_nbh05	1	1358	1358
at9336_1_chr3	9300459	9315682	chr3_nbh06	6	10163	1693.833333
at9336_1_chr3	11302869	11451458	chr3_nbh08	34	243288	7155.529412
at9336_1_chr3	19201684	19357631	chr3_nbh09	30	112667	3755.566667
at9336_1_chr3	19357631	19405671	chr3_nbh10	9	21249	2361
at9336_1_chr3	19460933	19536089	chr3_nbh11	25	148546	5941.84
at9336_1_chr3	19577943	19902222	chr3_nbh12	116	861217	7424.284483
at9336_1_chr3	20709819	20825032	chr3_nbh13	26	53594	2061.307692
at9336_1_chr3	21726398	21966589	chr3_nbh14	11	17063	1551.181818
at9503_1_chr3	1110877	1122649	chr3_nbh02	2	1572	786
at9503_1_chr3	5336000	5339645	chr3_nbh05	1	1358	1358
at9503_1_chr3	9284186	9299392	chr3_nbh06	5	9273	1854.6
at9503_1_chr3	11349506	11511909	chr3_nbh08	35	63578	1816.514286
at9503_1_chr3	20225083	20398587	chr3_nbh09	27	114761	4250.407407
at9503_1_chr3	20398587	20445981	chr3_nbh10	11	24786	2253.272727
at9503_1_chr3	20500050	20553514	chr3_nbh11	4	5490	1372.5
at9503_1_chr3	20601648	20912753	chr3_nbh12	75	615117	8201.56
at9503_1_chr3	21687526	21796881	chr3_nbh13	20	45763	2288.15
at9503_1_chr3	22684723	22916341	chr3_nbh14	11	18841	1712.818182
at9503_1_chr3	23293737	23344591	chr3_nbh15	12	128372	10697.66667
at9578_1_chr3	1107057	1118901	chr3_nbh02	2	1744	872
at9578_1_chr3	4853360	4868939	chr3_nbh04	1	2428	2428
at9578_1_chr3	5334439	5338084	chr3_nbh05	1	1358	1358
at9578_1_chr3	9312679	9327943	chr3_nbh06	8	12548	1568.5
at9578_1_chr3	11374203	11512534	chr3_nbh08	17	28400	1670.588235
at9578_1_chr3	18474117	18644535	chr3_nbh09	30	152622	5087.4
at9578_1_chr3	18644535	18692466	chr3_nbh10	10	19819	1981.9
at9578_1_chr3	18769678	18859770	chr3_nbh11	7	8984	1283.428571
at9578_1_chr3	18900436	19227620	chr3_nbh12	94	1002676	10666.76596
at9578_1_chr3	20042479	20162841	chr3_nbh13	23	75331	3275.26087
at9578_1_chr3	21047286	21278066	chr3_nbh14	8	14599	1824.875
at9744_1_chr3	1122238	1134066	chr3_nbh02	4	2109	527.25
at9744_1_chr3	4864620	4880200	chr3_nbh04	1	2427	2427
at9744_1_chr3	5330121	5333766	chr3_nbh05	1	1358	1358
at9744_1_chr3	9295259	9310495	chr3_nbh06	6	10437	1739.5
at9744_1_chr3	11343124	11485735	chr3_nbh08	28	48790	1742.5
at9744_1_chr3	19288068	19423326	chr3_nbh09	5	14166	2833.2
at9744_1_chr3	19423326	19465788	chr3_nbh10	13	12781	983.1538462
at9744_1_chr3	19521528	19583657	chr3_nbh11	4	5737	1434.25
at9744_1_chr3	19626116	19994694	chr3_nbh12	93	526189	5657.946237
at9744_1_chr3	20799380	20909247	chr3_nbh13	20	45744	2287.2
at9744_1_chr3	21851359	22087214	chr3_nbh14	11	18675	1697.727273
at9762_1_chr3	989612	1008766	chr3_nbh01	2	7780	3890
at9762_1_chr3	1121815	1133401	chr3_nbh02	4	2125	531.25
at9762_1_chr3	4932620	4947656	chr3_nbh04	1	2419	2419
at9762_1_chr3	5381823	5385467	chr3_nbh05	1	1358	1358
at9762_1_chr3	9340106	9355376	chr3_nbh06	6	8351	1391.833333
at9762_1_chr3	11421761	11573856	chr3_nbh08	32	190965	5967.65625
at9762_1_chr3	19204936	19314561	chr3_nbh09	5	9196	1839.2
at9762_1_chr3	19314561	19414672	chr3_nbh10	12	42085	3507.083333
at9762_1_chr3	19487671	19599390	chr3_nbh11	32	150024	4688.25
at9762_1_chr3	19641532	19914435	chr3_nbh12	79	507769	6427.455696
at9762_1_chr3	20900219	21011033	chr3_nbh13	24	54031	2251.291667
at9762_1_chr3	21926556	22170126	chr3_nbh14	12	20540	1711.666667
at9806_1_chr3	1104024	1115863	chr3_nbh02	3	1901	633.6666667
at9806_1_chr3	4839948	4855511	chr3_nbh04	1	2428	2428
at9806_1_chr3	5295374	5299019	chr3_nbh05	1	1358	1358
at9806_1_chr3	9240306	9255513	chr3_nbh06	8	13685	1710.625
at9806_1_chr3	11255365	11407566	chr3_nbh08	29	137575	4743.965517
at9806_1_chr3	19553926	19709713	chr3_nbh09	24	107455	4477.291667
at9806_1_chr3	19709713	19774826	chr3_nbh10	9	43213	4801.444444
at9806_1_chr3	19830527	19879016	chr3_nbh11	3	5451	1817
at9806_1_chr3	19926274	20228986	chr3_nbh12	52	215056	4135.692308
at9806_1_chr3	21003060	21117816	chr3_nbh13	15	62820	4188
at9806_1_chr3	22003891	22245299	chr3_nbh14	15	24829	1655.266667
at9830_1_chr3	994375	1019423	chr3_nbh01	4	14252	3563
at9830_1_chr3	1127400	1139229	chr3_nbh02	3	1919	639.6666667
at9830_1_chr3	5318830	5322475	chr3_nbh05	1	1358	1358
at9830_1_chr3	9246821	9261886	chr3_nbh06	4	5956	1489
at9830_1_chr3	11229817	11307050	chr3_nbh08	15	24773	1651.533333
at9830_1_chr3	19077413	19205724	chr3_nbh09	8	19483	2435.375
at9830_1_chr3	19205724	19248773	chr3_nbh10	8	10559	1319.875
at9830_1_chr3	19310436	19379757	chr3_nbh11	3	4631	1543.666667
at9830_1_chr3	19415732	19769504	chr3_nbh12	99	932803	9422.252525
at9830_1_chr3	20545904	20667393	chr3_nbh13	14	76182	5441.571429
at9830_1_chr3	21593639	21836881	chr3_nbh14	11	26524	2411.272727
at9830_1_chr3	22233085	22295552	chr3_nbh15	8	175344	21918
at9847_1_chr3	1117112	1128958	chr3_nbh02	2	1759	879.5
at9847_1_chr3	4889440	4905031	chr3_nbh04	1	2427	2427
at9847_1_chr3	5373887	5377532	chr3_nbh05	1	1358	1358
at9847_1_chr3	9358767	9374046	chr3_nbh06	7	10259	1465.571429
at9847_1_chr3	11359165	11486029	chr3_nbh08	14	23550	1682.142857
at9847_1_chr3	19992014	20102668	chr3_nbh09	8	16213	2026.625
at9847_1_chr3	20102668	20145529	chr3_nbh10	8	17695	2211.875
at9847_1_chr3	20205751	20279316	chr3_nbh11	4	5704	1426
at9847_1_chr3	20315753	20712465	chr3_nbh12	171	1162239	6796.719298
at9847_1_chr3	21505452	21610790	chr3_nbh13	19	45556	2397.684211
at9847_1_chr3	22561040	22809143	chr3_nbh14	17	31759	1868.176471
at9852_1_chr3	986433	998797	chr3_nbh01	2	3408	1704
at9852_1_chr3	1107258	1119128	chr3_nbh02	3	1918	639.3333333
at9852_1_chr3	5371601	5375265	chr3_nbh05	1	1358	1358
at9852_1_chr3	9286719	9301993	chr3_nbh06	6	9874	1645.666667
at9852_1_chr3	11367510	11501535	chr3_nbh08	20	33872	1693.6
at9852_1_chr3	18544551	18661770	chr3_nbh09	6	13830	2305
at9852_1_chr3	18661770	18709065	chr3_nbh10	6	15784	2630.666667
at9852_1_chr3	18769451	18844464	chr3_nbh11	11	59213	5383
at9852_1_chr3	18886349	19189268	chr3_nbh12	83	612420	7378.554217
at9852_1_chr3	19965999	20073885	chr3_nbh13	19	44845	2360.263158
at9852_1_chr3	21019447	21254834	chr3_nbh14	9	13414	1490.444444
at9852_1_chr3	21644687	21684226	chr3_nbh15	14	87501	6250.071429
at9879_1_chr3	1110276	1122080	chr3_nbh02	2	1739	869.5
at9879_1_chr3	5413246	5416906	chr3_nbh05	1	1358	1358
at9879_1_chr3	9349409	9364452	chr3_nbh06	5	9536	1907.2
at9879_1_chr3	11451011	11622665	chr3_nbh08	33	181955	5513.787879
at9879_1_chr3	18954596	19111493	chr3_nbh09	13	24055	1850.384615
at9879_1_chr3	19111493	19164000	chr3_nbh10	12	20495	1707.916667
at9879_1_chr3	19222054	19338850	chr3_nbh11	16	85022	5313.875
at9879_1_chr3	19374557	19595300	chr3_nbh12	29	56733	1956.310345
at9879_1_chr3	20801223	20911130	chr3_nbh13	23	49161	2137.434783
at9879_1_chr3	21794265	22029397	chr3_nbh14	13	18702	1438.615385
at9879_1_chr3	22416695	22472047	chr3_nbh15	21	184642	8792.47619
at9883_1_chr3	980438	992616	chr3_nbh01	2	3411	1705.5
at9883_1_chr3	1101146	1112977	chr3_nbh02	2	1742	871
at9883_1_chr3	5163422	5178987	chr3_nbh04	1	2428	2428
at9883_1_chr3	5620751	5624396	chr3_nbh05	1	1358	1358
at9883_1_chr3	9580888	9596160	chr3_nbh06	4	6032	1508
at9883_1_chr3	11569292	11698527	chr3_nbh08	12	19279	1606.583333
at9883_1_chr3	18098919	18230003	chr3_nbh09	6	14269	2378.166667
at9883_1_chr3	18230003	18259714	chr3_nbh10	6	9106	1517.666667
at9883_1_chr3	18304986	18413961	chr3_nbh11	9	14681	1631.222222
at9883_1_chr3	18452197	18781674	chr3_nbh12	106	640245	6040.04717
at9883_1_chr3	19738264	19844828	chr3_nbh13	25	62188	2487.52
at9883_1_chr3	20732187	20974119	chr3_nbh14	13	21682	1667.846154
at9900_1_chr3	985401	1005705	chr3_nbh01	4	12207	3051.75
at9900_1_chr3	1113787	1125936	chr3_nbh02	3	1903	634.3333333
at9900_1_chr3	4843728	4859479	chr3_nbh04	1	2424	2424
at9900_1_chr3	5314743	5318388	chr3_nbh05	1	1358	1358
at9900_1_chr3	9288924	9304161	chr3_nbh06	6	9872	1645.333333
at9900_1_chr3	11301540	11438197	chr3_nbh08	22	33253	1511.5
at9900_1_chr3	19350556	19514059	chr3_nbh09	7	16168	2309.714286
at9900_1_chr3	19514059	19576013	chr3_nbh10	20	127415	6370.75
at9900_1_chr3	19639617	19723422	chr3_nbh11	17	76124	4477.882353
at9900_1_chr3	19769837	20125297	chr3_nbh12	121	664453	5491.347107
at9900_1_chr3	21120446	21230626	chr3_nbh13	20	49374	2468.7
at9900_1_chr3	22008785	22252450	chr3_nbh14	14	24675	1762.5
at9900_1_chr3	22635651	22669797	chr3_nbh15	4	25944	6486
at6923_1_chr4	7829680	7856126	chr4_nbh04	12	51476	4289.666667
at6923_1_chr4	8466058	8505602	chr4_nbh06	3	3570	1190
at6923_1_chr4	9462021	9487459	chr4_nbh09	1	2432	2432
at6923_1_chr4	9774554	9811058	chr4_nbh10	7	11613	1659
at6923_1_chr4	10902696	11017901	chr4_nbh11	5	10863	2172.6
at6923_1_chr4	12083974	12345393	chr4_nbh12	90	439769	4886.322222
at6923_1_chr4	13113059	13152711	chr4_nbh13	4	6999	1749.75
at6923_1_chr4	13273219	13325315	chr4_nbh14	1	2700	2700
at6923_1_chr4	14857139	14902095	chr4_nbh17	3	12236	4078.666667
at6923_1_chr4	15847103	15854988	chr4_nbh18	1	660	660
at6923_1_chr4	16251131	16272091	chr4_nbh19	1	236	236
at6923_1_chr4	18668671	18680910	chr4_nbh20	7	13725	1960.714286
at6923_1_chr4	19725655	19747247	chr4_nbh21	2	2297	1148.5
at6929_1_chr4	10309582	10336638	chr4_nbh04	9	39230	4358.888889
at6929_1_chr4	10875206	10940049	chr4_nbh06	6	16161	2693.5
at6929_1_chr4	11847743	11865461	chr4_nbh09	1	924	924
at6929_1_chr4	12145198	12178736	chr4_nbh10	5	8261	1652.2
at6929_1_chr4	13251917	13369055	chr4_nbh11	9	17748	1972
at6929_1_chr4	14450812	14611890	chr4_nbh12	20	92103	4605.15
at6929_1_chr4	15387924	15411351	chr4_nbh13	1	1367	1367
at6929_1_chr4	15531313	15590956	chr4_nbh14	4	6864	1716
at6929_1_chr4	17162703	17206593	chr4_nbh17	3	10307	3435.666667
at6929_1_chr4	18175589	18183479	chr4_nbh18	1	653	653
at6929_1_chr4	18592921	18601889	chr4_nbh19	1	236	236
at6929_1_chr4	21041116	21053413	chr4_nbh20	6	9477	1579.5
at6929_1_chr4	22089132	22111245	chr4_nbh21	2	2283	1141.5
at7143_1_chr4	1813089	1845942	chr4_nbh01	4	3787	946.75
at7143_1_chr4	7896870	7921004	chr4_nbh04	6	24597	4099.5
at7143_1_chr4	8316416	8398476	chr4_nbh05	9	20522	2280.222222
at7143_1_chr4	8613620	8664575	chr4_nbh06	5	8078	1615.6
at7143_1_chr4	9632573	9653714	chr4_nbh09	2	3335	1667.5
at7143_1_chr4	9930551	9975474	chr4_nbh10	13	37467	2882.076923
at7143_1_chr4	11052860	11166135	chr4_nbh11	6	11669	1944.833333
at7143_1_chr4	12246845	12424892	chr4_nbh12	20	71500	3575
at7143_1_chr4	13195210	13231889	chr4_nbh13	2	6876	3438
at7143_1_chr4	13349670	13404712	chr4_nbh14	2	3697	1848.5
at7143_1_chr4	13540848	13563121	chr4_nbh15	2	2303	1151.5
at7143_1_chr4	14382106	14406646	chr4_nbh16	2	6136	3068
at7143_1_chr4	15000642	15046777	chr4_nbh17	4	13231	3307.75
at7143_1_chr4	15986522	15994406	chr4_nbh18	1	660	660
at7143_1_chr4	16397293	16418218	chr4_nbh19	1	236	236
at7143_1_chr4	18831148	18843530	chr4_nbh20	7	12957	1851
at7143_1_chr4	19920209	19940636	chr4_nbh21	2	2297	1148.5
at8285_1_chr4	2690767	2798853	chr4_nbh03	2	9971	4985.5
at8285_1_chr4	9628943	9649610	chr4_nbh04	6	25520	4253.333333
at8285_1_chr4	10208591	10249633	chr4_nbh06	3	3565	1188.333333
at8285_1_chr4	11158722	11183882	chr4_nbh09	1	881	881
at8285_1_chr4	11464597	11498685	chr4_nbh10	5	9788	1957.6
at8285_1_chr4	12593217	12707015	chr4_nbh11	8	17188	2148.5
at8285_1_chr4	13777669	13939336	chr4_nbh12	10	101614	10161.4
at8285_1_chr4	14702972	14737470	chr4_nbh13	1	5085	5085
at8285_1_chr4	14852827	14904325	chr4_nbh14	1	1491	1491
at8285_1_chr4	16395534	16439596	chr4_nbh17	3	10838	3612.666667
at8285_1_chr4	17378956	17386847	chr4_nbh18	1	660	660
at8285_1_chr4	17895211	17904210	chr4_nbh19	1	236	236
at8285_1_chr4	20336087	20348472	chr4_nbh20	6	10561	1760.166667
at8285_1_chr4	21379999	21402114	chr4_nbh21	2	2283	1141.5
at9104_1_chr4	1857996	1884673	chr4_nbh01	2	2120	1060
at9104_1_chr4	8118091	8147853	chr4_nbh04	21	77345	3683.095238
at9104_1_chr4	8666899	8685266	chr4_nbh06	2	1571	785.5
at9104_1_chr4	9590290	9611135	chr4_nbh09	1	910	910
at9104_1_chr4	9897772	9931604	chr4_nbh10	5	10272	2054.4
at9104_1_chr4	11057404	11166940	chr4_nbh11	4	8566	2141.5
at9104_1_chr4	12248389	12497522	chr4_nbh12	53	1432953	27036.84906
at9104_1_chr4	13264124	13298783	chr4_nbh13	1	1363	1363
at9104_1_chr4	13422286	13484965	chr4_nbh14	1	2657	2657
at9104_1_chr4	13627527	13649791	chr4_nbh15	1	1219	1219
at9104_1_chr4	15040774	15084850	chr4_nbh17	3	10885	3628.333333
at9104_1_chr4	16029522	16037415	chr4_nbh18	1	654	654
at9104_1_chr4	16436075	16450067	chr4_nbh19	1	236	236
at9104_1_chr4	18826387	18838241	chr4_nbh20	5	7606	1521.2
at9104_1_chr4	19877792	19898202	chr4_nbh21	2	2294	1147
at9336_1_chr4	1802517	1828775	chr4_nbh01	2	2122	1061
at9336_1_chr4	10159690	10186124	chr4_nbh04	9	38820	4313.333333
at9336_1_chr4	10724574	10766074	chr4_nbh06	3	3562	1187.333333
at9336_1_chr4	11649785	11666853	chr4_nbh09	1	881	881
at9336_1_chr4	11958620	11990973	chr4_nbh10	7	11172	1596
at9336_1_chr4	13053553	13157887	chr4_nbh11	9	16763	1862.555556
at9336_1_chr4	14227238	14378176	chr4_nbh12	6	31095	5182.5
at9336_1_chr4	15146172	15168953	chr4_nbh13	1	1363	1363
at9336_1_chr4	15281682	15347489	chr4_nbh14	3	5288	1762.666667
at9336_1_chr4	15480232	15498691	chr4_nbh15	1	1191	1191
at9336_1_chr4	16873547	16917564	chr4_nbh17	3	9662	3220.666667
at9336_1_chr4	17862043	17869934	chr4_nbh18	1	654	654
at9336_1_chr4	18282544	18303504	chr4_nbh19	1	236	236
at9336_1_chr4	20711643	20723366	chr4_nbh20	6	9731	1621.833333
at9336_1_chr4	21764872	21785281	chr4_nbh21	1	1067	1067
at9503_1_chr4	9566106	9592165	chr4_nbh04	7	27647	3949.571429
at9503_1_chr4	10145781	10191376	chr4_nbh06	3	3567	1189
at9503_1_chr4	11105913	11135686	chr4_nbh09	1	921	921
at9503_1_chr4	11412021	11451201	chr4_nbh10	6	8325	1387.5
at9503_1_chr4	12556053	12664732	chr4_nbh11	6	12225	2037.5
at9503_1_chr4	13745379	13888270	chr4_nbh12	12	63735	5311.25
at9503_1_chr4	14670254	14704924	chr4_nbh13	1	1363	1363
at9503_1_chr4	14816819	14895039	chr4_nbh14	7	30701	4385.857143
at9503_1_chr4	16441209	16486167	chr4_nbh17	3	9715	3238.333333
at9503_1_chr4	17433125	17441016	chr4_nbh18	1	654	654
at9503_1_chr4	17903058	17912046	chr4_nbh19	1	236	236
at9503_1_chr4	20308966	20321347	chr4_nbh20	6	12067	2011.166667
at9503_1_chr4	21349646	21370097	chr4_nbh21	2	2296	1148
at9578_1_chr4	2524752	2633852	chr4_nbh03	10	17495	1749.5
at9578_1_chr4	10379420	10408022	chr4_nbh04	7	26223	3746.142857
at9578_1_chr4	11052259	11096885	chr4_nbh06	3	3564	1188
at9578_1_chr4	12335758	12369352	chr4_nbh10	6	9455	1575.833333
at9578_1_chr4	13465954	13572709	chr4_nbh11	9	18125	2013.888889
at9578_1_chr4	14630702	14913228	chr4_nbh12	104	1426908	13720.26923
at9578_1_chr4	15695391	15728941	chr4_nbh13	1	1367	1367
at9578_1_chr4	15853386	15921451	chr4_nbh14	3	5478	1826
at9578_1_chr4	16060465	16082726	chr4_nbh15	2	2293	1146.5
at9578_1_chr4	17427912	17480820	chr4_nbh17	2	9900	4950
at9578_1_chr4	18430043	18437935	chr4_nbh18	1	654	654
at9578_1_chr4	18824115	18845075	chr4_nbh19	1	236	236
at9578_1_chr4	21247428	21259729	chr4_nbh20	6	12015	2002.5
at9578_1_chr4	22297143	22316841	chr4_nbh21	2	2279	1139.5
at9744_1_chr4	10188222	10214002	chr4_nbh04	9	33358	3706.444444
at9744_1_chr4	10827062	10870194	chr4_nbh06	1	645	645
at9744_1_chr4	12065358	12107551	chr4_nbh10	14	36148	2582
at9744_1_chr4	13180543	13288149	chr4_nbh11	4	8286	2071.5
at9744_1_chr4	14380318	14561809	chr4_nbh12	16	184236	11514.75
at9744_1_chr4	15334750	15366689	chr4_nbh13	1	1332	1332
at9744_1_chr4	15485315	15549776	chr4_nbh14	1	2685	2685
at9744_1_chr4	15680534	15706117	chr4_nbh15	3	3522	1174
at9744_1_chr4	17103307	17149731	chr4_nbh17	2	9902	4951
at9744_1_chr4	18096962	18104852	chr4_nbh18	1	654	654
at9744_1_chr4	18501197	18515264	chr4_nbh19	1	236	236
at9744_1_chr4	20927081	20939381	chr4_nbh20	6	12142	2023.666667
at9744_1_chr4	21979751	22000137	chr4_nbh21	2	2314	1157
at9762_1_chr4	9936518	9962713	chr4_nbh04	11	37862	3442
at9762_1_chr4	10501037	10531772	chr4_nbh06	2	1168	584
at9762_1_chr4	11467269	11485615	chr4_nbh09	1	910	910
at9762_1_chr4	11771758	11806509	chr4_nbh10	7	13534	1933.428571
at9762_1_chr4	12856079	12968393	chr4_nbh11	7	14956	2136.571429
at9762_1_chr4	14043185	14312856	chr4_nbh12	70	527458	7535.114286
at9762_1_chr4	15082411	15136859	chr4_nbh13	5	31387	6277.4
at9762_1_chr4	15282603	15333682	chr4_nbh14	1	2696	2696
at9762_1_chr4	16906243	16950277	chr4_nbh17	3	10893	3631
at9762_1_chr4	17925307	17933200	chr4_nbh18	1	654	654
at9762_1_chr4	18453555	18467639	chr4_nbh19	2	1933	966.5
at9762_1_chr4	20928931	20939127	chr4_nbh20	9	18008	2000.888889
at9762_1_chr4	21972144	21998753	chr4_nbh21	2	2283	1141.5
at9806_1_chr4	9597231	9622707	chr4_nbh04	6	23223	3870.5
at9806_1_chr4	10183681	10223320	chr4_nbh06	3	3499	1166.333333
at9806_1_chr4	11177424	11197873	chr4_nbh09	1	925	925
at9806_1_chr4	11488197	11523818	chr4_nbh10	10	18954	1895.4
at9806_1_chr4	12600562	12717214	chr4_nbh11	6	10699	1783.166667
at9806_1_chr4	13816399	14078805	chr4_nbh12	88	916811	10418.30682
at9806_1_chr4	14843367	14878059	chr4_nbh13	1	1363	1363
at9806_1_chr4	14990241	15057184	chr4_nbh14	1	2607	2607
at9806_1_chr4	16617023	16663146	chr4_nbh17	3	9719	3239.666667
at9806_1_chr4	17606941	17614834	chr4_nbh18	1	654	654
at9806_1_chr4	18010746	18031706	chr4_nbh19	1	236	236
at9806_1_chr4	20425761	20437731	chr4_nbh20	7	12865	1837.857143
at9806_1_chr4	21467128	21487503	chr4_nbh21	2	2301	1150.5
at9830_1_chr4	2704691	2805502	chr4_nbh03	1	1996	1996
at9830_1_chr4	8184595	8213333	chr4_nbh04	13	40587	3122.076923
at9830_1_chr4	8747256	8772621	chr4_nbh06	1	644	644
at9830_1_chr4	9677021	9703175	chr4_nbh09	3	3803	1267.666667
at9830_1_chr4	9991791	10025711	chr4_nbh10	8	13937	1742.125
at9830_1_chr4	11106353	11217915	chr4_nbh11	8	16294	2036.75
at9830_1_chr4	12338089	12463005	chr4_nbh12	4	17178	4294.5
at9830_1_chr4	13237722	13272392	chr4_nbh13	1	1363	1363
at9830_1_chr4	13384310	13449117	chr4_nbh14	1	2599	2599
at9830_1_chr4	15015335	15061431	chr4_nbh17	3	10799	3599.666667
at9830_1_chr4	16002182	16010079	chr4_nbh18	1	660	660
at9830_1_chr4	16425542	16434541	chr4_nbh19	1	236	236
at9830_1_chr4	18838023	18850325	chr4_nbh20	6	12115	2019.166667
at9830_1_chr4	19879785	19900253	chr4_nbh21	2	2299	1149.5
at9847_1_chr4	8647341	8673829	chr4_nbh04	8	35702	4462.75
at9847_1_chr4	9177173	9221885	chr4_nbh06	3	3565	1188.333333
at9847_1_chr4	10134550	10157187	chr4_nbh09	1	881	881
at9847_1_chr4	10448512	10493319	chr4_nbh10	13	35266	2712.769231
at9847_1_chr4	11578876	11692557	chr4_nbh11	5	10277	2055.4
at9847_1_chr4	12765230	13008225	chr4_nbh12	14	673748	48124.85714
at9847_1_chr4	13787776	13822266	chr4_nbh13	1	5075	5075
at9847_1_chr4	13940802	14016757	chr4_nbh14	1	2693	2693
at9847_1_chr4	15763112	15806253	chr4_nbh17	3	10837	3612.333333
at9847_1_chr4	16760612	16768504	chr4_nbh18	1	654	654
at9847_1_chr4	17168161	17189121	chr4_nbh19	1	236	236
at9847_1_chr4	19605948	19617917	chr4_nbh20	8	13708	1713.5
at9847_1_chr4	20652121	20672532	chr4_nbh21	2	2299	1149.5
at9852_1_chr4	2455797	2540938	chr4_nbh03	2	2302	1151
at9852_1_chr4	10948767	10982024	chr4_nbh04	13	53584	4121.846154
at9852_1_chr4	11500339	11560875	chr4_nbh06	5	12523	2504.6
at9852_1_chr4	12479245	12499773	chr4_nbh09	2	3335	1667.5
at9852_1_chr4	12792076	12836849	chr4_nbh10	14	37413	2672.357143
at9852_1_chr4	13906683	14017133	chr4_nbh11	3	6228	2076
at9852_1_chr4	15114744	15329424	chr4_nbh12	59	481828	8166.576271
at9852_1_chr4	16096947	16115246	chr4_nbh13	1	1367	1367
at9852_1_chr4	16271612	16322663	chr4_nbh14	1	2699	2699
at9852_1_chr4	17231162	17255325	chr4_nbh16	2	5392	2696
at9852_1_chr4	17843912	17887958	chr4_nbh17	4	13228	3307
at9852_1_chr4	18827932	18835823	chr4_nbh18	1	654	654
at9852_1_chr4	19221428	19242388	chr4_nbh19	1	236	236
at9852_1_chr4	21648854	21660269	chr4_nbh20	6	11958	1993
at9852_1_chr4	22695976	22716750	chr4_nbh21	1	1121	1121
at9879_1_chr4	1969037	2000628	chr4_nbh01	2	5556	2778
at9879_1_chr4	2713271	2818281	chr4_nbh03	11	42225	3838.636364
at9879_1_chr4	9880887	9907449	chr4_nbh04	6	23444	3907.333333
at9879_1_chr4	10646570	10665036	chr4_nbh06	1	646	646
at9879_1_chr4	12980571	13102689	chr4_nbh11	5	10304	2060.8
at9879_1_chr4	14202286	14351773	chr4_nbh12	10	67482	6748.2
at9879_1_chr4	15123713	15156384	chr4_nbh13	3	7243	2414.333333
at9879_1_chr4	15280793	15336146	chr4_nbh14	1	2713	2713
at9879_1_chr4	16892126	16935053	chr4_nbh17	2	9905	4952.5
at9879_1_chr4	17894409	17902275	chr4_nbh18	1	660	660
at9879_1_chr4	18298412	18307350	chr4_nbh19	1	236	236
at9879_1_chr4	20715258	20726670	chr4_nbh20	8	15178	1897.25
at9879_1_chr4	21749568	21769941	chr4_nbh21	2	2299	1149.5
at9883_1_chr4	1909235	1939497	chr4_nbh01	2	2120	1060
at9883_1_chr4	10505526	10538835	chr4_nbh04	11	43607	3964.272727
at9883_1_chr4	11103190	11159544	chr4_nbh06	3	3563	1187.666667
at9883_1_chr4	12067272	12088409	chr4_nbh09	1	924	924
at9883_1_chr4	12378651	12416316	chr4_nbh10	7	12737	1819.571429
at9883_1_chr4	13511521	13623367	chr4_nbh11	5	9017	1803.4
at9883_1_chr4	14689438	14960536	chr4_nbh12	121	868415	7176.983471
at9883_1_chr4	15735715	15761954	chr4_nbh13	2	1876	938
at9883_1_chr4	15907568	15980539	chr4_nbh14	1	2686	2686
at9883_1_chr4	17508947	17553903	chr4_nbh17	3	10898	3632.666667
at9883_1_chr4	18492729	18500614	chr4_nbh18	1	654	654
at9883_1_chr4	18971838	18980826	chr4_nbh19	1	236	236
at9883_1_chr4	21388639	21400912	chr4_nbh20	6	11902	1983.666667
at9883_1_chr4	22439785	22460559	chr4_nbh21	1	1121	1121
at9900_1_chr4	1710620	1742428	chr4_nbh01	1	992	992
at9900_1_chr4	8114432	8148056	chr4_nbh04	21	66312	3157.714286
at9900_1_chr4	8779533	8819203	chr4_nbh06	1	645	645
at9900_1_chr4	9704683	9725727	chr4_nbh09	1	910	910
at9900_1_chr4	10006363	10043373	chr4_nbh10	6	11304	1884
at9900_1_chr4	11118475	11237180	chr4_nbh11	10	30603	3060.3
at9900_1_chr4	12319742	12478478	chr4_nbh12	21	152238	7249.428571
at9900_1_chr4	13242963	13302706	chr4_nbh13	5	43071	8614.2
at9900_1_chr4	13444278	13523764	chr4_nbh14	5	52837	10567.4
at9900_1_chr4	15100148	15140142	chr4_nbh17	3	9708	3236
at9900_1_chr4	16079878	16095913	chr4_nbh18	1	654	654
at9900_1_chr4	16501293	16510274	chr4_nbh19	1	236	236
at9900_1_chr4	18917059	18929441	chr4_nbh20	8	14330	1791.25
at9900_1_chr4	19970170	19990551	chr4_nbh21	2	2299	1149.5
at6923_1_chr5	3663661	3673710	chr5_nbh03	1	1649	1649
at6923_1_chr5	4011949	4024250	chr5_nbh04	1	1818	1818
at6923_1_chr5	5977817	6061284	chr5_nbh06	7	14497	2071
at6923_1_chr5	6144567	6159619	chr5_nbh07	2	3342	1671
at6923_1_chr5	7605795	7615087	chr5_nbh08	1	1522	1522
at6923_1_chr5	18703667	18766117	chr5_nbh11	12	16886	1407.166667
at6923_1_chr5	19420584	19444682	chr5_nbh13	19	25693	1352.263158
at6923_1_chr5	19769123	19829121	chr5_nbh14	13	23036	1772
at6923_1_chr5	20028611	20049989	chr5_nbh15	8	13636	1704.5
at6923_1_chr5	20086795	20174665	chr5_nbh16	21	44269	2108.047619
at6923_1_chr5	20519364	20552071	chr5_nbh17	3	6346	2115.333333
at6923_1_chr5	20849590	20877879	chr5_nbh18	10	45914	4591.4
at6923_1_chr5	20957065	20968576	chr5_nbh19	2	3867	1933.5
at6923_1_chr5	21488662	21628326	chr5_nbh21	26	167735	6451.346154
at6923_1_chr5	21689091	21769480	chr5_nbh22	5	16072	3214.4
at6923_1_chr5	21830395	21914451	chr5_nbh23	11	20509	1864.454545
at6923_1_chr5	22200218	22212078	chr5_nbh24	7	21787	3112.428571
at6923_1_chr5	22280819	22319290	chr5_nbh25	17	59075	3475
at6923_1_chr5	22624809	22690493	chr5_nbh26	5	14005	2801
at6923_1_chr5	23159893	23173985	chr5_nbh27	7	30176	4310.857143
at6923_1_chr5	24370392	24388116	chr5_nbh30	1	813	813
at6923_1_chr5	26941737	26960324	chr5_nbh32	2	6706	3353
at6923_1_chr5	29997406	30140186	chr5_nbh34	5	7773	1554.6
at6929_1_chr5	3958743	3964552	chr5_nbh04	1	1815	1815
at6929_1_chr5	5913088	5993431	chr5_nbh06	8	16853	2106.625
at6929_1_chr5	6084885	6106085	chr5_nbh07	2	3322	1661
at6929_1_chr5	7543972	7552577	chr5_nbh08	1	1163	1163
at6929_1_chr5	17908591	17932223	chr5_nbh09	7	22303	3186.142857
at6929_1_chr5	19492195	19547219	chr5_nbh11	21	32963	1569.666667
at6929_1_chr5	19717526	19725293	chr5_nbh12	1	1501	1501
at6929_1_chr5	20181517	20233435	chr5_nbh13	15	30893	2059.533333
at6929_1_chr5	20553502	20594991	chr5_nbh14	6	15973	2662.166667
at6929_1_chr5	20806588	20826491	chr5_nbh15	5	6128	1225.6
at6929_1_chr5	20865385	20947020	chr5_nbh16	14	27586	1970.428571
at6929_1_chr5	21283434	21318190	chr5_nbh17	1	962	962
at6929_1_chr5	21604811	21635648	chr5_nbh18	14	51198	3657
at6929_1_chr5	21720783	21732511	chr5_nbh19	2	4127	2063.5
at6929_1_chr5	22074927	22090223	chr5_nbh20	1	2296	2296
at6929_1_chr5	22245006	22340097	chr5_nbh21	7	16432	2347.428571
at6929_1_chr5	22390893	22467328	chr5_nbh22	4	12469	3117.25
at6929_1_chr5	22528680	22585430	chr5_nbh23	6	14122	2353.666667
at6929_1_chr5	22871554	22888884	chr5_nbh24	5	34250	6850
at6929_1_chr5	22956449	22985293	chr5_nbh25	8	20350	2543.75
at6929_1_chr5	23274560	23343509	chr5_nbh26	4	13671	3417.75
at6929_1_chr5	23798504	23812662	chr5_nbh27	5	13509	2701.8
at6929_1_chr5	27566956	27583097	chr5_nbh32	1	2064	2064
at6929_1_chr5	30630718	30774961	chr5_nbh34	6	11939	1989.833333
at7143_1_chr5	1375098	1388415	chr5_nbh01	1	2420	2420
at7143_1_chr5	1609908	1624525	chr5_nbh02	2	2812	1406
at7143_1_chr5	3958364	3964170	chr5_nbh04	1	1814	1814
at7143_1_chr5	5906463	5985074	chr5_nbh06	9	21037	2337.444444
at7143_1_chr5	6069731	6090625	chr5_nbh07	2	3260	1630
at7143_1_chr5	7529744	7539384	chr5_nbh08	1	1532	1532
at7143_1_chr5	17827534	17851710	chr5_nbh09	5	15294	3058.8
at7143_1_chr5	19290176	19350864	chr5_nbh11	15	25712	1714.133333
at7143_1_chr5	19984969	20009744	chr5_nbh13	12	18916	1576.333333
at7143_1_chr5	20330008	20371052	chr5_nbh14	5	12966	2593.2
at7143_1_chr5	20570866	20595563	chr5_nbh15	6	9332	1555.333333
at7143_1_chr5	20640520	20718836	chr5_nbh16	17	37550	2208.823529
at7143_1_chr5	21405779	21425963	chr5_nbh18	5	21942	4388.4
at7143_1_chr5	21504738	21522101	chr5_nbh19	4	16324	4081
at7143_1_chr5	21859468	21874706	chr5_nbh20	1	1325	1325
at7143_1_chr5	22032265	22131674	chr5_nbh21	10	25376	2537.6
at7143_1_chr5	22182690	22259958	chr5_nbh22	4	14246	3561.5
at7143_1_chr5	22321358	22405393	chr5_nbh23	10	18343	1834.3
at7143_1_chr5	22689153	22707136	chr5_nbh24	9	24126	2680.666667
at7143_1_chr5	22770607	22800093	chr5_nbh25	11	22074	2006.727273
at7143_1_chr5	23096502	23165587	chr5_nbh26	3	10961	3653.666667
at7143_1_chr5	23624761	23638832	chr5_nbh27	3	9707	3235.666667
at7143_1_chr5	24846003	24863611	chr5_nbh30	1	813	813
at7143_1_chr5	27398848	27415097	chr5_nbh32	3	5180	1726.666667
at7143_1_chr5	30476624	30619447	chr5_nbh34	5	7739	1547.8
at8285_1_chr5	1370052	1383215	chr5_nbh01	1	2482	2482
at8285_1_chr5	3603782	3613835	chr5_nbh03	1	1649	1649
at8285_1_chr5	3949537	3955345	chr5_nbh04	2	1824	912
at8285_1_chr5	5899394	5980004	chr5_nbh06	9	19913	2212.555556
at8285_1_chr5	6063674	6078723	chr5_nbh07	1	14020	14020
at8285_1_chr5	7499966	7510274	chr5_nbh08	1	1556	1556
at8285_1_chr5	18793875	18845590	chr5_nbh11	6	13836	2306
at8285_1_chr5	19521867	19546712	chr5_nbh13	12	20822	1735.166667
at8285_1_chr5	19948503	19991129	chr5_nbh14	7	13902	1986
at8285_1_chr5	20195537	20215464	chr5_nbh15	6	8789	1464.833333
at8285_1_chr5	20254530	20335130	chr5_nbh16	15	30027	2001.8
at8285_1_chr5	21032639	21054895	chr5_nbh18	6	26524	4420.666667
at8285_1_chr5	21138016	21151601	chr5_nbh19	2	3868	1934
at8285_1_chr5	21494775	21510496	chr5_nbh20	1	1392	1392
at8285_1_chr5	21684438	21779288	chr5_nbh21	9	31218	3468.666667
at8285_1_chr5	21829995	21921650	chr5_nbh22	4	12946	3236.5
at8285_1_chr5	21982576	22037904	chr5_nbh23	6	12658	2109.666667
at8285_1_chr5	22304363	22321751	chr5_nbh24	11	60476	5497.818182
at8285_1_chr5	22390940	22437113	chr5_nbh25	23	151651	6593.521739
at8285_1_chr5	22740026	22808229	chr5_nbh26	5	15668	3133.6
at8285_1_chr5	23264418	23283665	chr5_nbh27	11	44490	4044.545455
at8285_1_chr5	24469612	24487332	chr5_nbh30	1	813	813
at8285_1_chr5	27021959	27038081	chr5_nbh32	1	2064	2064
at8285_1_chr5	30109778	30253117	chr5_nbh34	6	10509	1751.5
at9104_1_chr5	1347203	1360368	chr5_nbh01	2	2487	1243.5
at9104_1_chr5	1582974	1593503	chr5_nbh02	1	711	711
at9104_1_chr5	3567807	3578610	chr5_nbh03	1	1643	1643
at9104_1_chr5	3907506	3920360	chr5_nbh04	1	1814	1814
at9104_1_chr5	5877669	5959230	chr5_nbh06	10	23246	2324.6
at9104_1_chr5	6042498	6057550	chr5_nbh07	2	3342	1671
at9104_1_chr5	7489912	7499204	chr5_nbh08	1	1522	1522
at9104_1_chr5	17693214	17723261	chr5_nbh09	7	24702	3528.857143
at9104_1_chr5	18457130	18486020	chr5_nbh10	7	20606	2943.714286
at9104_1_chr5	19223656	19270516	chr5_nbh11	18	34715	1928.611111
at9104_1_chr5	19448669	19469350	chr5_nbh12	5	7403	1480.6
at9104_1_chr5	19936970	19972226	chr5_nbh13	12	18933	1577.75
at9104_1_chr5	20285909	20333396	chr5_nbh14	17	33118	1948.117647
at9104_1_chr5	20533041	20552995	chr5_nbh15	16	32583	2036.4375
at9104_1_chr5	20591969	20700997	chr5_nbh16	20	62582	3129.1
at9104_1_chr5	21050217	21084821	chr5_nbh17	1	962	962
at9104_1_chr5	21389802	21418095	chr5_nbh18	15	67991	4532.733333
at9104_1_chr5	21494915	21512429	chr5_nbh19	4	16479	4119.75
at9104_1_chr5	22029298	22127240	chr5_nbh21	7	32732	4676
at9104_1_chr5	22180341	22248627	chr5_nbh22	4	18448	4612
at9104_1_chr5	22308716	22396012	chr5_nbh23	2	3609	1804.5
at9104_1_chr5	22669241	22686636	chr5_nbh24	8	42919	5364.875
at9104_1_chr5	22757407	22793636	chr5_nbh25	14	51946	3710.428571
at9104_1_chr5	23093365	23161682	chr5_nbh26	4	12713	3178.25
at9104_1_chr5	23625303	23639453	chr5_nbh27	8	35027	4378.375
at9104_1_chr5	27393308	27409534	chr5_nbh32	4	6844	1711
at9104_1_chr5	30461147	30603902	chr5_nbh34	5	10016	2003.2
at9336_1_chr5	3604875	3614923	chr5_nbh03	1	1421	1421
at9336_1_chr5	3945692	3957999	chr5_nbh04	1	1813	1813
at9336_1_chr5	5999040	6082418	chr5_nbh06	9	21416	2379.555556
at9336_1_chr5	6165948	6186826	chr5_nbh07	2	3260	1630
at9336_1_chr5	7655731	7665373	chr5_nbh08	1	1532	1532
at9336_1_chr5	17886435	17910557	chr5_nbh09	5	17446	3489.2
at9336_1_chr5	19498706	19550687	chr5_nbh11	21	40129	1910.904762
at9336_1_chr5	20207064	20245199	chr5_nbh13	12	21099	1758.25
at9336_1_chr5	20571148	20605216	chr5_nbh14	2	2831	1415.5
at9336_1_chr5	20821283	20841146	chr5_nbh15	3	5553	1851
at9336_1_chr5	20880025	20967806	chr5_nbh16	16	31941	1996.3125
at9336_1_chr5	21308259	21342746	chr5_nbh17	1	962	962
at9336_1_chr5	21658549	21679018	chr5_nbh18	6	31565	5260.833333
at9336_1_chr5	21754287	21771694	chr5_nbh19	7	16477	2353.857143
at9336_1_chr5	22113446	22128978	chr5_nbh20	1	2482	2482
at9336_1_chr5	22284001	22381112	chr5_nbh21	8	29638	3704.75
at9336_1_chr5	22432786	22509979	chr5_nbh22	4	12560	3140
at9336_1_chr5	22569777	22620100	chr5_nbh23	4	5887	1471.75
at9336_1_chr5	22895830	22913761	chr5_nbh24	5	34189	6837.8
at9336_1_chr5	22987754	23016893	chr5_nbh25	8	20247	2530.875
at9336_1_chr5	23309805	23376653	chr5_nbh26	5	14194	2838.8
at9336_1_chr5	23854235	23868390	chr5_nbh27	5	23360	4672
at9336_1_chr5	25056490	25074088	chr5_nbh30	1	813	813
at9336_1_chr5	27639008	27655094	chr5_nbh32	3	5293	1764.333333
at9336_1_chr5	30720529	30867167	chr5_nbh34	5	9969	1993.8
at9503_1_chr5	1383769	1396528	chr5_nbh01	1	2482	2482
at9503_1_chr5	3601764	3611823	chr5_nbh03	1	1649	1649
at9503_1_chr5	3937194	3949492	chr5_nbh04	2	3355	1677.5
at9503_1_chr5	5912471	6004524	chr5_nbh06	9	24475	2719.444444
at9503_1_chr5	6087831	6109167	chr5_nbh07	2	3345	1672.5
at9503_1_chr5	7559441	7568759	chr5_nbh08	1	1534	1534
at9503_1_chr5	19024003	19074438	chr5_nbh11	10	17152	1715.2
at9503_1_chr5	19719800	19746340	chr5_nbh13	10	13913	1391.3
at9503_1_chr5	20054071	20103187	chr5_nbh14	6	14531	2421.833333
at9503_1_chr5	20314185	20342785	chr5_nbh15	13	67220	5170.769231
at9503_1_chr5	20380276	20479488	chr5_nbh16	17	44523	2619
at9503_1_chr5	20814247	20850053	chr5_nbh17	3	6314	2104.666667
at9503_1_chr5	21145291	21173580	chr5_nbh18	8	56431	7053.875
at9503_1_chr5	21251555	21269456	chr5_nbh19	4	16034	4008.5
at9503_1_chr5	21610784	21625995	chr5_nbh20	1	2280	2280
at9503_1_chr5	21783849	21881542	chr5_nbh21	9	24554	2728.222222
at9503_1_chr5	21932694	22003186	chr5_nbh22	4	14216	3554
at9503_1_chr5	22063202	22160802	chr5_nbh23	15	66712	4447.466667
at9503_1_chr5	22440209	22463936	chr5_nbh24	10	19972	1997.2
at9503_1_chr5	22526437	22556395	chr5_nbh25	14	26695	1906.785714
at9503_1_chr5	22859493	22927816	chr5_nbh26	5	15396	3079.2
at9503_1_chr5	23396644	23415637	chr5_nbh27	9	49793	5532.555556
at9503_1_chr5	24614777	24622369	chr5_nbh30	2	2370	1185
at9503_1_chr5	27183662	27199803	chr5_nbh32	2	3981	1990.5
at9503_1_chr5	30233086	30375862	chr5_nbh34	6	10119	1686.5
at9578_1_chr5	3620259	3630310	chr5_nbh03	1	1643	1643
at9578_1_chr5	3969272	3975080	chr5_nbh04	1	1814	1814
at9578_1_chr5	5936828	6018773	chr5_nbh06	12	27884	2323.666667
at9578_1_chr5	6101993	6123269	chr5_nbh07	2	3341	1670.5
at9578_1_chr5	7559509	7568110	chr5_nbh08	1	1159	1159
at9578_1_chr5	18351941	18404889	chr5_nbh11	19	36149	1902.578947
at9578_1_chr5	19122848	19147638	chr5_nbh13	10	16011	1601.1
at9578_1_chr5	19473793	19521620	chr5_nbh14	9	21613	2401.444444
at9578_1_chr5	19739499	19760241	chr5_nbh15	7	16042	2291.714286
at9578_1_chr5	19797481	19896204	chr5_nbh16	23	56144	2441.043478
at9578_1_chr5	20560948	20608713	chr5_nbh18	23	176588	7677.73913
at9578_1_chr5	20705031	20722075	chr5_nbh19	6	15083	2513.833333
at9578_1_chr5	21067925	21083450	chr5_nbh20	1	2493	2493
at9578_1_chr5	21243403	21361359	chr5_nbh21	25	161599	6463.96
at9578_1_chr5	21414019	21491328	chr5_nbh22	4	14286	3571.5
at9578_1_chr5	21551188	21642783	chr5_nbh23	9	10923	1213.666667
at9578_1_chr5	21927152	21945158	chr5_nbh24	7	44905	6415
at9578_1_chr5	22007381	22048676	chr5_nbh25	15	43009	2867.266667
at9578_1_chr5	22346520	22412690	chr5_nbh26	6	16738	2789.666667
at9578_1_chr5	22876820	22890867	chr5_nbh27	10	53340	5334
at9578_1_chr5	24089753	24108907	chr5_nbh30	3	4115	1371.666667
at9578_1_chr5	26670881	26687131	chr5_nbh32	1	2063	2063
at9578_1_chr5	29761115	29900330	chr5_nbh34	4	7598	1899.5
at9744_1_chr5	1365383	1378550	chr5_nbh01	2	2488	1244
at9744_1_chr5	3963725	3975998	chr5_nbh04	1	1813	1813
at9744_1_chr5	5913360	6001555	chr5_nbh06	5	11367	2273.4
at9744_1_chr5	6084970	6106218	chr5_nbh07	2	3341	1670.5
at9744_1_chr5	7536362	7544967	chr5_nbh08	1	1163	1163
at9744_1_chr5	19339910	19409405	chr5_nbh11	23	36717	1596.391304
at9744_1_chr5	20401327	20424510	chr5_nbh13	10	15734	1573.4
at9744_1_chr5	20750957	20795434	chr5_nbh14	3	6073	2024.333333
at9744_1_chr5	20996928	21016844	chr5_nbh15	4	5828	1457
at9744_1_chr5	21052986	21153955	chr5_nbh16	12	34920	2910
at9744_1_chr5	21495489	21529944	chr5_nbh17	1	962	962
at9744_1_chr5	21815168	21853665	chr5_nbh18	10	56273	5627.3
at9744_1_chr5	21949081	21966468	chr5_nbh19	5	13095	2619
at9744_1_chr5	22309700	22325181	chr5_nbh20	1	2280	2280
at9744_1_chr5	22505991	22609632	chr5_nbh21	9	24850	2761.111111
at9744_1_chr5	22660708	22739507	chr5_nbh22	4	14256	3564
at9744_1_chr5	22799698	22899323	chr5_nbh23	2	2729	1364.5
at9744_1_chr5	23172357	23189703	chr5_nbh24	5	33902	6780.4
at9744_1_chr5	23253211	23282078	chr5_nbh25	8	19513	2439.125
at9744_1_chr5	23581907	23649732	chr5_nbh26	5	15417	3083.4
at9744_1_chr5	24106762	24126364	chr5_nbh27	9	49681	5520.111111
at9744_1_chr5	25324349	25342083	chr5_nbh30	1	813	813
at9744_1_chr5	27876583	27892820	chr5_nbh32	3	5086	1695.333333
at9744_1_chr5	30943519	31086225	chr5_nbh34	5	9992	1998.4
at9762_1_chr5	1363288	1376029	chr5_nbh01	2	2490	1245
at9762_1_chr5	3620482	3630423	chr5_nbh03	1	1573	1573
at9762_1_chr5	3965177	3970991	chr5_nbh04	1	1814	1814
at9762_1_chr5	5982980	6066517	chr5_nbh06	7	14463	2066.142857
at9762_1_chr5	6149887	6164930	chr5_nbh07	2	3343	1671.5
at9762_1_chr5	7630005	7640238	chr5_nbh08	1	1530	1530
at9762_1_chr5	18956515	18984437	chr5_nbh10	3	9162	3054
at9762_1_chr5	19769847	19831636	chr5_nbh11	24	48661	2027.541667
at9762_1_chr5	20555951	20580825	chr5_nbh13	14	19161	1368.642857
at9762_1_chr5	20911229	20952182	chr5_nbh14	8	20155	2519.375
at9762_1_chr5	21151593	21171481	chr5_nbh15	9	14307	1589.666667
at9762_1_chr5	21210018	21295122	chr5_nbh16	18	38454	2136.333333
at9762_1_chr5	21973203	22001330	chr5_nbh18	10	56489	5648.9
at9762_1_chr5	22081666	22099010	chr5_nbh19	6	15343	2557.166667
at9762_1_chr5	22437322	22452751	chr5_nbh20	1	2269	2269
at9762_1_chr5	22615035	22714719	chr5_nbh21	7	32417	4631
at9762_1_chr5	22765769	22843996	chr5_nbh22	4	17222	4305.5
at9762_1_chr5	22904176	22951632	chr5_nbh23	4	5891	1472.75
at9762_1_chr5	23232153	23250095	chr5_nbh24	10	38195	3819.5
at9762_1_chr5	23314505	23343927	chr5_nbh25	12	33122	2760.166667
at9762_1_chr5	23639066	23708695	chr5_nbh26	5	15643	3128.6
at9762_1_chr5	24137071	24159077	chr5_nbh27	10	54179	5417.9
at9762_1_chr5	27906412	27922478	chr5_nbh32	4	6729	1682.25
at9762_1_chr5	31092734	31235850	chr5_nbh34	5	9997	1999.4
at9806_1_chr5	3922193	3927998	chr5_nbh04	2	3395	1697.5
at9806_1_chr5	5886265	5970817	chr5_nbh06	7	14560	2080
at9806_1_chr5	6055264	6070314	chr5_nbh07	2	3337	1668.5
at9806_1_chr5	7512161	7521801	chr5_nbh08	1	1534	1534
at9806_1_chr5	15617111	15641251	chr5_nbh09	7	22982	3283.142857
at9806_1_chr5	17374293	17430826	chr5_nbh11	11	29474	2679.454545
at9806_1_chr5	17604148	17620395	chr5_nbh12	8	59043	7380.375
at9806_1_chr5	18103072	18127752	chr5_nbh13	14	26781	1912.928571
at9806_1_chr5	18444295	18485230	chr5_nbh14	7	17655	2522.142857
at9806_1_chr5	18689497	18709462	chr5_nbh15	8	15814	1976.75
at9806_1_chr5	18750197	18853249	chr5_nbh16	18	48415	2689.722222
at9806_1_chr5	19525902	19553247	chr5_nbh18	13	53673	4128.692308
at9806_1_chr5	19635260	19652499	chr5_nbh19	4	11512	2878
at9806_1_chr5	20158598	20271427	chr5_nbh21	7	28016	4002.285714
at9806_1_chr5	20323880	20400320	chr5_nbh22	4	12470	3117.5
at9806_1_chr5	20463463	20515335	chr5_nbh23	6	12644	2107.333333
at9806_1_chr5	20813318	20831276	chr5_nbh24	9	21608	2400.888889
at9806_1_chr5	20894063	20926773	chr5_nbh25	12	23749	1979.083333
at9806_1_chr5	21222040	21289900	chr5_nbh26	4	10493	2623.25
at9806_1_chr5	21748247	21763818	chr5_nbh27	9	44864	4984.888889
at9806_1_chr5	22950193	22967788	chr5_nbh30	1	811	811
at9806_1_chr5	25487138	25503618	chr5_nbh32	1	2070	2070
at9806_1_chr5	28565428	28707890	chr5_nbh34	5	9994	1998.8
at9830_1_chr5	3934128	3939934	chr5_nbh04	1	1814	1814
at9830_1_chr5	5890072	5966685	chr5_nbh06	3	7005	2335
at9830_1_chr5	6050548	6071783	chr5_nbh07	2	3848	1924
at9830_1_chr5	7522168	7530778	chr5_nbh08	1	1157	1157
at9830_1_chr5	16292516	16316661	chr5_nbh09	6	21076	3512.666667
at9830_1_chr5	17945926	18011272	chr5_nbh11	13	20361	1566.230769
at9830_1_chr5	18620468	18644987	chr5_nbh13	9	15063	1673.666667
at9830_1_chr5	18970792	19019692	chr5_nbh14	5	12363	2472.6
at9830_1_chr5	19220854	19245494	chr5_nbh15	6	10591	1765.166667
at9830_1_chr5	19287597	19387553	chr5_nbh16	22	67298	3059
at9830_1_chr5	20069237	20091349	chr5_nbh18	8	36163	4520.375
at9830_1_chr5	20172716	20184357	chr5_nbh19	2	4021	2010.5
at9830_1_chr5	20527602	20543109	chr5_nbh20	1	2280	2280
at9830_1_chr5	20701271	20814947	chr5_nbh21	7	27257	3893.857143
at9830_1_chr5	20867688	20939764	chr5_nbh22	4	12494	3123.5
at9830_1_chr5	21002863	21061926	chr5_nbh23	5	5769	1153.8
at9830_1_chr5	21338968	21356318	chr5_nbh24	6	43392	7232
at9830_1_chr5	21420269	21449115	chr5_nbh25	8	22024	2753
at9830_1_chr5	21749325	21817095	chr5_nbh26	4	13668	3417
at9830_1_chr5	22279719	22299055	chr5_nbh27	13	52958	4073.692308
at9830_1_chr5	23507071	23524367	chr5_nbh30	2	2504	1252
at9830_1_chr5	26066445	26082608	chr5_nbh32	2	4079	2039.5
at9830_1_chr5	29141603	29286713	chr5_nbh34	7	11560	1651.428571
at9847_1_chr5	3606818	3617621	chr5_nbh03	1	1649	1649
at9847_1_chr5	3951882	3957646	chr5_nbh04	2	3395	1697.5
at9847_1_chr5	5900306	5979145	chr5_nbh06	9	21056	2339.555556
at9847_1_chr5	6062599	6083888	chr5_nbh07	2	3321	1660.5
at9847_1_chr5	7539622	7548915	chr5_nbh08	1	1522	1522
at9847_1_chr5	16713203	16737484	chr5_nbh09	5	17605	3521
at9847_1_chr5	18301439	18353947	chr5_nbh11	6	8523	1420.5
at9847_1_chr5	19016194	19040713	chr5_nbh13	12	19007	1583.916667
at9847_1_chr5	19359918	19408997	chr5_nbh14	6	16339	2723.166667
at9847_1_chr5	19621139	19641097	chr5_nbh15	7	14036	2005.142857
at9847_1_chr5	19691281	19792706	chr5_nbh16	22	56928	2587.636364
at9847_1_chr5	20129491	20163823	chr5_nbh17	1	982	982
at9847_1_chr5	20462322	20482491	chr5_nbh18	6	31748	5291.333333
at9847_1_chr5	20563647	20580657	chr5_nbh19	4	15220	3805
at9847_1_chr5	21096251	21195141	chr5_nbh21	10	27890	2789
at9847_1_chr5	21247824	21330883	chr5_nbh22	5	18894	3778.8
at9847_1_chr5	21392289	21476351	chr5_nbh23	8	9280	1160
at9847_1_chr5	21747977	21765949	chr5_nbh24	9	37705	4189.444444
at9847_1_chr5	21835364	21865023	chr5_nbh25	10	21438	2143.8
at9847_1_chr5	22167546	22235263	chr5_nbh26	4	13666	3416.5
at9847_1_chr5	22696226	22710316	chr5_nbh27	5	24914	4982.8
at9847_1_chr5	23911305	23928913	chr5_nbh30	1	813	813
at9847_1_chr5	26484794	26501103	chr5_nbh32	2	4021	2010.5
at9847_1_chr5	29551241	29694019	chr5_nbh34	6	10131	1688.5
at9852_1_chr5	1365839	1378989	chr5_nbh01	2	2482	1241
at9852_1_chr5	3617231	3627255	chr5_nbh03	1	1641	1641
at9852_1_chr5	3963299	3977231	chr5_nbh04	2	3400	1700
at9852_1_chr5	5931453	6014321	chr5_nbh06	11	28100	2554.545455
at9852_1_chr5	6097573	6118803	chr5_nbh07	2	3328	1664
at9852_1_chr5	7551817	7560418	chr5_nbh08	1	1159	1159
at9852_1_chr5	18125973	18150101	chr5_nbh09	5	17668	3533.6
at9852_1_chr5	18876829	18905706	chr5_nbh10	2	6186	3093
at9852_1_chr5	19658592	19705463	chr5_nbh11	23	43350	1884.782609
at9852_1_chr5	20320090	20344136	chr5_nbh13	13	17932	1379.384615
at9852_1_chr5	20665663	20715304	chr5_nbh14	9	22901	2544.555556
at9852_1_chr5	20925575	20945552	chr5_nbh15	9	16612	1845.777778
at9852_1_chr5	20985040	21072744	chr5_nbh16	24	58074	2419.75
at9852_1_chr5	21772002	21793738	chr5_nbh18	5	25222	5044.4
at9852_1_chr5	21872257	21889357	chr5_nbh19	6	14023	2337.166667
at9852_1_chr5	22417114	22530280	chr5_nbh21	18	125757	6986.5
at9852_1_chr5	22583496	22662950	chr5_nbh22	4	14283	3570.75
at9852_1_chr5	22723547	22806749	chr5_nbh23	8	9280	1160
at9852_1_chr5	23086782	23104170	chr5_nbh24	12	47527	3960.583333
at9852_1_chr5	23173369	23212130	chr5_nbh25	18	74467	4137.055556
at9852_1_chr5	23507128	23576991	chr5_nbh26	5	15622	3124.4
at9852_1_chr5	24043481	24057572	chr5_nbh27	4	20577	5144.25
at9852_1_chr5	25267116	25290769	chr5_nbh30	1	814	814
at9852_1_chr5	27828819	27844908	chr5_nbh32	2	3522	1761
at9852_1_chr5	30901628	31044856	chr5_nbh34	5	8125	1625
at9879_1_chr5	1379168	1392354	chr5_nbh01	1	2482	2482
at9879_1_chr5	3964501	3976833	chr5_nbh04	2	3393	1696.5
at9879_1_chr5	5960490	6033821	chr5_nbh06	3	7005	2335
at9879_1_chr5	6118027	6139343	chr5_nbh07	2	3238	1619
at9879_1_chr5	7588534	7598177	chr5_nbh08	1	1537	1537
at9879_1_chr5	18050715	18074850	chr5_nbh09	6	21076	3512.666667
at9879_1_chr5	19720317	19783908	chr5_nbh11	9	23186	2576.222222
at9879_1_chr5	20400999	20428097	chr5_nbh13	14	21269	1519.214286
at9879_1_chr5	20743452	20795050	chr5_nbh14	10	26953	2695.3
at9879_1_chr5	21003380	21028112	chr5_nbh15	11	18805	1709.545455
at9879_1_chr5	21070226	21168979	chr5_nbh16	23	51067	2220.304348
at9879_1_chr5	21524322	21558839	chr5_nbh17	1	962	962
at9879_1_chr5	21866032	21886242	chr5_nbh18	8	35935	4491.875
at9879_1_chr5	21968924	21986267	chr5_nbh19	5	12792	2558.4
at9879_1_chr5	22334224	22349450	chr5_nbh20	1	2493	2493
at9879_1_chr5	22513228	22610898	chr5_nbh21	8	16111	2013.875
at9879_1_chr5	22663422	22727086	chr5_nbh22	2	4624	2312
at9879_1_chr5	22789062	22873542	chr5_nbh23	10	11054	1105.4
at9879_1_chr5	23146075	23165825	chr5_nbh24	14	76391	5456.5
at9879_1_chr5	23233210	23273491	chr5_nbh25	15	104720	6981.333333
at9879_1_chr5	23568716	23642991	chr5_nbh26	4	11734	2933.5
at9879_1_chr5	24107847	24127159	chr5_nbh27	13	52817	4062.846154
at9879_1_chr5	25333251	25340851	chr5_nbh30	2	2370	1185
at9879_1_chr5	27911485	27927635	chr5_nbh32	2	3985	1992.5
at9879_1_chr5	31002368	31140825	chr5_nbh34	5	8781	1756.2
at9883_1_chr5	3587955	3598758	chr5_nbh03	1	1647	1647
at9883_1_chr5	3929259	3941566	chr5_nbh04	1	1813	1813
at9883_1_chr5	5908383	5998901	chr5_nbh06	11	27772	2524.727273
at9883_1_chr5	6082144	6103374	chr5_nbh07	2	3835	1917.5
at9883_1_chr5	7532379	7540906	chr5_nbh08	1	1532	1532
at9883_1_chr5	16335312	16359580	chr5_nbh09	5	17334	3466.8
at9883_1_chr5	17891704	17947736	chr5_nbh11	24	60047	2501.958333
at9883_1_chr5	18588601	18613120	chr5_nbh13	13	17689	1360.692308
at9883_1_chr5	18936197	18984029	chr5_nbh14	9	22746	2527.333333
at9883_1_chr5	19203124	19223303	chr5_nbh15	9	17459	1939.888889
at9883_1_chr5	19261532	19359572	chr5_nbh16	24	57339	2389.125
at9883_1_chr5	20034801	20057138	chr5_nbh18	5	27822	5564.4
at9883_1_chr5	20140425	20157781	chr5_nbh19	5	16962	3392.4
at9883_1_chr5	20670489	20768552	chr5_nbh21	8	33820	4227.5
at9883_1_chr5	20819337	20892318	chr5_nbh22	4	18480	4620
at9883_1_chr5	20952925	21003244	chr5_nbh23	5	8045	1609
at9883_1_chr5	21283237	21300591	chr5_nbh24	8	33748	4218.5
at9883_1_chr5	21363087	21392745	chr5_nbh25	10	24801	2480.1
at9883_1_chr5	21705479	21773197	chr5_nbh26	4	13666	3416.5
at9883_1_chr5	22231880	22245948	chr5_nbh27	5	23063	4612.6
at9883_1_chr5	23462752	23480361	chr5_nbh30	1	813	813
at9883_1_chr5	26013754	26035290	chr5_nbh32	3	5612	1870.666667
at9883_1_chr5	29093515	29237296	chr5_nbh34	5	8132	1626.4
at9900_1_chr5	1372928	1385935	chr5_nbh01	1	2482	2482
at9900_1_chr5	3952054	3964339	chr5_nbh04	2	3398	1699
at9900_1_chr5	5912681	5989857	chr5_nbh06	3	7006	2335.333333
at9900_1_chr5	6073874	6095137	chr5_nbh07	2	3339	1669.5
at9900_1_chr5	7549396	7559034	chr5_nbh08	1	1532	1532
at9900_1_chr5	16891922	16916222	chr5_nbh09	5	17343	3468.6
at9900_1_chr5	18443003	18503806	chr5_nbh11	19	36934	1943.894737
at9900_1_chr5	19133672	19157707	chr5_nbh13	10	16581	1658.1
at9900_1_chr5	19476835	19518395	chr5_nbh14	6	12347	2057.833333
at9900_1_chr5	19740059	19761198	chr5_nbh15	12	19432	1619.333333
at9900_1_chr5	19799279	19888611	chr5_nbh16	16	39203	2450.1875
at9900_1_chr5	20243016	20277492	chr5_nbh17	1	962	962
at9900_1_chr5	20582780	20603220	chr5_nbh18	6	30452	5075.333333
at9900_1_chr5	20684282	20696162	chr5_nbh19	1	2847	2847
at9900_1_chr5	21210059	21300946	chr5_nbh21	6	9121	1520.166667
at9900_1_chr5	21352795	21418958	chr5_nbh22	2	4606	2303
at9900_1_chr5	21480608	21533860	chr5_nbh23	4	3896	974
at9900_1_chr5	21810643	21827992	chr5_nbh24	9	38458	4273.111111
at9900_1_chr5	21891940	21921567	chr5_nbh25	12	30248	2520.666667
at9900_1_chr5	22225507	22295223	chr5_nbh26	4	11739	2934.75
at9900_1_chr5	22746366	22760457	chr5_nbh27	5	23177	4635.4
at9900_1_chr5	23954871	23962477	chr5_nbh30	2	3114	1557
at9900_1_chr5	26536386	26552613	chr5_nbh32	3	5506	1835.333333
at9900_1_chr5	29609111	29753129	chr5_nbh34	6	12363	2060.5
