Chr	Start	End	NLR_hood	Total_NLRs	Sizes_NLRs	Mean_size_NLRs
at6923_1_chr1	3130738	3135489	chr1_nbh01	1	580	580
at6923_1_chr1	3643042	3649201	chr1_nbh02	1	3505	3505
at6923_1_chr1	4127339	4180964	chr1_nbh03	4	13122	3280.5
at6923_1_chr1	5445466	5475874	chr1_nbh04	1	3643	3643
at6923_1_chr1	6031417	6044734	chr1_nbh05	3	6760	2253.333333
at6923_1_chr1	9281633	9299424	chr1_nbh06	2	10832	5416
at6923_1_chr1	11093667	11141063	chr1_nbh07	1	5304	5304
at6923_1_chr1	11708655	11721682	chr1_nbh09	1	3631	3631
at6923_1_chr1	12058888	12086117	chr1_nbh10	1	3084	3084
at6923_1_chr1	17907586	18004380	chr1_nbh15	1	3802	3802
at6923_1_chr1	18631175	18667655	chr1_nbh16	1	2793	2793
at6923_1_chr1	19851773	19860740	chr1_nbh17	1	3290	3290
at6923_1_chr1	20245244	20274338	chr1_nbh18	1	4017	4017
at6923_1_chr1	20327317	20354085	chr1_nbh19	1	3452	3452
at6923_1_chr1	20865871	20872151	chr1_nbh20	1	1322	1322
at6923_1_chr1	20950777	20956125	chr1_nbh21	1	706	706
at6923_1_chr1	21142497	21153044	chr1_nbh22	1	3252	3252
at6923_1_chr1	22424556	22480775	chr1_nbh25	3	14856	4952
at6923_1_chr1	22615535	22704639	chr1_nbh26	1	2697	2697
at6923_1_chr1	22936062	22981704	chr1_nbh27	2	6561	3280.5
at6923_1_chr1	22994083	23241725	chr1_nbh28	7	43392	6198.857143
at6923_1_chr1	23447734	23474661	chr1_nbh30	1	516	516
at6923_1_chr1	23809020	23906203	chr1_nbh32	3	10182	3394
at6923_1_chr1	24455528	24774178	chr1_nbh35	2	6062	3031
at6923_1_chr1	24900375	24999254	chr1_nbh36	7	29069	4152.714286
at6923_1_chr1	25585493	25603338	chr1_nbh39	1	2248	2248
at6923_1_chr1	25793724	25801374	chr1_nbh40	1	3741	3741
at6923_1_chr1	25893343	25901377	chr1_nbh41	1	2701	2701
at6923_1_chr1	27429188	27456786	chr1_nbh42	1	5606	5606
at6923_1_chr1	28708505	28747132	chr1_nbh43	9	19646	2182.888889
at6929_1_chr1	3129579	3134358	chr1_nbh01	1	580	580
at6929_1_chr1	3636706	3642861	chr1_nbh02	1	3500	3500
at6929_1_chr1	4117504	4170276	chr1_nbh03	3	10260	3420
at6929_1_chr1	5446910	5477372	chr1_nbh04	1	3741	3741
at6929_1_chr1	6038314	6056585	chr1_nbh05	3	6343	2114.333333
at6929_1_chr1	9287450	9304738	chr1_nbh06	2	11223	5611.5
at6929_1_chr1	11150487	11189618	chr1_nbh07	1	6652	6652
at6929_1_chr1	12101617	12127697	chr1_nbh10	1	3054	3054
at6929_1_chr1	19555045	19582902	chr1_nbh16	1	2805	2805
at6929_1_chr1	20774069	20783272	chr1_nbh17	1	3226	3226
at6929_1_chr1	21173048	21201896	chr1_nbh18	1	3777	3777
at6929_1_chr1	21263344	21281758	chr1_nbh19	1	3452	3452
at6929_1_chr1	21785831	21792129	chr1_nbh20	1	1322	1322
at6929_1_chr1	21876445	21881761	chr1_nbh21	1	706	706
at6929_1_chr1	22063102	22074508	chr1_nbh22	1	3252	3252
at6929_1_chr1	23340421	23366096	chr1_nbh25	3	14153	4717.666667
at6929_1_chr1	23512513	23588228	chr1_nbh26	2	5940	2970
at6929_1_chr1	23872084	24095231	chr1_nbh28	3	15215	5071.666667
at6929_1_chr1	24310379	24339628	chr1_nbh30	1	516	516
at6929_1_chr1	24623373	24717172	chr1_nbh32	2	6538	3269
at6929_1_chr1	25273284	25593527	chr1_nbh35	3	9060	3020
at6929_1_chr1	25726798	25830042	chr1_nbh36	7	27104	3872
at6929_1_chr1	25873790	25892105	chr1_nbh37	1	3500	3500
at6929_1_chr1	26389249	26406804	chr1_nbh39	1	1971	1971
at6929_1_chr1	26601878	26609441	chr1_nbh40	1	4035	4035
at6929_1_chr1	26706569	26715670	chr1_nbh41	1	3774	3774
at6929_1_chr1	28270331	28298928	chr1_nbh42	1	4632	4632
at6929_1_chr1	29532858	29572490	chr1_nbh43	9	17139	1904.333333
at7143_1_chr1	3133793	3138961	chr1_nbh01	1	575	575
at7143_1_chr1	3639134	3645294	chr1_nbh02	1	3763	3763
at7143_1_chr1	4122700	4183189	chr1_nbh03	5	14965	2993
at7143_1_chr1	5461498	5491837	chr1_nbh04	1	2967	2967
at7143_1_chr1	6045570	6058913	chr1_nbh05	3	6537	2179
at7143_1_chr1	9326794	9344202	chr1_nbh06	2	11185	5592.5
at7143_1_chr1	11135958	11190345	chr1_nbh07	1	5422	5422
at7143_1_chr1	12014480	12040167	chr1_nbh10	1	3047	3047
at7143_1_chr1	12147137	12212089	chr1_nbh11	1	2872	2872
at7143_1_chr1	19428691	19489983	chr1_nbh13	1	654	654
at7143_1_chr1	22195678	22226184	chr1_nbh18	1	4010	4010
at7143_1_chr1	22284572	22296052	chr1_nbh19	1	3459	3459
at7143_1_chr1	22797160	22805715	chr1_nbh20	1	1322	1322
at7143_1_chr1	22890374	22895717	chr1_nbh21	1	706	706
at7143_1_chr1	23083494	23094108	chr1_nbh22	1	3246	3246
at7143_1_chr1	24363208	24419427	chr1_nbh25	3	14324	4774.666667
at7143_1_chr1	24553892	24633192	chr1_nbh26	2	6198	3099
at7143_1_chr1	24859725	24903114	chr1_nbh27	1	6229	6229
at7143_1_chr1	24911066	25141213	chr1_nbh28	4	25595	6398.75
at7143_1_chr1	25357567	25384496	chr1_nbh30	1	516	516
at7143_1_chr1	25674172	25765715	chr1_nbh32	2	5929	2964.5
at7143_1_chr1	26261394	26287675	chr1_nbh34	1	2347	2347
at7143_1_chr1	26323816	26655661	chr1_nbh35	2	6659	3329.5
at7143_1_chr1	26790454	26886130	chr1_nbh36	5	20454	4090.8
at7143_1_chr1	26936471	26954803	chr1_nbh37	1	3500	3500
at7143_1_chr1	27459327	27477329	chr1_nbh39	1	2275	2275
at7143_1_chr1	27664570	27672227	chr1_nbh40	1	3873	3873
at7143_1_chr1	27766318	27775705	chr1_nbh41	1	2662	2662
at7143_1_chr1	29318780	29345597	chr1_nbh42	1	4898	4898
at7143_1_chr1	30596304	30654374	chr1_nbh43	12	22659	1888.25
at8285_1_chr1	3141018	3146183	chr1_nbh01	1	575	575
at8285_1_chr1	3652916	3659074	chr1_nbh02	1	3500	3500
at8285_1_chr1	4146748	4199569	chr1_nbh03	4	13709	3427.25
at8285_1_chr1	5441973	5472459	chr1_nbh04	1	3851	3851
at8285_1_chr1	6029693	6042992	chr1_nbh05	3	6419	2139.666667
at8285_1_chr1	9285469	9303253	chr1_nbh06	2	12160	6080
at8285_1_chr1	11098229	11142537	chr1_nbh07	1	5872	5872
at8285_1_chr1	12042953	12069394	chr1_nbh10	1	3222	3222
at8285_1_chr1	22849677	22858634	chr1_nbh17	1	3091	3091
at8285_1_chr1	23265452	23294446	chr1_nbh18	1	3700	3700
at8285_1_chr1	23348389	23359827	chr1_nbh19	1	3448	3448
at8285_1_chr1	23858717	23864670	chr1_nbh20	1	1322	1322
at8285_1_chr1	23950793	23956139	chr1_nbh21	1	706	706
at8285_1_chr1	24143419	24153997	chr1_nbh22	1	3281	3281
at8285_1_chr1	25398187	25411338	chr1_nbh24	1	1537	1537
at8285_1_chr1	25412994	25442501	chr1_nbh25	3	14112	4704
at8285_1_chr1	25589425	25671516	chr1_nbh26	4	8114	2028.5
at8285_1_chr1	25900952	25953871	chr1_nbh27	3	10590	3530
at8285_1_chr1	25962340	26203534	chr1_nbh28	6	37130	6188.333333
at8285_1_chr1	26715499	26806108	chr1_nbh32	3	11213	3737.666667
at8285_1_chr1	27347874	27691350	chr1_nbh35	4	11012	2753
at8285_1_chr1	27819096	27920489	chr1_nbh36	7	29125	4160.714286
at8285_1_chr1	27970848	27989216	chr1_nbh37	1	3501	3501
at8285_1_chr1	28496005	28513650	chr1_nbh39	1	2150	2150
at8285_1_chr1	28702419	28710044	chr1_nbh40	1	3839	3839
at8285_1_chr1	28804780	28814196	chr1_nbh41	1	2685	2685
at8285_1_chr1	30367372	30399002	chr1_nbh42	1	5466	5466
at8285_1_chr1	31635721	31663980	chr1_nbh43	6	12034	2005.666667
at9104_1_chr1	3131741	3136908	chr1_nbh01	1	575	575
at9104_1_chr1	3653649	3659825	chr1_nbh02	1	3766	3766
at9104_1_chr1	4141637	4192519	chr1_nbh03	3	11750	3916.666667
at9104_1_chr1	5448741	5479229	chr1_nbh04	1	3985	3985
at9104_1_chr1	6044065	6057366	chr1_nbh05	3	6641	2213.666667
at9104_1_chr1	9297374	9314634	chr1_nbh06	2	11289	5644.5
at9104_1_chr1	11164941	11218463	chr1_nbh07	1	5424	5424
at9104_1_chr1	11682337	11710352	chr1_nbh08	1	3176	3176
at9104_1_chr1	12098248	12124342	chr1_nbh10	1	2988	2988
at9104_1_chr1	18730067	18798101	chr1_nbh14	1	3796	3796
at9104_1_chr1	20808751	20817712	chr1_nbh17	1	3165	3165
at9104_1_chr1	21211159	21239740	chr1_nbh18	1	3307	3307
at9104_1_chr1	21295443	21322055	chr1_nbh19	1	2565	2565
at9104_1_chr1	21834424	21840363	chr1_nbh20	1	1322	1322
at9104_1_chr1	21922989	21928330	chr1_nbh21	1	706	706
at9104_1_chr1	22114702	22125252	chr1_nbh22	1	3174	3174
at9104_1_chr1	23376989	23406485	chr1_nbh25	3	13598	4532.666667
at9104_1_chr1	23548413	23631645	chr1_nbh26	4	8173	2043.25
at9104_1_chr1	23858501	23904506	chr1_nbh27	2	7001	3500.5
at9104_1_chr1	23912445	24140006	chr1_nbh28	5	34421	6884.2
at9104_1_chr1	24703331	24800127	chr1_nbh32	3	9691	3230.333333
at9104_1_chr1	25352171	25708669	chr1_nbh35	3	9504	3168
at9104_1_chr1	25842770	25941476	chr1_nbh36	7	28226	4032.285714
at9104_1_chr1	25991857	26010264	chr1_nbh37	1	3770	3770
at9104_1_chr1	26504017	26524530	chr1_nbh39	1	1993	1993
at9104_1_chr1	26708337	26715963	chr1_nbh40	1	3873	3873
at9104_1_chr1	26808999	26818401	chr1_nbh41	1	3585	3585
at9104_1_chr1	28351384	28385211	chr1_nbh42	1	5250	5250
at9104_1_chr1	29630148	29661426	chr1_nbh43	6	9450	1575
at9336_1_chr1	3134965	3140128	chr1_nbh01	1	575	575
at9336_1_chr1	3667353	3673512	chr1_nbh02	1	3500	3500
at9336_1_chr1	4154118	4207688	chr1_nbh03	4	11634	2908.5
at9336_1_chr1	5480185	5510626	chr1_nbh04	1	5262	5262
at9336_1_chr1	6073622	6086917	chr1_nbh05	3	6703	2234.333333
at9336_1_chr1	9322124	9339908	chr1_nbh06	2	12168	6084
at9336_1_chr1	11126494	11165737	chr1_nbh07	1	6049	6049
at9336_1_chr1	12009760	12036185	chr1_nbh10	1	3053	3053
at9336_1_chr1	20958243	20995740	chr1_nbh16	1	2793	2793
at9336_1_chr1	22189962	22199063	chr1_nbh17	1	3220	3220
at9336_1_chr1	22576746	22607383	chr1_nbh18	1	4011	4011
at9336_1_chr1	22676788	22688229	chr1_nbh19	1	3451	3451
at9336_1_chr1	23189800	23195757	chr1_nbh20	1	1322	1322
at9336_1_chr1	23273913	23279257	chr1_nbh21	1	706	706
at9336_1_chr1	23477336	23488735	chr1_nbh22	1	3246	3246
at9336_1_chr1	24721526	24780676	chr1_nbh25	3	14759	4919.666667
at9336_1_chr1	24915901	25003107	chr1_nbh26	4	8450	2112.5
at9336_1_chr1	25229864	25273084	chr1_nbh27	1	3469	3469
at9336_1_chr1	25280933	25517745	chr1_nbh28	6	26784	4464
at9336_1_chr1	25737792	25764688	chr1_nbh30	1	516	516
at9336_1_chr1	26084369	26182830	chr1_nbh32	3	9502	3167.333333
at9336_1_chr1	26719729	27115877	chr1_nbh35	2	7434	3717
at9336_1_chr1	27244887	27342484	chr1_nbh36	6	24456	4076
at9336_1_chr1	27382438	27400771	chr1_nbh37	1	3502	3502
at9336_1_chr1	27904793	27921650	chr1_nbh39	1	2143	2143
at9336_1_chr1	28109042	28116682	chr1_nbh40	1	3865	3865
at9336_1_chr1	28209172	28218555	chr1_nbh41	1	4036	4036
at9336_1_chr1	29750352	29777316	chr1_nbh42	1	5079	5079
at9336_1_chr1	31030740	31062030	chr1_nbh43	6	9181	1530.166667
at9503_1_chr1	3135949	3141116	chr1_nbh01	1	575	575
at9503_1_chr1	3643516	3649674	chr1_nbh02	1	3384	3384
at9503_1_chr1	4132868	4184134	chr1_nbh03	3	10011	3337
at9503_1_chr1	5445900	5476402	chr1_nbh04	1	4473	4473
at9503_1_chr1	6020282	6033602	chr1_nbh05	3	6502	2167.333333
at9503_1_chr1	9285589	9303548	chr1_nbh06	2	10860	5430
at9503_1_chr1	11117694	11154242	chr1_nbh07	1	5369	5369
at9503_1_chr1	11984566	12011793	chr1_nbh10	1	3147	3147
at9503_1_chr1	20329356	20338457	chr1_nbh17	1	3194	3194
at9503_1_chr1	20733087	20763307	chr1_nbh18	1	3226	3226
at9503_1_chr1	20820378	20831787	chr1_nbh19	1	3460	3460
at9503_1_chr1	21344441	21350721	chr1_nbh20	1	1322	1322
at9503_1_chr1	21429356	21434704	chr1_nbh21	1	1041	1041
at9503_1_chr1	21621068	21631615	chr1_nbh22	1	3250	3250
at9503_1_chr1	22867881	22901372	chr1_nbh25	3	16832	5610.666667
at9503_1_chr1	23044559	23135250	chr1_nbh26	3	6349	2116.333333
at9503_1_chr1	23419473	23660312	chr1_nbh28	6	31944	5324
at9503_1_chr1	23875877	23902802	chr1_nbh30	1	516	516
at9503_1_chr1	24208480	24316898	chr1_nbh32	4	13484	3371
at9503_1_chr1	24798757	24825036	chr1_nbh34	1	2347	2347
at9503_1_chr1	24861258	25211678	chr1_nbh35	5	20083	4016.6
at9503_1_chr1	25341694	25447881	chr1_nbh36	7	28229	4032.714286
at9503_1_chr1	26028546	26046376	chr1_nbh39	1	2262	2262
at9503_1_chr1	26333431	26342819	chr1_nbh41	1	3924	3924
at9503_1_chr1	27877124	27905887	chr1_nbh42	1	5467	5467
at9503_1_chr1	29158857	29198662	chr1_nbh43	8	15463	1932.875
at9578_1_chr1	3117595	3122371	chr1_nbh01	1	580	580
at9578_1_chr1	3626649	3632807	chr1_nbh02	1	3508	3508
at9578_1_chr1	4126846	4187321	chr1_nbh03	4	12209	3052.25
at9578_1_chr1	5457501	5488328	chr1_nbh04	1	4067	4067
at9578_1_chr1	6035902	6049195	chr1_nbh05	3	6846	2282
at9578_1_chr1	9299118	9316384	chr1_nbh06	2	11294	5647
at9578_1_chr1	11142192	11181137	chr1_nbh07	1	5554	5554
at9578_1_chr1	12020282	12047506	chr1_nbh10	1	3078	3078
at9578_1_chr1	12360638	12433356	chr1_nbh12	1	4639	4639
at9578_1_chr1	21580422	21589381	chr1_nbh17	1	3153	3153
at9578_1_chr1	22074380	22099738	chr1_nbh19	1	3452	3452
at9578_1_chr1	22609298	22617853	chr1_nbh20	1	1322	1322
at9578_1_chr1	22702156	22707500	chr1_nbh21	1	706	706
at9578_1_chr1	22914734	22925321	chr1_nbh22	1	3294	3294
at9578_1_chr1	24200891	24226560	chr1_nbh25	2	6089	3044.5
at9578_1_chr1	24359408	24445772	chr1_nbh26	4	8742	2185.5
at9578_1_chr1	24674519	24717715	chr1_nbh27	2	7261	3630.5
at9578_1_chr1	24725574	24956500	chr1_nbh28	3	16695	5565
at9578_1_chr1	25185075	25214808	chr1_nbh30	1	516	516
at9578_1_chr1	25506301	25598974	chr1_nbh32	3	10639	3546.333333
at9578_1_chr1	26148595	26482961	chr1_nbh35	2	7382	3691
at9578_1_chr1	26611288	26712002	chr1_nbh36	5	20404	4080.8
at9578_1_chr1	26751884	26770254	chr1_nbh37	1	3502	3502
at9578_1_chr1	27263107	27280980	chr1_nbh39	1	2152	2152
at9578_1_chr1	27466284	27473922	chr1_nbh40	1	3874	3874
at9578_1_chr1	27567251	27576615	chr1_nbh41	1	2634	2634
at9578_1_chr1	29100779	29129097	chr1_nbh42	1	5548	5548
at9578_1_chr1	30363083	30394740	chr1_nbh43	7	14345	2049.285714
at9744_1_chr1	3122004	3127167	chr1_nbh01	1	575	575
at9744_1_chr1	3635398	3641559	chr1_nbh02	1	3573	3573
at9744_1_chr1	4125484	4174477	chr1_nbh03	3	10509	3503
at9744_1_chr1	5447066	5477474	chr1_nbh04	1	3885	3885
at9744_1_chr1	6034004	6047315	chr1_nbh05	3	6607	2202.333333
at9744_1_chr1	9295679	9313463	chr1_nbh06	2	10847	5423.5
at9744_1_chr1	11093780	11143137	chr1_nbh07	1	5841	5841
at9744_1_chr1	12005382	12031090	chr1_nbh10	1	3019	3019
at9744_1_chr1	18592177	18644933	chr1_nbh13	1	951	951
at9744_1_chr1	18963742	19012257	chr1_nbh15	1	3971	3971
at9744_1_chr1	19655081	19682759	chr1_nbh16	1	2808	2808
at9744_1_chr1	20916285	20925480	chr1_nbh17	1	3223	3223
at9744_1_chr1	21306731	21335678	chr1_nbh18	1	3761	3761
at9744_1_chr1	21397905	21423487	chr1_nbh19	1	3448	3448
at9744_1_chr1	21928761	21934729	chr1_nbh20	1	1321	1321
at9744_1_chr1	22023549	22028895	chr1_nbh21	1	706	706
at9744_1_chr1	22213752	22224314	chr1_nbh22	1	3250	3250
at9744_1_chr1	23503291	23557982	chr1_nbh25	3	12828	4276
at9744_1_chr1	23691272	23769378	chr1_nbh26	2	6190	3095
at9744_1_chr1	24000093	24043405	chr1_nbh27	1	3935	3935
at9744_1_chr1	24051344	24301974	chr1_nbh28	5	38236	7647.2
at9744_1_chr1	24987473	25083665	chr1_nbh32	2	8655	4327.5
at9744_1_chr1	25616608	26067520	chr1_nbh35	6	18933	3155.5
at9744_1_chr1	26196198	26302440	chr1_nbh36	8	29994	3749.25
at9744_1_chr1	26342384	26360785	chr1_nbh37	1	3779	3779
at9744_1_chr1	26854719	26872513	chr1_nbh39	1	2108	2108
at9744_1_chr1	27063158	27070837	chr1_nbh40	1	3873	3873
at9744_1_chr1	27166027	27174048	chr1_nbh41	1	2862	2862
at9744_1_chr1	28703169	28731088	chr1_nbh42	1	5639	5639
at9744_1_chr1	29975515	30013786	chr1_nbh43	9	20408	2267.555556
at9762_1_chr1	3151319	3156480	chr1_nbh01	1	575	575
at9762_1_chr1	3666692	3672847	chr1_nbh02	1	3489	3489
at9762_1_chr1	4167172	4220491	chr1_nbh03	4	14183	3545.75
at9762_1_chr1	5481412	5511836	chr1_nbh04	1	3865	3865
at9762_1_chr1	6055279	6069115	chr1_nbh05	3	6505	2168.333333
at9762_1_chr1	9314179	9336570	chr1_nbh06	1	5942	5942
at9762_1_chr1	11275982	11317855	chr1_nbh07	1	6011	6011
at9762_1_chr1	20804042	20872246	chr1_nbh14	1	3721	3721
at9762_1_chr1	22915842	22934281	chr1_nbh17	1	3188	3188
at9762_1_chr1	23964320	23973204	chr1_nbh20	1	1322	1322
at9762_1_chr1	24059313	24064641	chr1_nbh21	1	706	706
at9762_1_chr1	24249407	24264963	chr1_nbh22	1	3397	3397
at9762_1_chr1	25520934	25533528	chr1_nbh24	1	297	297
at9762_1_chr1	25535213	25581441	chr1_nbh25	4	18619	4654.75
at9762_1_chr1	25709275	25795494	chr1_nbh26	3	7339	2446.333333
at9762_1_chr1	26033517	26080460	chr1_nbh27	1	3868	3868
at9762_1_chr1	26088303	26321784	chr1_nbh28	3	9692	3230.666667
at9762_1_chr1	26380380	26395617	chr1_nbh29	1	3574	3574
at9762_1_chr1	26552777	26583909	chr1_nbh30	1	516	516
at9762_1_chr1	26882164	26985177	chr1_nbh32	4	13271	3317.75
at9762_1_chr1	27539840	27881153	chr1_nbh35	4	13553	3388.25
at9762_1_chr1	28010937	28103026	chr1_nbh36	4	16516	4129
at9762_1_chr1	28146247	28164622	chr1_nbh37	1	3492	3492
at9762_1_chr1	28676225	28694895	chr1_nbh39	1	2235	2235
at9762_1_chr1	28880578	28888269	chr1_nbh40	1	3904	3904
at9762_1_chr1	30519137	30547304	chr1_nbh42	1	5609	5609
at9762_1_chr1	31818469	31856955	chr1_nbh43	9	20547	2283
at9806_1_chr1	3141269	3146050	chr1_nbh01	1	580	580
at9806_1_chr1	3657776	3663937	chr1_nbh02	1	3501	3501
at9806_1_chr1	4145998	4197805	chr1_nbh03	4	13484	3371
at9806_1_chr1	6034816	6048110	chr1_nbh05	3	6582	2194
at9806_1_chr1	9290499	9307760	chr1_nbh06	2	11182	5591
at9806_1_chr1	11115186	11163061	chr1_nbh07	1	5360	5360
at9806_1_chr1	12052990	12080841	chr1_nbh10	1	3834	3834
at9806_1_chr1	23244431	23273387	chr1_nbh18	1	3764	3764
at9806_1_chr1	23334773	23353303	chr1_nbh19	1	3451	3451
at9806_1_chr1	23855531	23864432	chr1_nbh20	1	1322	1322
at9806_1_chr1	23946978	23952321	chr1_nbh21	1	706	706
at9806_1_chr1	24134847	24145435	chr1_nbh22	1	3286	3286
at9806_1_chr1	25396989	25425846	chr1_nbh25	2	8484	4242
at9806_1_chr1	25569553	25657697	chr1_nbh26	3	6382	2127.333333
at9806_1_chr1	25906186	25957309	chr1_nbh27	1	2956	2956
at9806_1_chr1	25969401	26154346	chr1_nbh28	3	13635	4545
at9806_1_chr1	26214706	26231474	chr1_nbh29	1	3230	3230
at9806_1_chr1	26378422	26405711	chr1_nbh30	1	516	516
at9806_1_chr1	26700051	26715556	chr1_nbh31	1	909	909
at9806_1_chr1	26727481	26832684	chr1_nbh32	4	12757	3189.25
at9806_1_chr1	27361472	27718928	chr1_nbh35	3	9499	3166.333333
at9806_1_chr1	27853462	27951249	chr1_nbh36	6	22904	3817.333333
at9806_1_chr1	27991285	28009637	chr1_nbh37	1	3502	3502
at9806_1_chr1	28522668	28539925	chr1_nbh39	1	2062	2062
at9806_1_chr1	28727595	28735196	chr1_nbh40	1	3874	3874
at9806_1_chr1	28828168	28837559	chr1_nbh41	1	3634	3634
at9806_1_chr1	30382667	30414483	chr1_nbh42	1	4948	4948
at9806_1_chr1	31646267	31682831	chr1_nbh43	9	16229	1803.222222
at9830_1_chr1	3133540	3138318	chr1_nbh01	1	580	580
at9830_1_chr1	3653558	3659716	chr1_nbh02	1	3500	3500
at9830_1_chr1	4154741	4215217	chr1_nbh03	4	16010	4002.5
at9830_1_chr1	5469078	5499538	chr1_nbh04	1	4551	4551
at9830_1_chr1	6067497	6080820	chr1_nbh05	3	6768	2256
at9830_1_chr1	9338075	9349446	chr1_nbh06	1	5812	5812
at9830_1_chr1	11195386	11242695	chr1_nbh07	1	5360	5360
at9830_1_chr1	12097094	12124997	chr1_nbh10	1	3014	3014
at9830_1_chr1	12305677	12410532	chr1_nbh12	1	4625	4625
at9830_1_chr1	21147913	21156885	chr1_nbh17	1	3090	3090
at9830_1_chr1	21543981	21574147	chr1_nbh18	1	4012	4012
at9830_1_chr1	21633355	21651887	chr1_nbh19	1	3458	3458
at9830_1_chr1	22162775	22171330	chr1_nbh20	1	1322	1322
at9830_1_chr1	22252121	22257456	chr1_nbh21	1	706	706
at9830_1_chr1	22454765	22465302	chr1_nbh22	1	3253	3253
at9830_1_chr1	23720640	23776561	chr1_nbh25	3	14527	4842.333333
at9830_1_chr1	23909347	23997911	chr1_nbh26	3	6665	2221.666667
at9830_1_chr1	24249789	24289538	chr1_nbh27	1	3823	3823
at9830_1_chr1	24298010	24506846	chr1_nbh28	2	23486	11743
at9830_1_chr1	24740097	24767503	chr1_nbh30	1	516	516
at9830_1_chr1	25132054	25147927	chr1_nbh31	1	895	895
at9830_1_chr1	25159968	25252483	chr1_nbh32	2	6290	3145
at9830_1_chr1	25786512	26126538	chr1_nbh35	2	7311	3655.5
at9830_1_chr1	26257553	26351196	chr1_nbh36	5	24564	4912.8
at9830_1_chr1	26390871	26409300	chr1_nbh37	1	3770	3770
at9830_1_chr1	26921489	26939481	chr1_nbh39	1	2252	2252
at9830_1_chr1	27124232	27131905	chr1_nbh40	1	3873	3873
at9830_1_chr1	27229756	27237910	chr1_nbh41	1	2698	2698
at9830_1_chr1	28772098	28798170	chr1_nbh42	1	4046	4046
at9830_1_chr1	30041679	30102792	chr1_nbh43	13	28010	2154.615385
at9847_1_chr1	3119948	3125116	chr1_nbh01	1	575	575
at9847_1_chr1	3633605	3639765	chr1_nbh02	1	3506	3506
at9847_1_chr1	4122911	4174157	chr1_nbh03	3	10241	3413.666667
at9847_1_chr1	5440753	5471240	chr1_nbh04	1	3739	3739
at9847_1_chr1	6029235	6042568	chr1_nbh05	3	6548	2182.666667
at9847_1_chr1	9298041	9316000	chr1_nbh06	2	12235	6117.5
at9847_1_chr1	11136530	11173078	chr1_nbh07	1	5322	5322
at9847_1_chr1	12029011	12054764	chr1_nbh10	1	2955	2955
at9847_1_chr1	12278904	12360681	chr1_nbh12	1	4394	4394
at9847_1_chr1	18662836	18691411	chr1_nbh16	1	2806	2806
at9847_1_chr1	19906188	19915167	chr1_nbh17	1	3053	3053
at9847_1_chr1	20386498	20412089	chr1_nbh19	1	3451	3451
at9847_1_chr1	20912996	20918935	chr1_nbh20	1	1322	1322
at9847_1_chr1	21004353	21009677	chr1_nbh21	1	706	706
at9847_1_chr1	21189766	21200021	chr1_nbh22	1	3459	3459
at9847_1_chr1	22431535	22492886	chr1_nbh25	3	15885	5295
at9847_1_chr1	22635010	22724426	chr1_nbh26	3	6403	2134.333333
at9847_1_chr1	22943092	22984821	chr1_nbh27	2	7466	3733
at9847_1_chr1	22996915	23213698	chr1_nbh28	5	23456	4691.2
at9847_1_chr1	23812201	23910428	chr1_nbh32	3	11828	3942.666667
at9847_1_chr1	24464231	24788641	chr1_nbh35	1	3663	3663
at9847_1_chr1	24917945	25017741	chr1_nbh36	6	23648	3941.333333
at9847_1_chr1	25059226	25077586	chr1_nbh37	1	3501	3501
at9847_1_chr1	25582730	25600722	chr1_nbh39	1	2274	2274
at9847_1_chr1	25784341	25791951	chr1_nbh40	1	3875	3875
at9847_1_chr1	25888158	25897548	chr1_nbh41	1	2788	2788
at9847_1_chr1	27425150	27453460	chr1_nbh42	1	5541	5541
at9847_1_chr1	28705157	28743784	chr1_nbh43	10	19006	1900.6
at9852_1_chr1	3148661	3153437	chr1_nbh01	1	580	580
at9852_1_chr1	3658437	3664598	chr1_nbh02	1	3500	3500
at9852_1_chr1	4146752	4195752	chr1_nbh03	2	5774	2887
at9852_1_chr1	5486321	5520209	chr1_nbh04	1	4146	4146
at9852_1_chr1	6067975	6081285	chr1_nbh05	3	6714	2238
at9852_1_chr1	9335621	9353580	chr1_nbh06	2	10740	5370
at9852_1_chr1	11132927	11183727	chr1_nbh07	1	5341	5341
at9852_1_chr1	12039366	12066573	chr1_nbh10	1	3121	3121
at9852_1_chr1	12290158	12377654	chr1_nbh12	1	8300	8300
at9852_1_chr1	19621896	19725905	chr1_nbh15	1	4075	4075
at9852_1_chr1	20328985	20357580	chr1_nbh16	1	2806	2806
at9852_1_chr1	21569880	21578981	chr1_nbh17	1	3138	3138
at9852_1_chr1	22569629	22575930	chr1_nbh20	1	1322	1322
at9852_1_chr1	22656847	22662183	chr1_nbh21	1	706	706
at9852_1_chr1	22850725	22860978	chr1_nbh22	1	3393	3393
at9852_1_chr1	24119759	24165629	chr1_nbh25	4	19583	4895.75
at9852_1_chr1	24304282	24389167	chr1_nbh26	4	7047	1761.75
at9852_1_chr1	24611456	24657983	chr1_nbh27	2	7193	3596.5
at9852_1_chr1	24665855	24887162	chr1_nbh28	6	27324	4554
at9852_1_chr1	25098667	25133188	chr1_nbh30	1	516	516
at9852_1_chr1	25416640	25503173	chr1_nbh32	3	9714	3238
at9852_1_chr1	26049762	26366009	chr1_nbh35	1	3100	3100
at9852_1_chr1	26496530	26603880	chr1_nbh36	7	27711	3958.714286
at9852_1_chr1	26652207	26673792	chr1_nbh37	1	3501	3501
at9852_1_chr1	27176537	27194539	chr1_nbh39	1	2275	2275
at9852_1_chr1	27384841	27392448	chr1_nbh40	1	3874	3874
at9852_1_chr1	27487655	27497097	chr1_nbh41	1	2682	2682
at9852_1_chr1	29014727	29041233	chr1_nbh42	1	3964	3964
at9852_1_chr1	30286495	30325736	chr1_nbh43	8	18243	2280.375
at9879_1_chr1	3142206	3147368	chr1_nbh01	1	575	575
at9879_1_chr1	3677536	3683696	chr1_nbh02	1	3500	3500
at9879_1_chr1	4175674	4224658	chr1_nbh03	3	9955	3318.333333
at9879_1_chr1	5491950	5522268	chr1_nbh04	1	2972	2972
at9879_1_chr1	6078060	6092150	chr1_nbh05	3	6567	2189
at9879_1_chr1	9394226	9412010	chr1_nbh06	2	10806	5403
at9879_1_chr1	11198772	11240190	chr1_nbh07	1	5329	5329
at9879_1_chr1	11774639	11787859	chr1_nbh09	1	3591	3591
at9879_1_chr1	12089975	12115633	chr1_nbh10	1	3046	3046
at9879_1_chr1	12456898	12561610	chr1_nbh12	1	4568	4568
at9879_1_chr1	19755440	19825881	chr1_nbh13	1	1699	1699
at9879_1_chr1	22044818	22053791	chr1_nbh17	1	3051	3051
at9879_1_chr1	22547685	22561823	chr1_nbh19	1	3173	3173
at9879_1_chr1	23087947	23096500	chr1_nbh20	1	1322	1322
at9879_1_chr1	23180114	23185460	chr1_nbh21	1	706	706
at9879_1_chr1	23387302	23397822	chr1_nbh22	1	3209	3209
at9879_1_chr1	24577391	24591377	chr1_nbh23	1	3221	3221
at9879_1_chr1	24670472	24736902	chr1_nbh25	3	15546	5182
at9879_1_chr1	24871603	24958223	chr1_nbh26	3	4005	1335
at9879_1_chr1	25208880	25254926	chr1_nbh27	1	2954	2954
at9879_1_chr1	25262778	25478360	chr1_nbh28	5	26865	5373
at9879_1_chr1	26128653	26233079	chr1_nbh32	3	9746	3248.666667
at9879_1_chr1	26791728	27130825	chr1_nbh35	2	6345	3172.5
at9879_1_chr1	27259840	27360558	chr1_nbh36	7	27544	3934.857143
at9879_1_chr1	27404642	27423109	chr1_nbh37	1	3567	3567
at9879_1_chr1	27935171	27953171	chr1_nbh39	1	2205	2205
at9879_1_chr1	28152524	28160163	chr1_nbh40	1	3752	3752
at9879_1_chr1	28257432	28269705	chr1_nbh41	1	2755	2755
at9879_1_chr1	29809067	29836943	chr1_nbh42	1	5680	5680
at9879_1_chr1	31087344	31126609	chr1_nbh43	8	18472	2309
at9883_1_chr1	3140606	3145774	chr1_nbh01	1	575	575
at9883_1_chr1	3652545	3658703	chr1_nbh02	1	3500	3500
at9883_1_chr1	4139392	4191200	chr1_nbh03	4	14219	3554.75
at9883_1_chr1	5458421	5488922	chr1_nbh04	1	3852	3852
at9883_1_chr1	6046651	6059942	chr1_nbh05	3	6564	2188
at9883_1_chr1	9262505	9280520	chr1_nbh06	2	12171	6085.5
at9883_1_chr1	11115903	11157955	chr1_nbh07	1	5401	5401
at9883_1_chr1	11999897	12027166	chr1_nbh10	1	3079	3079
at9883_1_chr1	22382028	22410833	chr1_nbh18	1	3156	3156
at9883_1_chr1	22475031	22493362	chr1_nbh19	1	3453	3453
at9883_1_chr1	22986743	22992700	chr1_nbh20	1	1322	1322
at9883_1_chr1	23078427	23083763	chr1_nbh21	1	706	706
at9883_1_chr1	23268580	23279127	chr1_nbh22	1	3252	3252
at9883_1_chr1	24523187	24548679	chr1_nbh25	3	14123	4707.666667
at9883_1_chr1	24680305	24767961	chr1_nbh26	4	8164	2041
at9883_1_chr1	24991557	25032746	chr1_nbh27	2	5819	2909.5
at9883_1_chr1	25040620	25299962	chr1_nbh28	6	26984	4497.333333
at9883_1_chr1	25515899	25543317	chr1_nbh30	1	516	516
at9883_1_chr1	25791057	25809511	chr1_nbh31	1	909	909
at9883_1_chr1	25821424	25908848	chr1_nbh32	3	9781	3260.333333
at9883_1_chr1	26187518	26201469	chr1_nbh33	1	2475	2475
at9883_1_chr1	26452738	26798676	chr1_nbh35	4	13307	3326.75
at9883_1_chr1	26935227	27034769	chr1_nbh36	6	23994	3999
at9883_1_chr1	27586040	27603047	chr1_nbh39	1	2218	2218
at9883_1_chr1	27894960	27904349	chr1_nbh41	1	2782	2782
at9883_1_chr1	29421994	29450083	chr1_nbh42	1	5678	5678
at9883_1_chr1	30686665	30722009	chr1_nbh43	7	17705	2529.285714
at9900_1_chr1	3147375	3152541	chr1_nbh01	1	575	575
at9900_1_chr1	3666850	3673010	chr1_nbh02	1	3500	3500
at9900_1_chr1	4157743	4206761	chr1_nbh03	3	9462	3154
at9900_1_chr1	5483519	5514020	chr1_nbh04	1	3765	3765
at9900_1_chr1	6069083	6082371	chr1_nbh05	3	6530	2176.666667
at9900_1_chr1	9306541	9324499	chr1_nbh06	2	12179	6089.5
at9900_1_chr1	11135984	11176110	chr1_nbh07	1	5345	5345
at9900_1_chr1	12042937	12069415	chr1_nbh10	1	2949	2949
at9900_1_chr1	12269395	12358913	chr1_nbh12	1	4633	4633
at9900_1_chr1	19586144	19682003	chr1_nbh15	1	3831	3831
at9900_1_chr1	20351596	20379614	chr1_nbh16	1	2795	2795
at9900_1_chr1	21548866	21557856	chr1_nbh17	1	3221	3221
at9900_1_chr1	22033196	22051745	chr1_nbh19	1	3451	3451
at9900_1_chr1	22554977	22560930	chr1_nbh20	1	1322	1322
at9900_1_chr1	22641817	22647151	chr1_nbh21	1	706	706
at9900_1_chr1	22831514	22842016	chr1_nbh22	1	3246	3246
at9900_1_chr1	24099173	24156223	chr1_nbh25	3	13944	4648
at9900_1_chr1	24299263	24393659	chr1_nbh26	3	6517	2172.333333
at9900_1_chr1	24618552	24662951	chr1_nbh27	1	3672	3672
at9900_1_chr1	24670880	24896590	chr1_nbh28	5	34921	6984.2
at9900_1_chr1	25109234	25136284	chr1_nbh30	1	516	516
at9900_1_chr1	25436996	25526011	chr1_nbh32	3	9552	3184
at9900_1_chr1	26066058	26399528	chr1_nbh35	2	10455	5227.5
at9900_1_chr1	26534065	26636489	chr1_nbh36	6	23406	3901
at9900_1_chr1	26680414	26698844	chr1_nbh37	1	3770	3770
at9900_1_chr1	27207296	27225157	chr1_nbh39	1	2144	2144
at9900_1_chr1	27415817	27423488	chr1_nbh40	1	3874	3874
at9900_1_chr1	27521343	27533595	chr1_nbh41	1	2816	2816
at9900_1_chr1	29075340	29102300	chr1_nbh42	1	4993	4993
at9900_1_chr1	30347804	30383914	chr1_nbh43	8	15905	1988.125
at6923_1_chr2	1016535	1882573	chr2_nbh01	2	1573	786.5
at6923_1_chr2	8251213	8326848	chr2_nbh04	1	4501	4501
at6923_1_chr2	9597540	9741509	chr2_nbh05	2	8411	4205.5
at6923_1_chr2	11009664	11014731	chr2_nbh06	1	1716	1716
at6923_1_chr2	12690159	12706471	chr2_nbh07	2	9077	4538.5
at6929_1_chr2	957490	1837094	chr2_nbh01	1	752	752
at6929_1_chr2	8908567	9054730	chr2_nbh04	1	5364	5364
at6929_1_chr2	10404131	10541617	chr2_nbh05	2	11675	5837.5
at6929_1_chr2	11801511	11806993	chr2_nbh06	1	1270	1270
at6929_1_chr2	13484757	13501057	chr2_nbh07	2	8991	4495.5
at7143_1_chr2	906151	1792086	chr2_nbh01	2	1513	756.5
at7143_1_chr2	7218237	7318062	chr2_nbh04	1	6374	6374
at7143_1_chr2	8633645	8779437	chr2_nbh05	3	13176	4392
at7143_1_chr2	10024535	10029789	chr2_nbh06	1	1908	1908
at7143_1_chr2	13120409	13132245	chr2_nbh09	1	5403	5403
at8285_1_chr2	1057256	1870534	chr2_nbh01	2	1512	756
at8285_1_chr2	8562893	8810864	chr2_nbh03	1	3549	3549
at8285_1_chr2	9123056	9260087	chr2_nbh04	1	4438	4438
at8285_1_chr2	10613483	10749001	chr2_nbh05	2	8174	4087
at8285_1_chr2	12039764	12045247	chr2_nbh06	1	1738	1738
at8285_1_chr2	13720446	13736757	chr2_nbh07	2	8969	4484.5
at9104_1_chr2	1066475	1947566	chr2_nbh01	4	3035	758.75
at9104_1_chr2	9006723	9241673	chr2_nbh03	1	3549	3549
at9104_1_chr2	9537575	9703290	chr2_nbh04	1	10682	10682
at9104_1_chr2	11016948	11168420	chr2_nbh05	2	4876	2438
at9104_1_chr2	12431669	12436736	chr2_nbh06	1	1269	1269
at9104_1_chr2	14138005	14154351	chr2_nbh07	2	8997	4498.5
at9336_1_chr2	946635	1832305	chr2_nbh01	2	1513	756.5
at9336_1_chr2	8301031	8611057	chr2_nbh03	1	3549	3549
at9336_1_chr2	8956102	9094408	chr2_nbh04	1	5124	5124
at9336_1_chr2	10405652	10550682	chr2_nbh05	2	8178	4089
at9336_1_chr2	11823703	11828770	chr2_nbh06	1	1729	1729
at9503_1_chr2	1021848	1889897	chr2_nbh01	2	1510	755
at9503_1_chr2	8464361	8564178	chr2_nbh04	1	4552	4552
at9503_1_chr2	9857687	10001654	chr2_nbh05	2	8226	4113
at9503_1_chr2	11274428	11279856	chr2_nbh06	1	1886	1886
at9503_1_chr2	12976956	12993309	chr2_nbh07	2	9066	4533
at9503_1_chr2	14349592	14361466	chr2_nbh09	1	4111	4111
at9578_1_chr2	1168649	2107684	chr2_nbh01	2	1508	754
at9578_1_chr2	7178617	7437067	chr2_nbh03	1	3435	3435
at9578_1_chr2	7798966	7919160	chr2_nbh04	1	4557	4557
at9578_1_chr2	9265018	9408912	chr2_nbh05	2	8156	4078
at9578_1_chr2	10691162	10696196	chr2_nbh06	1	1748	1748
at9578_1_chr2	12375468	12391768	chr2_nbh07	2	9026	4513
at9578_1_chr2	13798096	13809932	chr2_nbh09	1	5270	5270
at9744_1_chr2	1096533	1965335	chr2_nbh01	2	1515	757.5
at9744_1_chr2	7007466	7130112	chr2_nbh04	1	8488	8488
at9744_1_chr2	8376161	8511890	chr2_nbh05	2	8488	4244
at9744_1_chr2	9793911	9798989	chr2_nbh06	1	1269	1269
at9762_1_chr2	1292804	2107796	chr2_nbh01	2	1513	756.5
at9762_1_chr2	8401045	8663068	chr2_nbh03	1	3549	3549
at9762_1_chr2	8985712	9138347	chr2_nbh04	1	5071	5071
at9762_1_chr2	10383208	10522835	chr2_nbh05	2	8207	4103.5
at9762_1_chr2	11817691	11822791	chr2_nbh06	1	1269	1269
at9762_1_chr2	13887481	13903158	chr2_nbh08	1	2916	2916
at9806_1_chr2	1018720	1895475	chr2_nbh01	3	2641	880.3333333
at9806_1_chr2	8318041	8438242	chr2_nbh04	1	4510	4510
at9806_1_chr2	9788380	9926498	chr2_nbh05	2	8299	4149.5
at9806_1_chr2	11199605	11204672	chr2_nbh06	1	1269	1269
at9830_1_chr2	1058871	1932554	chr2_nbh01	2	1515	757.5
at9830_1_chr2	7929540	8094280	chr2_nbh04	1	5107	5107
at9830_1_chr2	9332124	9470455	chr2_nbh05	2	8266	4133
at9830_1_chr2	10724894	10729962	chr2_nbh06	1	1269	1269
at9830_1_chr2	12414999	12431298	chr2_nbh07	2	8956	4478
at9847_1_chr2	882193	1766312	chr2_nbh01	2	1510	755
at9847_1_chr2	8798372	8944282	chr2_nbh04	1	4486	4486
at9847_1_chr2	10349529	10487342	chr2_nbh05	2	8343	4171.5
at9847_1_chr2	11781097	11786174	chr2_nbh06	1	1269	1269
at9847_1_chr2	14883146	14894982	chr2_nbh09	1	4731	4731
at9852_1_chr2	952777	1829628	chr2_nbh01	1	755	755
at9852_1_chr2	8879759	9179431	chr2_nbh03	1	3378	3378
at9852_1_chr2	9464101	9597962	chr2_nbh04	1	5314	5314
at9852_1_chr2	10853076	11002157	chr2_nbh05	2	8637	4318.5
at9852_1_chr2	12297068	12302145	chr2_nbh06	1	1269	1269
at9852_1_chr2	14042551	14058861	chr2_nbh07	2	9065	4532.5
at9852_1_chr2	15452140	15463974	chr2_nbh09	1	5270	5270
at9879_1_chr2	1317752	1964302	chr2_nbh01	2	1510	755
at9879_1_chr2	10174110	10507847	chr2_nbh03	1	3558	3558
at9879_1_chr2	10796771	10927544	chr2_nbh04	1	5203	5203
at9879_1_chr2	12221560	12356806	chr2_nbh05	2	8075	4037.5
at9879_1_chr2	13612648	13617729	chr2_nbh06	1	1270	1270
at9879_1_chr2	15664025	15677870	chr2_nbh08	1	2916	2916
at9883_1_chr2	1028294	1938069	chr2_nbh01	2	1510	755
at9883_1_chr2	8801055	9036858	chr2_nbh03	1	3447	3447
at9883_1_chr2	9368063	9504769	chr2_nbh04	1	4573	4573
at9883_1_chr2	10805605	10948426	chr2_nbh05	2	8248	4124
at9883_1_chr2	12222373	12227450	chr2_nbh06	1	1738	1738
at9900_1_chr2	1005349	1845276	chr2_nbh01	2	1513	756.5
at9900_1_chr2	7857557	8047051	chr2_nbh03	1	3435	3435
at9900_1_chr2	8315394	8435746	chr2_nbh04	1	4229	4229
at9900_1_chr2	9722515	9857849	chr2_nbh05	2	8481	4240.5
at9900_1_chr2	11122488	11127565	chr2_nbh06	1	1761	1761
at9900_1_chr2	12800844	12817154	chr2_nbh07	2	9044	4522
at6923_1_chr3	981977	1001138	chr3_nbh01	2	7250	3625
at6923_1_chr3	1110630	1122475	chr3_nbh02	2	5412	2706
at6923_1_chr3	2232567	2243367	chr3_nbh03	1	3315	3315
at6923_1_chr3	4855491	4871066	chr3_nbh04	2	13454	6727
at6923_1_chr3	5305164	5308809	chr3_nbh05	1	1241	1241
at6923_1_chr3	9253652	9268942	chr3_nbh06	1	4840	4840
at6923_1_chr3	9671174	9677250	chr3_nbh07	1	1545	1545
at6923_1_chr3	11306971	11477970	chr3_nbh08	1	4185	4185
at6923_1_chr3	21369718	21671852	chr3_nbh12	7	33130	4732.857143
at6923_1_chr3	22454693	22564054	chr3_nbh13	3	8287	2762.333333
at6923_1_chr3	23450950	23694226	chr3_nbh14	1	3343	3343
at6923_1_chr3	24081995	24128634	chr3_nbh15	14	11702	835.8571429
at6923_1_chr3	24306087	24312273	chr3_nbh16	1	3208	3208
at6923_1_chr3	24490916	24505246	chr3_nbh17	2	8205	4102.5
at6929_1_chr3	993352	1008790	chr3_nbh01	1	3617	3617
at6929_1_chr3	1116315	1128146	chr3_nbh02	2	5455	2727.5
at6929_1_chr3	2235312	2246071	chr3_nbh03	1	3324	3324
at6929_1_chr3	4868076	4883671	chr3_nbh04	2	7830	3915
at6929_1_chr3	5326543	5330188	chr3_nbh05	1	1241	1241
at6929_1_chr3	9255088	9270275	chr3_nbh06	2	7488	3744
at6929_1_chr3	9701744	9707705	chr3_nbh07	1	1544	1544
at6929_1_chr3	18287288	18633539	chr3_nbh12	7	33081	4725.857143
at6929_1_chr3	19452798	19566802	chr3_nbh13	3	8155	2718.333333
at6929_1_chr3	21079340	21105338	chr3_nbh15	5	4352	870.4
at6929_1_chr3	21282318	21288500	chr3_nbh16	1	3120	3120
at6929_1_chr3	21465937	21480263	chr3_nbh17	2	8205	4102.5
at7143_1_chr3	983162	995329	chr3_nbh01	1	4537	4537
at7143_1_chr3	1102998	1114839	chr3_nbh02	2	5420	2710
at7143_1_chr3	4855843	4871410	chr3_nbh04	2	8096	4048
at7143_1_chr3	5314958	5318602	chr3_nbh05	1	1241	1241
at7143_1_chr3	9236726	9255754	chr3_nbh06	2	7586	3793
at7143_1_chr3	9678869	9684943	chr3_nbh07	1	1545	1545
at7143_1_chr3	11273930	11443321	chr3_nbh08	1	4205	4205
at7143_1_chr3	18375426	18822476	chr3_nbh12	15	61627	4108.466667
at7143_1_chr3	19639094	19758169	chr3_nbh13	3	8795	2931.666667
at7143_1_chr3	20691424	20929840	chr3_nbh14	1	3181	3181
at7143_1_chr3	21322962	21377472	chr3_nbh15	18	13383	743.5
at7143_1_chr3	21560508	21566693	chr3_nbh16	1	3374	3374
at7143_1_chr3	21744227	21757904	chr3_nbh17	2	8205	4102.5
at8285_1_chr3	989455	1003777	chr3_nbh01	1	3865	3865
at8285_1_chr3	1111360	1123190	chr3_nbh02	2	5801	2900.5
at8285_1_chr3	2231717	2242365	chr3_nbh03	1	3294	3294
at8285_1_chr3	4836315	4852006	chr3_nbh04	2	7746	3873
at8285_1_chr3	5309700	5313345	chr3_nbh05	1	1241	1241
at8285_1_chr3	9268300	9283500	chr3_nbh06	2	6785	3392.5
at8285_1_chr3	9693495	9699637	chr3_nbh07	1	1546	1546
at8285_1_chr3	11269707	11433758	chr3_nbh08	1	4217	4217
at8285_1_chr3	18986022	19092325	chr3_nbh10	2	5704	2852
at8285_1_chr3	19255627	19558265	chr3_nbh12	7	35611	5087.285714
at8285_1_chr3	20381183	20496578	chr3_nbh13	4	11186	2796.5
at8285_1_chr3	21432718	21686783	chr3_nbh14	1	2852	2852
at8285_1_chr3	22058457	22115627	chr3_nbh15	17	12798	752.8235294
at8285_1_chr3	22299424	22305603	chr3_nbh16	1	3156	3156
at8285_1_chr3	22487623	22501347	chr3_nbh17	2	7991	3995.5
at9104_1_chr3	996325	1008471	chr3_nbh01	1	3613	3613
at9104_1_chr3	1119686	1131549	chr3_nbh02	2	5412	2706
at9104_1_chr3	2389714	2400349	chr3_nbh03	1	3253	3253
at9104_1_chr3	4986410	5001943	chr3_nbh04	2	13426	6713
at9104_1_chr3	5453380	5457016	chr3_nbh05	1	1241	1241
at9104_1_chr3	9403440	9418717	chr3_nbh06	2	7585	3792.5
at9104_1_chr3	9809937	9816010	chr3_nbh07	1	1545	1545
at9104_1_chr3	11402698	11564439	chr3_nbh08	1	3814	3814
at9104_1_chr3	19950661	20334529	chr3_nbh12	11	42655	3877.727273
at9104_1_chr3	21122056	21236528	chr3_nbh13	3	8259	2753
at9104_1_chr3	22112566	22354539	chr3_nbh14	1	2834	2834
at9104_1_chr3	22744748	22795481	chr3_nbh15	16	13861	866.3125
at9104_1_chr3	22974187	22980369	chr3_nbh16	1	3119	3119
at9104_1_chr3	23157578	23171917	chr3_nbh17	2	8205	4102.5
at9336_1_chr3	989584	1014588	chr3_nbh01	3	12227	4075.666667
at9336_1_chr3	1124654	1136490	chr3_nbh02	2	5528	2764
at9336_1_chr3	2275736	2286495	chr3_nbh03	1	3337	3337
at9336_1_chr3	4913987	4929578	chr3_nbh04	2	8753	4376.5
at9336_1_chr3	5364569	5368214	chr3_nbh05	1	1241	1241
at9336_1_chr3	9300459	9315682	chr3_nbh06	2	6707	3353.5
at9336_1_chr3	9707909	9715065	chr3_nbh07	1	1528	1528
at9336_1_chr3	11302869	11451458	chr3_nbh08	1	4449	4449
at9336_1_chr3	19201684	19357631	chr3_nbh09	1	4290	4290
at9336_1_chr3	19577943	19902222	chr3_nbh12	10	46278	4627.8
at9336_1_chr3	20709819	20825032	chr3_nbh13	4	11206	2801.5
at9336_1_chr3	21726398	21966589	chr3_nbh14	1	3128	3128
at9336_1_chr3	22357007	22380492	chr3_nbh15	4	3885	971.25
at9336_1_chr3	22563604	22569788	chr3_nbh16	1	3413	3413
at9336_1_chr3	22747717	22762061	chr3_nbh17	2	8205	4102.5
at9503_1_chr3	987070	999231	chr3_nbh01	1	3613	3613
at9503_1_chr3	1110877	1122649	chr3_nbh02	2	5178	2589
at9503_1_chr3	2237538	2248207	chr3_nbh03	1	3256	3256
at9503_1_chr3	4877128	4892726	chr3_nbh04	2	13224	6612
at9503_1_chr3	5336000	5339645	chr3_nbh05	1	1241	1241
at9503_1_chr3	9284186	9299392	chr3_nbh06	2	7583	3791.5
at9503_1_chr3	9715538	9721614	chr3_nbh07	1	1545	1545
at9503_1_chr3	11349506	11511909	chr3_nbh08	1	3813	3813
at9503_1_chr3	20225083	20398587	chr3_nbh09	1	5503	5503
at9503_1_chr3	20601648	20912753	chr3_nbh12	9	33688	3743.111111
at9503_1_chr3	21687526	21796881	chr3_nbh13	3	8245	2748.333333
at9503_1_chr3	23293737	23344591	chr3_nbh15	16	12749	796.8125
at9503_1_chr3	23533683	23539864	chr3_nbh16	1	3413	3413
at9503_1_chr3	23718023	23732369	chr3_nbh17	2	8205	4102.5
at9578_1_chr3	983044	995205	chr3_nbh01	1	3715	3715
at9578_1_chr3	1107057	1118901	chr3_nbh02	2	5432	2716
at9578_1_chr3	2233824	2244459	chr3_nbh03	1	3308	3308
at9578_1_chr3	4853360	4868939	chr3_nbh04	2	8102	4051
at9578_1_chr3	5334439	5338084	chr3_nbh05	1	1241	1241
at9578_1_chr3	9312679	9327943	chr3_nbh06	2	7693	3846.5
at9578_1_chr3	11374203	11512534	chr3_nbh08	1	2962	2962
at9578_1_chr3	18474117	18644535	chr3_nbh09	1	5508	5508
at9578_1_chr3	18900436	19227620	chr3_nbh12	9	47276	5252.888889
at9578_1_chr3	20042479	20162841	chr3_nbh13	3	8367	2789
at9578_1_chr3	21669679	21694749	chr3_nbh15	4	3399	849.75
at9578_1_chr3	21885008	21891184	chr3_nbh16	1	3117	3117
at9578_1_chr3	22070082	22084420	chr3_nbh17	2	8205	4102.5
at9744_1_chr3	999248	1014667	chr3_nbh01	1	3746	3746
at9744_1_chr3	1122238	1134066	chr3_nbh02	2	5742	2871
at9744_1_chr3	2239653	2250331	chr3_nbh03	1	3424	3424
at9744_1_chr3	4864620	4880200	chr3_nbh04	2	7829	3914.5
at9744_1_chr3	5330121	5333766	chr3_nbh05	1	1241	1241
at9744_1_chr3	9295259	9310495	chr3_nbh06	2	7820	3910
at9744_1_chr3	9730949	9737023	chr3_nbh07	1	1545	1545
at9744_1_chr3	11343124	11485735	chr3_nbh08	1	4421	4421
at9744_1_chr3	19626116	19994694	chr3_nbh12	7	33931	4847.285714
at9744_1_chr3	20799380	20909247	chr3_nbh13	4	11333	2833.25
at9744_1_chr3	21851359	22087214	chr3_nbh14	1	3021	3021
at9744_1_chr3	22465274	22491258	chr3_nbh15	4	3695	923.75
at9744_1_chr3	22675968	22682154	chr3_nbh16	1	3126	3126
at9744_1_chr3	22861230	22875556	chr3_nbh17	2	8205	4102.5
at9762_1_chr3	989612	1008766	chr3_nbh01	2	7531	3765.5
at9762_1_chr3	1121815	1133401	chr3_nbh02	2	5431	2715.5
at9762_1_chr3	4932620	4947656	chr3_nbh04	2	8028	4014
at9762_1_chr3	5381823	5385467	chr3_nbh05	1	1241	1241
at9762_1_chr3	9340106	9355376	chr3_nbh06	2	7590	3795
at9762_1_chr3	9762376	9768454	chr3_nbh07	1	1528	1528
at9762_1_chr3	19314561	19414672	chr3_nbh10	3	6705	2235
at9762_1_chr3	19487671	19599390	chr3_nbh11	4	12504	3126
at9762_1_chr3	19641532	19914435	chr3_nbh12	7	25389	3627
at9762_1_chr3	20900219	21011033	chr3_nbh13	3	8628	2876
at9762_1_chr3	21926556	22170126	chr3_nbh14	1	3013	3013
at9762_1_chr3	22551466	22579000	chr3_nbh15	5	4631	926.2
at9762_1_chr3	22757039	22767121	chr3_nbh16	1	3473	3473
at9762_1_chr3	22947038	22961383	chr3_nbh17	2	8205	4102.5
at9806_1_chr3	983852	996030	chr3_nbh01	1	3715	3715
at9806_1_chr3	1104024	1115863	chr3_nbh02	2	5174	2587
at9806_1_chr3	2233238	2243877	chr3_nbh03	1	3244	3244
at9806_1_chr3	4839948	4855511	chr3_nbh04	2	13290	6645
at9806_1_chr3	5295374	5299019	chr3_nbh05	1	1241	1241
at9806_1_chr3	9240306	9255513	chr3_nbh06	2	7694	3847
at9806_1_chr3	9662304	9669457	chr3_nbh07	1	1528	1528
at9806_1_chr3	11255365	11407566	chr3_nbh08	1	4203	4203
at9806_1_chr3	19926274	20228986	chr3_nbh12	5	27845	5569
at9806_1_chr3	21003060	21117816	chr3_nbh13	3	8802	2934
at9806_1_chr3	22003891	22245299	chr3_nbh14	1	3428	3428
at9806_1_chr3	22617137	22642479	chr3_nbh15	4	3902	975.5
at9806_1_chr3	22826694	22832876	chr3_nbh16	1	3409	3409
at9806_1_chr3	23010327	23024653	chr3_nbh17	2	9268	4634
at9830_1_chr3	994375	1019423	chr3_nbh01	3	11209	3736.333333
at9830_1_chr3	1127400	1139229	chr3_nbh02	2	5382	2691
at9830_1_chr3	4855704	4871291	chr3_nbh04	2	13324	6662
at9830_1_chr3	5318830	5322475	chr3_nbh05	1	1241	1241
at9830_1_chr3	9246821	9261886	chr3_nbh06	1	4758	4758
at9830_1_chr3	9661300	9668454	chr3_nbh07	1	1531	1531
at9830_1_chr3	19415732	19769504	chr3_nbh12	10	47729	4772.9
at9830_1_chr3	20545904	20667393	chr3_nbh13	3	8091	2697
at9830_1_chr3	21593639	21836881	chr3_nbh14	1	2831	2831
at9830_1_chr3	22233085	22295552	chr3_nbh15	19	15153	797.5263158
at9830_1_chr3	22473952	22480133	chr3_nbh16	1	3206	3206
at9830_1_chr3	22663321	22677669	chr3_nbh17	2	8205	4102.5
at9847_1_chr3	996035	1008196	chr3_nbh01	1	5081	5081
at9847_1_chr3	1117112	1128958	chr3_nbh02	2	5364	2682
at9847_1_chr3	2267483	2278319	chr3_nbh03	1	3308	3308
at9847_1_chr3	4889440	4905031	chr3_nbh04	2	13378	6689
at9847_1_chr3	5373887	5377532	chr3_nbh05	1	1241	1241
at9847_1_chr3	9358767	9374046	chr3_nbh06	2	7589	3794.5
at9847_1_chr3	9774605	9780681	chr3_nbh07	1	1545	1545
at9847_1_chr3	11359165	11486029	chr3_nbh08	1	4139	4139
at9847_1_chr3	20315753	20712465	chr3_nbh12	13	51987	3999
at9847_1_chr3	21505452	21610790	chr3_nbh13	3	8176	2725.333333
at9847_1_chr3	22561040	22809143	chr3_nbh14	1	3009	3009
at9847_1_chr3	23188992	23214977	chr3_nbh15	5	4202	840.4
at9847_1_chr3	23394275	23400461	chr3_nbh16	1	3201	3201
at9847_1_chr3	23579446	23593768	chr3_nbh17	2	8205	4102.5
at9852_1_chr3	986433	998797	chr3_nbh01	1	3666	3666
at9852_1_chr3	1107258	1119128	chr3_nbh02	2	5377	2688.5
at9852_1_chr3	2288132	2298826	chr3_nbh03	1	3281	3281
at9852_1_chr3	4902984	4918561	chr3_nbh04	2	13372	6686
at9852_1_chr3	5371601	5375265	chr3_nbh05	1	1241	1241
at9852_1_chr3	9286719	9301993	chr3_nbh06	2	6591	3295.5
at9852_1_chr3	9699851	9705927	chr3_nbh07	1	1545	1545
at9852_1_chr3	11367510	11501535	chr3_nbh08	1	4227	4227
at9852_1_chr3	18886349	19189268	chr3_nbh12	7	32252	4607.428571
at9852_1_chr3	19965999	20073885	chr3_nbh13	3	8408	2802.666667
at9852_1_chr3	21019447	21254834	chr3_nbh14	1	2980	2980
at9852_1_chr3	21644687	21684226	chr3_nbh15	11	8915	810.4545455
at9852_1_chr3	21863615	21869798	chr3_nbh16	1	3410	3410
at9852_1_chr3	22047184	22061534	chr3_nbh17	2	8204	4102
at9879_1_chr3	985260	997439	chr3_nbh01	1	3836	3836
at9879_1_chr3	1110276	1122080	chr3_nbh02	2	5433	2716.5
at9879_1_chr3	2290756	2301503	chr3_nbh03	1	3265	3265
at9879_1_chr3	4961572	4977123	chr3_nbh04	2	7668	3834
at9879_1_chr3	5413246	5416906	chr3_nbh05	1	1241	1241
at9879_1_chr3	9349409	9364452	chr3_nbh06	2	7504	3752
at9879_1_chr3	9775629	9782784	chr3_nbh07	1	1023	1023
at9879_1_chr3	11451011	11622665	chr3_nbh08	1	4286	4286
at9879_1_chr3	19374557	19595300	chr3_nbh12	4	15347	3836.75
at9879_1_chr3	20801223	20911130	chr3_nbh13	3	8226	2742
at9879_1_chr3	21794265	22029397	chr3_nbh14	1	3100	3100
at9879_1_chr3	22416695	22472047	chr3_nbh15	17	12944	761.4117647
at9879_1_chr3	22655811	22661994	chr3_nbh16	1	3736	3736
at9879_1_chr3	22839355	22853672	chr3_nbh17	2	8205	4102.5
at9883_1_chr3	980438	992616	chr3_nbh01	1	3613	3613
at9883_1_chr3	1101146	1112977	chr3_nbh02	2	5171	2585.5
at9883_1_chr3	2524777	2535370	chr3_nbh03	1	3182	3182
at9883_1_chr3	5163422	5178987	chr3_nbh04	2	13334	6667
at9883_1_chr3	5620751	5624396	chr3_nbh05	1	1241	1241
at9883_1_chr3	9580888	9596160	chr3_nbh06	2	7710	3855
at9883_1_chr3	10008154	10015314	chr3_nbh07	1	1531	1531
at9883_1_chr3	18452197	18781674	chr3_nbh12	8	37706	4713.25
at9883_1_chr3	19738264	19844828	chr3_nbh13	3	8256	2752
at9883_1_chr3	20732187	20974119	chr3_nbh14	1	3005	3005
at9883_1_chr3	21348929	21374889	chr3_nbh15	4	3693	923.25
at9883_1_chr3	21553598	21559780	chr3_nbh16	1	3440	3440
at9883_1_chr3	21737267	21751597	chr3_nbh17	2	8205	4102.5
at9900_1_chr3	985401	1005705	chr3_nbh01	2	7535	3767.5
at9900_1_chr3	1113787	1125936	chr3_nbh02	2	5705	2852.5
at9900_1_chr3	2248082	2258714	chr3_nbh03	1	3424	3424
at9900_1_chr3	4843728	4859479	chr3_nbh04	2	13309	6654.5
at9900_1_chr3	5314743	5318388	chr3_nbh05	1	1241	1241
at9900_1_chr3	9288924	9304161	chr3_nbh06	2	7584	3792
at9900_1_chr3	9704331	9710417	chr3_nbh07	1	1549	1549
at9900_1_chr3	11301540	11438197	chr3_nbh08	1	4295	4295
at9900_1_chr3	19769837	20125297	chr3_nbh12	8	35629	4453.625
at9900_1_chr3	21120446	21230626	chr3_nbh13	4	11034	2758.5
at9900_1_chr3	22008785	22252450	chr3_nbh14	1	3385	3385
at9900_1_chr3	22635651	22669797	chr3_nbh15	7	5670	810
at9900_1_chr3	22850040	22856226	chr3_nbh16	1	3157	3157
at9900_1_chr3	23033466	23047781	chr3_nbh17	2	8191	4095.5
at6923_1_chr4	2458668	2550731	chr4_nbh03	1	339	339
at6923_1_chr4	7829680	7856126	chr4_nbh04	1	5482	5482
at6923_1_chr4	8466058	8505602	chr4_nbh06	2	6240	3120
at6923_1_chr4	9462021	9487459	chr4_nbh09	1	4901	4901
at6923_1_chr4	9774554	9811058	chr4_nbh10	2	17591	8795.5
at6923_1_chr4	10902696	11017901	chr4_nbh11	2	6447	3223.5
at6923_1_chr4	12083974	12345393	chr4_nbh12	10	66645	6664.5
at6923_1_chr4	13113059	13152711	chr4_nbh13	4	15530	3882.5
at6923_1_chr4	13273219	13325315	chr4_nbh14	4	21178	5294.5
at6923_1_chr4	13459751	13474506	chr4_nbh15	2	2026	1013
at6923_1_chr4	14857139	14902095	chr4_nbh17	3	8286	2762
at6923_1_chr4	15847103	15854988	chr4_nbh18	1	3529	3529
at6923_1_chr4	16251131	16272091	chr4_nbh19	2	5718	2859
at6923_1_chr4	18668671	18680910	chr4_nbh20	1	5338	5338
at6923_1_chr4	19725655	19747247	chr4_nbh21	2	10987	5493.5
at6929_1_chr4	2546093	2629677	chr4_nbh03	1	339	339
at6929_1_chr4	10309582	10336638	chr4_nbh04	1	5495	5495
at6929_1_chr4	10875206	10940049	chr4_nbh06	2	5720	2860
at6929_1_chr4	11569325	11590026	chr4_nbh07	1	2679	2679
at6929_1_chr4	11759025	11774236	chr4_nbh08	1	6420	6420
at6929_1_chr4	11847743	11865461	chr4_nbh09	1	5630	5630
at6929_1_chr4	12145198	12178736	chr4_nbh10	2	17606	8803
at6929_1_chr4	13251917	13369055	chr4_nbh11	2	5901	2950.5
at6929_1_chr4	14450812	14611890	chr4_nbh12	5	30128	6025.6
at6929_1_chr4	15387924	15411351	chr4_nbh13	2	5507	2753.5
at6929_1_chr4	15531313	15590956	chr4_nbh14	4	24139	6034.75
at6929_1_chr4	15729435	15744544	chr4_nbh15	2	2029	1014.5
at6929_1_chr4	17162703	17206593	chr4_nbh17	2	5701	2850.5
at6929_1_chr4	18175589	18183479	chr4_nbh18	1	3394	3394
at6929_1_chr4	18592921	18601889	chr4_nbh19	1	5250	5250
at6929_1_chr4	21041116	21053413	chr4_nbh20	1	3365	3365
at6929_1_chr4	22089132	22111245	chr4_nbh21	2	11859	5929.5
at7143_1_chr4	2558312	2637918	chr4_nbh03	1	339	339
at7143_1_chr4	7896870	7921004	chr4_nbh04	1	5559	5559
at7143_1_chr4	8316416	8398476	chr4_nbh05	2	5286	2643
at7143_1_chr4	8613620	8664575	chr4_nbh06	3	9541	3180.333333
at7143_1_chr4	9529218	9540675	chr4_nbh08	1	6514	6514
at7143_1_chr4	9632573	9653714	chr4_nbh09	1	4879	4879
at7143_1_chr4	9930551	9975474	chr4_nbh10	3	15752	5250.666667
at7143_1_chr4	11052860	11166135	chr4_nbh11	2	6117	3058.5
at7143_1_chr4	12246845	12424892	chr4_nbh12	8	42497	5312.125
at7143_1_chr4	13195210	13231889	chr4_nbh13	3	17918	5972.666667
at7143_1_chr4	13349670	13404712	chr4_nbh14	4	19809	4952.25
at7143_1_chr4	13540848	13563121	chr4_nbh15	1	887	887
at7143_1_chr4	14382106	14406646	chr4_nbh16	3	7818	2606
at7143_1_chr4	15000642	15046777	chr4_nbh17	2	7319	3659.5
at7143_1_chr4	15986522	15994406	chr4_nbh18	1	3535	3535
at7143_1_chr4	16397293	16418218	chr4_nbh19	1	2958	2958
at7143_1_chr4	18831148	18843530	chr4_nbh20	1	3279	3279
at7143_1_chr4	19920209	19940636	chr4_nbh21	2	9726	4863
at8285_1_chr4	2690767	2798853	chr4_nbh03	1	339	339
at8285_1_chr4	9628943	9649610	chr4_nbh04	1	5496	5496
at8285_1_chr4	10208591	10249633	chr4_nbh06	3	9449	3149.666667
at8285_1_chr4	11066819	11080158	chr4_nbh08	1	6235	6235
at8285_1_chr4	11158722	11183882	chr4_nbh09	1	4873	4873
at8285_1_chr4	11464597	11498685	chr4_nbh10	2	17951	8975.5
at8285_1_chr4	12593217	12707015	chr4_nbh11	2	6077	3038.5
at8285_1_chr4	13777669	13939336	chr4_nbh12	5	28281	5656.2
at8285_1_chr4	14702972	14737470	chr4_nbh13	4	19243	4810.75
at8285_1_chr4	14852827	14904325	chr4_nbh14	5	24314	4862.8
at8285_1_chr4	15032580	15047695	chr4_nbh15	2	2026	1013
at8285_1_chr4	16395534	16439596	chr4_nbh17	3	8500	2833.333333
at8285_1_chr4	17378956	17386847	chr4_nbh18	1	3535	3535
at8285_1_chr4	17895211	17904210	chr4_nbh19	1	5057	5057
at8285_1_chr4	20336087	20348472	chr4_nbh20	1	6257	6257
at8285_1_chr4	21379999	21402114	chr4_nbh21	2	11099	5549.5
at9104_1_chr4	2570625	2651197	chr4_nbh03	2	588	294
at9104_1_chr4	8118091	8147853	chr4_nbh04	1	5501	5501
at9104_1_chr4	9321137	9341314	chr4_nbh07	1	2676	2676
at9104_1_chr4	9897772	9931604	chr4_nbh10	2	12440	6220
at9104_1_chr4	11057404	11166940	chr4_nbh11	2	6572	3286
at9104_1_chr4	12248389	12497522	chr4_nbh12	14	67717	4836.928571
at9104_1_chr4	13264124	13298783	chr4_nbh13	4	18818	4704.5
at9104_1_chr4	13422286	13484965	chr4_nbh14	5	25793	5158.6
at9104_1_chr4	13627527	13649791	chr4_nbh15	2	2026	1013
at9104_1_chr4	15040774	15084850	chr4_nbh17	3	8361	2787
at9104_1_chr4	16029522	16037415	chr4_nbh18	1	3535	3535
at9104_1_chr4	16436075	16450067	chr4_nbh19	2	5118	2559
at9104_1_chr4	18826387	18838241	chr4_nbh20	1	6578	6578
at9104_1_chr4	19877792	19898202	chr4_nbh21	2	9929	4964.5
at9336_1_chr4	2561394	2649820	chr4_nbh03	1	339	339
at9336_1_chr4	10159690	10186124	chr4_nbh04	1	5482	5482
at9336_1_chr4	10724574	10766074	chr4_nbh06	2	6418	3209
at9336_1_chr4	11649785	11666853	chr4_nbh09	1	4987	4987
at9336_1_chr4	11958620	11990973	chr4_nbh10	2	12375	6187.5
at9336_1_chr4	13053553	13157887	chr4_nbh11	2	6557	3278.5
at9336_1_chr4	14227238	14378176	chr4_nbh12	5	36763	7352.6
at9336_1_chr4	15146172	15168953	chr4_nbh13	2	5498	2749
at9336_1_chr4	15281682	15347489	chr4_nbh14	5	24005	4801
at9336_1_chr4	15480232	15498691	chr4_nbh15	2	2026	1013
at9336_1_chr4	16873547	16917564	chr4_nbh17	3	8506	2835.333333
at9336_1_chr4	17862043	17869934	chr4_nbh18	1	3535	3535
at9336_1_chr4	18282544	18303504	chr4_nbh19	2	5718	2859
at9336_1_chr4	20711643	20723366	chr4_nbh20	1	6500	6500
at9336_1_chr4	21764872	21785281	chr4_nbh21	2	9840	4920
at9503_1_chr4	2740129	2852874	chr4_nbh03	1	339	339
at9503_1_chr4	9566106	9592165	chr4_nbh04	1	5483	5483
at9503_1_chr4	10145781	10191376	chr4_nbh06	1	1802	1802
at9503_1_chr4	10829642	10850700	chr4_nbh07	1	2676	2676
at9503_1_chr4	11019090	11031882	chr4_nbh08	1	8277	8277
at9503_1_chr4	11412021	11451201	chr4_nbh10	2	12917	6458.5
at9503_1_chr4	12556053	12664732	chr4_nbh11	2	6461	3230.5
at9503_1_chr4	13745379	13888270	chr4_nbh12	5	25823	5164.6
at9503_1_chr4	14670254	14704924	chr4_nbh13	4	20556	5139
at9503_1_chr4	14816819	14895039	chr4_nbh14	7	33242	4748.857143
at9503_1_chr4	15029618	15044914	chr4_nbh15	3	2867	955.6666667
at9503_1_chr4	16441209	16486167	chr4_nbh17	2	5377	2688.5
at9503_1_chr4	17433125	17441016	chr4_nbh18	1	3535	3535
at9503_1_chr4	17903058	17912046	chr4_nbh19	1	5177	5177
at9503_1_chr4	20308966	20321347	chr4_nbh20	1	5332	5332
at9503_1_chr4	21349646	21370097	chr4_nbh21	2	9136	4568
at9578_1_chr4	2524752	2633852	chr4_nbh03	1	339	339
at9578_1_chr4	10379420	10408022	chr4_nbh04	1	5492	5492
at9578_1_chr4	11052259	11096885	chr4_nbh06	2	6764	3382
at9578_1_chr4	12018050	12036296	chr4_nbh09	1	4955	4955
at9578_1_chr4	12335758	12369352	chr4_nbh10	2	11366	5683
at9578_1_chr4	13465954	13572709	chr4_nbh11	2	6617	3308.5
at9578_1_chr4	14630702	14913228	chr4_nbh12	20	100634	5031.7
at9578_1_chr4	15695391	15728941	chr4_nbh13	3	8369	2789.666667
at9578_1_chr4	15853386	15921451	chr4_nbh14	6	33231	5538.5
at9578_1_chr4	16060465	16082726	chr4_nbh15	2	2026	1013
at9578_1_chr4	16836849	16853395	chr4_nbh16	1	4480	4480
at9578_1_chr4	17427912	17480820	chr4_nbh17	3	8784	2928
at9578_1_chr4	18430043	18437935	chr4_nbh18	1	3535	3535
at9578_1_chr4	18824115	18845075	chr4_nbh19	2	5718	2859
at9578_1_chr4	21247428	21259729	chr4_nbh20	1	5395	5395
at9578_1_chr4	22297143	22316841	chr4_nbh21	2	9132	4566
at9744_1_chr4	2727709	2811291	chr4_nbh03	1	339	339
at9744_1_chr4	10188222	10214002	chr4_nbh04	1	5469	5469
at9744_1_chr4	10827062	10870194	chr4_nbh06	2	6574	3287
at9744_1_chr4	11489144	11511424	chr4_nbh07	1	2676	2676
at9744_1_chr4	11679945	11694531	chr4_nbh08	1	6442	6442
at9744_1_chr4	11768924	11791378	chr4_nbh09	1	4891	4891
at9744_1_chr4	12065358	12107551	chr4_nbh10	2	11773	5886.5
at9744_1_chr4	13180543	13288149	chr4_nbh11	2	6497	3248.5
at9744_1_chr4	14380318	14561809	chr4_nbh12	8	44498	5562.25
at9744_1_chr4	15334750	15366689	chr4_nbh13	4	9879	2469.75
at9744_1_chr4	15485315	15549776	chr4_nbh14	5	29862	5972.4
at9744_1_chr4	15680534	15706117	chr4_nbh15	2	2026	1013
at9744_1_chr4	17103307	17149731	chr4_nbh17	3	8667	2889
at9744_1_chr4	18096962	18104852	chr4_nbh18	1	3535	3535
at9744_1_chr4	18501197	18515264	chr4_nbh19	2	5718	2859
at9744_1_chr4	20927081	20939381	chr4_nbh20	1	5346	5346
at9744_1_chr4	21979751	22000137	chr4_nbh21	2	9869	4934.5
at9762_1_chr4	2472664	2552431	chr4_nbh03	1	339	339
at9762_1_chr4	9936518	9962713	chr4_nbh04	1	5432	5432
at9762_1_chr4	11187687	11208324	chr4_nbh07	1	2676	2676
at9762_1_chr4	11368473	11381259	chr4_nbh08	1	8218	8218
at9762_1_chr4	11467269	11485615	chr4_nbh09	1	4932	4932
at9762_1_chr4	11771758	11806509	chr4_nbh10	2	12681	6340.5
at9762_1_chr4	12856079	12968393	chr4_nbh11	2	6699	3349.5
at9762_1_chr4	14043185	14312856	chr4_nbh12	14	69938	4995.571429
at9762_1_chr4	15082411	15136859	chr4_nbh13	6	16003	2667.166667
at9762_1_chr4	15282603	15333682	chr4_nbh14	5	24879	4975.8
at9762_1_chr4	15468536	15483646	chr4_nbh15	2	2027	1013.5
at9762_1_chr4	16906243	16950277	chr4_nbh17	3	8775	2925
at9762_1_chr4	17925307	17933200	chr4_nbh18	1	3535	3535
at9762_1_chr4	18453555	18467639	chr4_nbh19	2	6856	3428
at9762_1_chr4	20928931	20939127	chr4_nbh20	1	4071	4071
at9762_1_chr4	21972144	21998753	chr4_nbh21	3	11436	3812
at9806_1_chr4	2429236	2512039	chr4_nbh03	1	339	339
at9806_1_chr4	9597231	9622707	chr4_nbh04	1	5922	5922
at9806_1_chr4	10183681	10223320	chr4_nbh06	2	5874	2937
at9806_1_chr4	11077137	11092354	chr4_nbh08	1	6423	6423
at9806_1_chr4	11177424	11197873	chr4_nbh09	1	4291	4291
at9806_1_chr4	11488197	11523818	chr4_nbh10	2	12366	6183
at9806_1_chr4	12600562	12717214	chr4_nbh11	2	5870	2935
at9806_1_chr4	13816399	14078805	chr4_nbh12	15	71951	4796.733333
at9806_1_chr4	14843367	14878059	chr4_nbh13	3	9901	3300.333333
at9806_1_chr4	14990241	15057184	chr4_nbh14	6	33009	5501.5
at9806_1_chr4	15189955	15205076	chr4_nbh15	2	2026	1013
at9806_1_chr4	16617023	16663146	chr4_nbh17	2	7317	3658.5
at9806_1_chr4	17606941	17614834	chr4_nbh18	1	3535	3535
at9806_1_chr4	18010746	18031706	chr4_nbh19	2	5718	2859
at9806_1_chr4	20425761	20437731	chr4_nbh20	1	6369	6369
at9806_1_chr4	21467128	21487503	chr4_nbh21	2	9842	4921
at9830_1_chr4	2704691	2805502	chr4_nbh03	1	339	339
at9830_1_chr4	8184595	8213333	chr4_nbh04	1	5500	5500
at9830_1_chr4	9677021	9703175	chr4_nbh09	1	4898	4898
at9830_1_chr4	9991791	10025711	chr4_nbh10	2	11565	5782.5
at9830_1_chr4	11106353	11217915	chr4_nbh11	2	6289	3144.5
at9830_1_chr4	12338089	12463005	chr4_nbh12	3	17380	5793.333333
at9830_1_chr4	13237722	13272392	chr4_nbh13	4	19010	4752.5
at9830_1_chr4	13384310	13449117	chr4_nbh14	6	29920	4986.666667
at9830_1_chr4	13584610	13599874	chr4_nbh15	2	2286	1143
at9830_1_chr4	15015335	15061431	chr4_nbh17	2	7127	3563.5
at9830_1_chr4	16002182	16010079	chr4_nbh18	1	3541	3541
at9830_1_chr4	16425542	16434541	chr4_nbh19	1	4929	4929
at9830_1_chr4	18838023	18850325	chr4_nbh20	1	5390	5390
at9830_1_chr4	19879785	19900253	chr4_nbh21	2	9745	4872.5
at9847_1_chr4	2630080	2714971	chr4_nbh03	1	339	339
at9847_1_chr4	8647341	8673829	chr4_nbh04	1	5482	5482
at9847_1_chr4	9177173	9221885	chr4_nbh06	1	2038	2038
at9847_1_chr4	10448512	10493319	chr4_nbh10	3	18424	6141.333333
at9847_1_chr4	11578876	11692557	chr4_nbh11	2	6664	3332
at9847_1_chr4	12765230	13008225	chr4_nbh12	16	91178	5698.625
at9847_1_chr4	13787776	13822266	chr4_nbh13	3	8466	2822
at9847_1_chr4	13940802	14016757	chr4_nbh14	5	26802	5360.4
at9847_1_chr4	14151325	14165676	chr4_nbh15	2	1672	836
at9847_1_chr4	15763112	15806253	chr4_nbh17	2	6957	3478.5
at9847_1_chr4	16760612	16768504	chr4_nbh18	1	3535	3535
at9847_1_chr4	17168161	17189121	chr4_nbh19	2	5718	2859
at9847_1_chr4	19605948	19617917	chr4_nbh20	1	6071	6071
at9847_1_chr4	20652121	20672532	chr4_nbh21	2	9909	4954.5
at9852_1_chr4	2455797	2540938	chr4_nbh03	1	339	339
at9852_1_chr4	10948767	10982024	chr4_nbh04	1	5507	5507
at9852_1_chr4	11500339	11560875	chr4_nbh06	2	6599	3299.5
at9852_1_chr4	12792076	12836849	chr4_nbh10	2	11958	5979
at9852_1_chr4	13906683	14017133	chr4_nbh11	2	6470	3235
at9852_1_chr4	15114744	15329424	chr4_nbh12	10	63783	6378.3
at9852_1_chr4	16096947	16115246	chr4_nbh13	2	5926	2963
at9852_1_chr4	16271612	16322663	chr4_nbh14	5	23104	4620.8
at9852_1_chr4	16467673	16481949	chr4_nbh15	2	2032	1016
at9852_1_chr4	17231162	17255325	chr4_nbh16	1	2224	2224
at9852_1_chr4	17843912	17887958	chr4_nbh17	3	8547	2849
at9852_1_chr4	18827932	18835823	chr4_nbh18	1	3535	3535
at9852_1_chr4	19221428	19242388	chr4_nbh19	2	5718	2859
at9852_1_chr4	21648854	21660269	chr4_nbh20	1	4468	4468
at9852_1_chr4	22695976	22716750	chr4_nbh21	2	9877	4938.5
at9879_1_chr4	1969037	2000628	chr4_nbh01	1	1181	1181
at9879_1_chr4	2713271	2818281	chr4_nbh03	1	339	339
at9879_1_chr4	9880887	9907449	chr4_nbh04	1	5448	5448
at9879_1_chr4	11495523	11508944	chr4_nbh08	1	6006	6006
at9879_1_chr4	11601245	11619527	chr4_nbh09	1	4889	4889
at9879_1_chr4	11899139	11928585	chr4_nbh10	2	8838	4419
at9879_1_chr4	12980571	13102689	chr4_nbh11	2	6531	3265.5
at9879_1_chr4	14202286	14351773	chr4_nbh12	6	30711	5118.5
at9879_1_chr4	15123713	15156384	chr4_nbh13	3	7867	2622.333333
at9879_1_chr4	15280793	15336146	chr4_nbh14	4	19809	4952.25
at9879_1_chr4	15479686	15497000	chr4_nbh15	2	2026	1013
at9879_1_chr4	16892126	16935053	chr4_nbh17	2	6853	3426.5
at9879_1_chr4	17894409	17902275	chr4_nbh18	1	3539	3539
at9879_1_chr4	18298412	18307350	chr4_nbh19	1	3477	3477
at9879_1_chr4	20715258	20726670	chr4_nbh20	1	4571	4571
at9879_1_chr4	21749568	21769941	chr4_nbh21	2	9826	4913
at9883_1_chr4	10505526	10538835	chr4_nbh04	1	5507	5507
at9883_1_chr4	11103190	11159544	chr4_nbh06	1	1611	1611
at9883_1_chr4	12067272	12088409	chr4_nbh09	1	4877	4877
at9883_1_chr4	12378651	12416316	chr4_nbh10	2	12143	6071.5
at9883_1_chr4	13511521	13623367	chr4_nbh11	2	6542	3271
at9883_1_chr4	14689438	14960536	chr4_nbh12	12	72874	6072.833333
at9883_1_chr4	15735715	15761954	chr4_nbh13	2	5593	2796.5
at9883_1_chr4	15907568	15980539	chr4_nbh14	5	25269	5053.8
at9883_1_chr4	16112724	16127851	chr4_nbh15	3	2840	946.6666667
at9883_1_chr4	17508947	17553903	chr4_nbh17	3	8249	2749.666667
at9883_1_chr4	18492729	18500614	chr4_nbh18	1	3529	3529
at9883_1_chr4	18971838	18980826	chr4_nbh19	1	5064	5064
at9883_1_chr4	21388639	21400912	chr4_nbh20	1	3122	3122
at9883_1_chr4	22439785	22460559	chr4_nbh21	2	9856	4928
at9900_1_chr4	2436782	2530506	chr4_nbh03	1	339	339
at9900_1_chr4	8114432	8148056	chr4_nbh04	1	5498	5498
at9900_1_chr4	8779533	8819203	chr4_nbh06	2	6408	3204
at9900_1_chr4	9615382	9628167	chr4_nbh08	1	8285	8285
at9900_1_chr4	9704683	9725727	chr4_nbh09	1	4873	4873
at9900_1_chr4	10006363	10043373	chr4_nbh10	2	12633	6316.5
at9900_1_chr4	11118475	11237180	chr4_nbh11	2	6517	3258.5
at9900_1_chr4	12319742	12478478	chr4_nbh12	6	43361	7226.833333
at9900_1_chr4	13242963	13302706	chr4_nbh13	5	14241	2848.2
at9900_1_chr4	13444278	13523764	chr4_nbh14	8	34665	4333.125
at9900_1_chr4	13674198	13689321	chr4_nbh15	2	2109	1054.5
at9900_1_chr4	15100148	15140142	chr4_nbh17	2	6278	3139
at9900_1_chr4	16079878	16095913	chr4_nbh18	1	2888	2888
at9900_1_chr4	16501293	16510274	chr4_nbh19	1	4937	4937
at9900_1_chr4	18917059	18929441	chr4_nbh20	1	5304	5304
at9900_1_chr4	19970170	19990551	chr4_nbh21	2	9901	4950.5
at6923_1_chr5	1383343	1396059	chr5_nbh01	1	3268	3268
at6923_1_chr5	1676203	1690829	chr5_nbh02	1	2625	2625
at6923_1_chr5	3663661	3673710	chr5_nbh03	1	4475	4475
at6923_1_chr5	4011949	4024250	chr5_nbh04	1	6368	6368
at6923_1_chr5	5893907	5903240	chr5_nbh05	1	4438	4438
at6923_1_chr5	5977817	6061284	chr5_nbh06	3	13831	4610.333333
at6923_1_chr5	6144567	6159619	chr5_nbh07	2	6870	3435
at6923_1_chr5	7605795	7615087	chr5_nbh08	1	4196	4196
at6923_1_chr5	18703667	18766117	chr5_nbh11	1	4742	4742
at6923_1_chr5	18941381	18949164	chr5_nbh12	1	3577	3577
at6923_1_chr5	19420584	19444682	chr5_nbh13	3	10525	3508.333333
at6923_1_chr5	19769123	19829121	chr5_nbh14	2	9969	4984.5
at6923_1_chr5	20028611	20049989	chr5_nbh15	2	7321	3660.5
at6923_1_chr5	20086795	20174665	chr5_nbh16	1	5184	5184
at6923_1_chr5	20519364	20552071	chr5_nbh17	1	5420	5420
at6923_1_chr5	20849590	20877879	chr5_nbh18	2	9999	4999.5
at6923_1_chr5	20957065	20968576	chr5_nbh19	1	3609	3609
at6923_1_chr5	21315629	21330845	chr5_nbh20	1	3851	3851
at6923_1_chr5	21488662	21628326	chr5_nbh21	9	23177	2575.222222
at6923_1_chr5	21689091	21769480	chr5_nbh22	11	45031	4093.727273
at6923_1_chr5	21830395	21914451	chr5_nbh23	6	17549	2924.833333
at6923_1_chr5	22200218	22212078	chr5_nbh24	1	4693	4693
at6923_1_chr5	22280819	22319290	chr5_nbh25	5	23603	4720.6
at6923_1_chr5	22624809	22690493	chr5_nbh26	2	7442	3721
at6923_1_chr5	23159893	23173985	chr5_nbh27	1	4934	4934
at6923_1_chr5	23357570	23368010	chr5_nbh29	1	4330	4330
at6923_1_chr5	24370392	24388116	chr5_nbh30	1	5554	5554
at6923_1_chr5	26191702	26197640	chr5_nbh31	1	3390	3390
at6923_1_chr5	26941737	26960324	chr5_nbh32	1	6202	6202
at6923_1_chr5	28705809	28716398	chr5_nbh33	1	3062	3062
at6923_1_chr5	29997406	30140186	chr5_nbh34	4	11253	2813.25
at6929_1_chr5	1362772	1375782	chr5_nbh01	1	3283	3283
at6929_1_chr5	3611261	3622045	chr5_nbh03	1	4414	4414
at6929_1_chr5	5913088	5993431	chr5_nbh06	2	6777	3388.5
at6929_1_chr5	6084885	6106085	chr5_nbh07	2	7820	3910
at6929_1_chr5	7543972	7552577	chr5_nbh08	1	3999	3999
at6929_1_chr5	17908591	17932223	chr5_nbh09	1	4507	4507
at6929_1_chr5	19492195	19547219	chr5_nbh11	2	14042	7021
at6929_1_chr5	20181517	20233435	chr5_nbh13	3	9459	3153
at6929_1_chr5	20553502	20594991	chr5_nbh14	2	8475	4237.5
at6929_1_chr5	20806588	20826491	chr5_nbh15	2	7496	3748
at6929_1_chr5	20865385	20947020	chr5_nbh16	1	4699	4699
at6929_1_chr5	21283434	21318190	chr5_nbh17	1	5148	5148
at6929_1_chr5	21604811	21635648	chr5_nbh18	2	8589	4294.5
at6929_1_chr5	21720783	21732511	chr5_nbh19	1	3040	3040
at6929_1_chr5	22074927	22090223	chr5_nbh20	1	6443	6443
at6929_1_chr5	22245006	22340097	chr5_nbh21	8	21527	2690.875
at6929_1_chr5	22390893	22467328	chr5_nbh22	10	43594	4359.4
at6929_1_chr5	22528680	22585430	chr5_nbh23	5	18466	3693.2
at6929_1_chr5	22871554	22888884	chr5_nbh24	2	9312	4656
at6929_1_chr5	22956449	22985293	chr5_nbh25	3	16618	5539.333333
at6929_1_chr5	23274560	23343509	chr5_nbh26	2	8537	4268.5
at6929_1_chr5	23798504	23812662	chr5_nbh27	1	4248	4248
at6929_1_chr5	26807928	26813866	chr5_nbh31	1	3203	3203
at6929_1_chr5	27566956	27583097	chr5_nbh32	1	3652	3652
at6929_1_chr5	29330139	29340653	chr5_nbh33	1	2975	2975
at6929_1_chr5	30630718	30774961	chr5_nbh34	4	11102	2775.5
at7143_1_chr5	1375098	1388415	chr5_nbh01	1	3223	3223
at7143_1_chr5	1609908	1624525	chr5_nbh02	1	3512	3512
at7143_1_chr5	3610711	3621498	chr5_nbh03	1	4517	4517
at7143_1_chr5	5906463	5985074	chr5_nbh06	2	6446	3223
at7143_1_chr5	6069731	6090625	chr5_nbh07	3	11932	3977.333333
at7143_1_chr5	7529744	7539384	chr5_nbh08	1	4713	4713
at7143_1_chr5	17827534	17851710	chr5_nbh09	1	4415	4415
at7143_1_chr5	19290176	19350864	chr5_nbh11	2	9939	4969.5
at7143_1_chr5	19523228	19531011	chr5_nbh12	1	3732	3732
at7143_1_chr5	19984969	20009744	chr5_nbh13	3	9916	3305.333333
at7143_1_chr5	20330008	20371052	chr5_nbh14	2	7391	3695.5
at7143_1_chr5	20570866	20595563	chr5_nbh15	2	6922	3461
at7143_1_chr5	20640520	20718836	chr5_nbh16	1	4441	4441
at7143_1_chr5	21067560	21104197	chr5_nbh17	1	5318	5318
at7143_1_chr5	21405779	21425963	chr5_nbh18	1	4143	4143
at7143_1_chr5	21504738	21522101	chr5_nbh19	2	6919	3459.5
at7143_1_chr5	21859468	21874706	chr5_nbh20	1	4516	4516
at7143_1_chr5	22032265	22131674	chr5_nbh21	8	21289	2661.125
at7143_1_chr5	22182690	22259958	chr5_nbh22	11	44238	4021.636364
at7143_1_chr5	22321358	22405393	chr5_nbh23	5	12946	2589.2
at7143_1_chr5	22689153	22707136	chr5_nbh24	2	9297	4648.5
at7143_1_chr5	22770607	22800093	chr5_nbh25	3	17009	5669.666667
at7143_1_chr5	23096502	23165587	chr5_nbh26	2	9027	4513.5
at7143_1_chr5	23624761	23638832	chr5_nbh27	1	5241	5241
at7143_1_chr5	23830754	23841158	chr5_nbh29	1	4296	4296
at7143_1_chr5	24846003	24863611	chr5_nbh30	1	5535	5535
at7143_1_chr5	26637016	26642953	chr5_nbh31	1	3327	3327
at7143_1_chr5	27398848	27415097	chr5_nbh32	1	3703	3703
at7143_1_chr5	29165485	29176076	chr5_nbh33	1	2940	2940
at7143_1_chr5	30476624	30619447	chr5_nbh34	4	11138	2784.5
at8285_1_chr5	1370052	1383215	chr5_nbh01	1	3277	3277
at8285_1_chr5	3603782	3613835	chr5_nbh03	1	5121	5121
at8285_1_chr5	5899394	5980004	chr5_nbh06	2	6770	3385
at8285_1_chr5	6063674	6078723	chr5_nbh07	2	6870	3435
at8285_1_chr5	7499966	7510274	chr5_nbh08	1	3921	3921
at8285_1_chr5	18793875	18845590	chr5_nbh11	1	4420	4420
at8285_1_chr5	19021610	19029394	chr5_nbh12	1	3788	3788
at8285_1_chr5	19521867	19546712	chr5_nbh13	3	8905	2968.333333
at8285_1_chr5	19948503	19991129	chr5_nbh14	2	7879	3939.5
at8285_1_chr5	20195537	20215464	chr5_nbh15	2	7263	3631.5
at8285_1_chr5	20254530	20335130	chr5_nbh16	1	3694	3694
at8285_1_chr5	20683586	20718200	chr5_nbh17	1	5285	5285
at8285_1_chr5	21032639	21054895	chr5_nbh18	1	4244	4244
at8285_1_chr5	21138016	21151601	chr5_nbh19	1	3313	3313
at8285_1_chr5	21684438	21779288	chr5_nbh21	8	21194	2649.25
at8285_1_chr5	21829995	21921650	chr5_nbh22	10	34537	3453.7
at8285_1_chr5	21982576	22037904	chr5_nbh23	5	14773	2954.6
at8285_1_chr5	22304363	22321751	chr5_nbh24	2	9527	4763.5
at8285_1_chr5	22390940	22437113	chr5_nbh25	7	31580	4511.428571
at8285_1_chr5	22740026	22808229	chr5_nbh26	2	9007	4503.5
at8285_1_chr5	23264418	23283665	chr5_nbh27	2	7833	3916.5
at8285_1_chr5	23323312	23345410	chr5_nbh28	2	6403	3201.5
at8285_1_chr5	24469612	24487332	chr5_nbh30	1	5523	5523
at8285_1_chr5	26271496	26277434	chr5_nbh31	1	3199	3199
at8285_1_chr5	27021959	27038081	chr5_nbh32	1	3562	3562
at8285_1_chr5	28789422	28800013	chr5_nbh33	1	2940	2940
at8285_1_chr5	30109778	30253117	chr5_nbh34	4	11081	2770.25
at9104_1_chr5	1347203	1360368	chr5_nbh01	1	3287	3287
at9104_1_chr5	3567807	3578610	chr5_nbh03	1	4468	4468
at9104_1_chr5	3907506	3920360	chr5_nbh04	1	6553	6553
at9104_1_chr5	5794276	5803605	chr5_nbh05	1	4152	4152
at9104_1_chr5	5877669	5959230	chr5_nbh06	4	11885	2971.25
at9104_1_chr5	6042498	6057550	chr5_nbh07	2	6870	3435
at9104_1_chr5	7489912	7499204	chr5_nbh08	1	3912	3912
at9104_1_chr5	17693214	17723261	chr5_nbh09	1	4441	4441
at9104_1_chr5	18457130	18486020	chr5_nbh10	1	5042	5042
at9104_1_chr5	19223656	19270516	chr5_nbh11	1	4358	4358
at9104_1_chr5	19448669	19469350	chr5_nbh12	1	3222	3222
at9104_1_chr5	19936970	19972226	chr5_nbh13	3	9371	3123.666667
at9104_1_chr5	20285909	20333396	chr5_nbh14	3	13612	4537.333333
at9104_1_chr5	20533041	20552995	chr5_nbh15	2	7084	3542
at9104_1_chr5	20591969	20700997	chr5_nbh16	3	8915	2971.666667
at9104_1_chr5	21050217	21084821	chr5_nbh17	1	5284	5284
at9104_1_chr5	21389802	21418095	chr5_nbh18	2	9337	4668.5
at9104_1_chr5	21494915	21512429	chr5_nbh19	2	6933	3466.5
at9104_1_chr5	21851898	21868180	chr5_nbh20	1	4515	4515
at9104_1_chr5	22029298	22127240	chr5_nbh21	8	21109	2638.625
at9104_1_chr5	22180341	22248627	chr5_nbh22	7	29231	4175.857143
at9104_1_chr5	22308716	22396012	chr5_nbh23	3	10771	3590.333333
at9104_1_chr5	22669241	22686636	chr5_nbh24	2	9321	4660.5
at9104_1_chr5	22757407	22793636	chr5_nbh25	6	22704	3784
at9104_1_chr5	23093365	23161682	chr5_nbh26	2	9269	4634.5
at9104_1_chr5	23625303	23639453	chr5_nbh27	1	5206	5206
at9104_1_chr5	23820696	23831137	chr5_nbh29	1	4330	4330
at9104_1_chr5	24832604	24848492	chr5_nbh30	1	5554	5554
at9104_1_chr5	26635415	26641353	chr5_nbh31	1	3303	3303
at9104_1_chr5	27393308	27409534	chr5_nbh32	1	3818	3818
at9104_1_chr5	29155566	29166095	chr5_nbh33	1	2963	2963
at9104_1_chr5	30461147	30603902	chr5_nbh34	4	11108	2777
at9336_1_chr5	1363367	1376331	chr5_nbh01	1	3255	3255
at9336_1_chr5	1600633	1615250	chr5_nbh02	1	3461	3461
at9336_1_chr5	3604875	3614923	chr5_nbh03	1	4431	4431
at9336_1_chr5	3945692	3957999	chr5_nbh04	1	6463	6463
at9336_1_chr5	5915123	5924456	chr5_nbh05	1	4156	4156
at9336_1_chr5	5999040	6082418	chr5_nbh06	3	13443	4481
at9336_1_chr5	6165948	6186826	chr5_nbh07	3	11561	3853.666667
at9336_1_chr5	7655731	7665373	chr5_nbh08	1	3923	3923
at9336_1_chr5	17886435	17910557	chr5_nbh09	1	4406	4406
at9336_1_chr5	18664015	18698680	chr5_nbh10	1	2388	2388
at9336_1_chr5	19498706	19550687	chr5_nbh11	2	9728	4864
at9336_1_chr5	19726213	19733997	chr5_nbh12	1	5983	5983
at9336_1_chr5	20207064	20245199	chr5_nbh13	3	9450	3150
at9336_1_chr5	20571148	20605216	chr5_nbh14	1	3714	3714
at9336_1_chr5	20821283	20841146	chr5_nbh15	2	7319	3659.5
at9336_1_chr5	20880025	20967806	chr5_nbh16	1	5148	5148
at9336_1_chr5	21308259	21342746	chr5_nbh17	1	5170	5170
at9336_1_chr5	21658549	21679018	chr5_nbh18	1	5320	5320
at9336_1_chr5	21754287	21771694	chr5_nbh19	2	9126	4563
at9336_1_chr5	22113446	22128978	chr5_nbh20	1	4006	4006
at9336_1_chr5	22284001	22381112	chr5_nbh21	8	20991	2623.875
at9336_1_chr5	22432786	22509979	chr5_nbh22	10	37077	3707.7
at9336_1_chr5	22569777	22620100	chr5_nbh23	5	14787	2957.4
at9336_1_chr5	22895830	22913761	chr5_nbh24	2	9288	4644
at9336_1_chr5	22987754	23016893	chr5_nbh25	3	16117	5372.333333
at9336_1_chr5	23309805	23376653	chr5_nbh26	2	7974	3987
at9336_1_chr5	23854235	23868390	chr5_nbh27	1	4675	4675
at9336_1_chr5	25056490	25074088	chr5_nbh30	1	4740	4740
at9336_1_chr5	26882474	26888412	chr5_nbh31	1	3983	3983
at9336_1_chr5	27639008	27655094	chr5_nbh32	1	3743	3743
at9336_1_chr5	29398108	29408699	chr5_nbh33	1	3054	3054
at9336_1_chr5	30720529	30867167	chr5_nbh34	4	11230	2807.5
at9503_1_chr5	1383769	1396528	chr5_nbh01	1	3233	3233
at9503_1_chr5	3601764	3611823	chr5_nbh03	1	5530	5530
at9503_1_chr5	3937194	3949492	chr5_nbh04	1	6368	6368
at9503_1_chr5	5912471	6004524	chr5_nbh06	3	13426	4475.333333
at9503_1_chr5	6087831	6109167	chr5_nbh07	3	11419	3806.333333
at9503_1_chr5	7559441	7568759	chr5_nbh08	1	4186	4186
at9503_1_chr5	18260847	18294214	chr5_nbh10	1	1938	1938
at9503_1_chr5	19024003	19074438	chr5_nbh11	1	4355	4355
at9503_1_chr5	19231757	19239373	chr5_nbh12	1	3838	3838
at9503_1_chr5	19719800	19746340	chr5_nbh13	3	14047	4682.333333
at9503_1_chr5	20054071	20103187	chr5_nbh14	2	8405	4202.5
at9503_1_chr5	20314185	20342785	chr5_nbh15	1	4037	4037
at9503_1_chr5	20380276	20479488	chr5_nbh16	1	4225	4225
at9503_1_chr5	20814247	20850053	chr5_nbh17	1	5439	5439
at9503_1_chr5	21145291	21173580	chr5_nbh18	2	8406	4203
at9503_1_chr5	21251555	21269456	chr5_nbh19	2	9753	4876.5
at9503_1_chr5	21610784	21625995	chr5_nbh20	1	4515	4515
at9503_1_chr5	21783849	21881542	chr5_nbh21	8	21395	2674.375
at9503_1_chr5	21932694	22003186	chr5_nbh22	9	39096	4344
at9503_1_chr5	22063202	22160802	chr5_nbh23	8	22461	2807.625
at9503_1_chr5	22440209	22463936	chr5_nbh24	2	10982	5491
at9503_1_chr5	22526437	22556395	chr5_nbh25	3	18062	6020.666667
at9503_1_chr5	22859493	22927816	chr5_nbh26	2	9430	4715
at9503_1_chr5	23396644	23415637	chr5_nbh27	2	8787	4393.5
at9503_1_chr5	23450726	23472828	chr5_nbh28	2	6329	3164.5
at9503_1_chr5	23602502	23613015	chr5_nbh29	1	4330	4330
at9503_1_chr5	26419864	26425801	chr5_nbh31	1	3904	3904
at9503_1_chr5	27183662	27199803	chr5_nbh32	1	3814	3814
at9503_1_chr5	28944480	28955072	chr5_nbh33	1	2940	2940
at9503_1_chr5	30233086	30375862	chr5_nbh34	4	11113	2778.25
at9578_1_chr5	1366968	1379977	chr5_nbh01	1	3258	3258
at9578_1_chr5	1601291	1615908	chr5_nbh02	1	3640	3640
at9578_1_chr5	3620259	3630310	chr5_nbh03	1	4381	4381
at9578_1_chr5	5852573	5861905	chr5_nbh05	1	4448	4448
at9578_1_chr5	5936828	6018773	chr5_nbh06	2	8239	4119.5
at9578_1_chr5	6101993	6123269	chr5_nbh07	3	11352	3784
at9578_1_chr5	7559509	7568110	chr5_nbh08	1	4205	4205
at9578_1_chr5	17626251	17657937	chr5_nbh10	1	1980	1980
at9578_1_chr5	18351941	18404889	chr5_nbh11	2	10152	5076
at9578_1_chr5	18562222	18569838	chr5_nbh12	1	3653	3653
at9578_1_chr5	19122848	19147638	chr5_nbh13	3	9515	3171.666667
at9578_1_chr5	19473793	19521620	chr5_nbh14	3	14034	4678
at9578_1_chr5	19739499	19760241	chr5_nbh15	2	6945	3472.5
at9578_1_chr5	19797481	19896204	chr5_nbh16	2	10249	5124.5
at9578_1_chr5	20234994	20268143	chr5_nbh17	1	5205	5205
at9578_1_chr5	20560948	20608713	chr5_nbh18	4	17190	4297.5
at9578_1_chr5	20705031	20722075	chr5_nbh19	2	7908	3954
at9578_1_chr5	21067925	21083450	chr5_nbh20	1	4515	4515
at9578_1_chr5	21243403	21361359	chr5_nbh21	8	21479	2684.875
at9578_1_chr5	21414019	21491328	chr5_nbh22	10	38181	3818.1
at9578_1_chr5	21551188	21642783	chr5_nbh23	4	9954	2488.5
at9578_1_chr5	21927152	21945158	chr5_nbh24	2	9340	4670
at9578_1_chr5	22007381	22048676	chr5_nbh25	4	23506	5876.5
at9578_1_chr5	22346520	22412690	chr5_nbh26	2	8015	4007.5
at9578_1_chr5	22876820	22890867	chr5_nbh27	1	4734	4734
at9578_1_chr5	23072724	23083166	chr5_nbh29	1	4333	4333
at9578_1_chr5	25921563	25927500	chr5_nbh31	1	3201	3201
at9578_1_chr5	26670881	26687131	chr5_nbh32	1	3561	3561
at9578_1_chr5	28447192	28457727	chr5_nbh33	1	2902	2902
at9578_1_chr5	29761115	29900330	chr5_nbh34	3	7875	2625
at9744_1_chr5	1365383	1378550	chr5_nbh01	1	3327	3327
at9744_1_chr5	1599842	1612716	chr5_nbh02	1	3530	3530
at9744_1_chr5	3610873	3621658	chr5_nbh03	1	4518	4518
at9744_1_chr5	5833314	5842647	chr5_nbh05	1	4297	4297
at9744_1_chr5	5913360	6001555	chr5_nbh06	3	14079	4693
at9744_1_chr5	6084970	6106218	chr5_nbh07	3	11355	3785
at9744_1_chr5	7536362	7544967	chr5_nbh08	1	4096	4096
at9744_1_chr5	19339910	19409405	chr5_nbh11	2	14193	7096.5
at9744_1_chr5	19592679	19600433	chr5_nbh12	1	3837	3837
at9744_1_chr5	20401327	20424510	chr5_nbh13	3	14097	4699
at9744_1_chr5	20750957	20795434	chr5_nbh14	1	3562	3562
at9744_1_chr5	20996928	21016844	chr5_nbh15	2	7357	3678.5
at9744_1_chr5	21052986	21153955	chr5_nbh16	1	10563	10563
at9744_1_chr5	21495489	21529944	chr5_nbh17	1	5273	5273
at9744_1_chr5	21815168	21853665	chr5_nbh18	2	10530	5265
at9744_1_chr5	21949081	21966468	chr5_nbh19	2	9247	4623.5
at9744_1_chr5	22309700	22325181	chr5_nbh20	1	4166	4166
at9744_1_chr5	22505991	22609632	chr5_nbh21	7	20950	2992.857143
at9744_1_chr5	22660708	22739507	chr5_nbh22	7	32374	4624.857143
at9744_1_chr5	22799698	22899323	chr5_nbh23	6	17014	2835.666667
at9744_1_chr5	23172357	23189703	chr5_nbh24	2	9436	4718
at9744_1_chr5	23253211	23282078	chr5_nbh25	3	16909	5636.333333
at9744_1_chr5	23581907	23649732	chr5_nbh26	2	9415	4707.5
at9744_1_chr5	24106762	24126364	chr5_nbh27	2	9406	4703
at9744_1_chr5	24161795	24183894	chr5_nbh28	2	6329	3164.5
at9744_1_chr5	24314833	24327702	chr5_nbh29	1	4324	4324
at9744_1_chr5	25324349	25342083	chr5_nbh30	1	5573	5573
at9744_1_chr5	27116598	27122536	chr5_nbh31	1	3809	3809
at9744_1_chr5	27876583	27892820	chr5_nbh32	1	3934	3934
at9744_1_chr5	29644202	29654737	chr5_nbh33	1	2963	2963
at9744_1_chr5	30943519	31086225	chr5_nbh34	4	11192	2798
at9762_1_chr5	1363288	1376029	chr5_nbh01	1	3291	3291
at9762_1_chr5	5899587	5908906	chr5_nbh05	1	4155	4155
at9762_1_chr5	5982980	6066517	chr5_nbh06	3	13451	4483.666667
at9762_1_chr5	6149887	6164930	chr5_nbh07	2	7277	3638.5
at9762_1_chr5	7630005	7640238	chr5_nbh08	1	3935	3935
at9762_1_chr5	18956515	18984437	chr5_nbh10	1	5503	5503
at9762_1_chr5	19769847	19831636	chr5_nbh11	2	15287	7643.5
at9762_1_chr5	20003957	20011741	chr5_nbh12	1	3832	3832
at9762_1_chr5	20555951	20580825	chr5_nbh13	3	14156	4718.666667
at9762_1_chr5	20911229	20952182	chr5_nbh14	2	9351	4675.5
at9762_1_chr5	21151593	21171481	chr5_nbh15	2	6961	3480.5
at9762_1_chr5	21210018	21295122	chr5_nbh16	1	4774	4774
at9762_1_chr5	21629998	21664514	chr5_nbh17	1	5282	5282
at9762_1_chr5	21973203	22001330	chr5_nbh18	2	11672	5836
at9762_1_chr5	22081666	22099010	chr5_nbh19	2	6903	3451.5
at9762_1_chr5	22437322	22452751	chr5_nbh20	1	3337	3337
at9762_1_chr5	22615035	22714719	chr5_nbh21	8	21772	2721.5
at9762_1_chr5	22765769	22843996	chr5_nbh22	9	35649	3961
at9762_1_chr5	22904176	22951632	chr5_nbh23	5	16825	3365
at9762_1_chr5	23232153	23250095	chr5_nbh24	2	9338	4669
at9762_1_chr5	23314505	23343927	chr5_nbh25	4	17238	4309.5
at9762_1_chr5	23639066	23708695	chr5_nbh26	2	10801	5400.5
at9762_1_chr5	24137071	24159077	chr5_nbh27	2	8864	4432
at9762_1_chr5	27149811	27155802	chr5_nbh31	1	3914	3914
at9762_1_chr5	27906412	27922478	chr5_nbh32	1	3576	3576
at9762_1_chr5	29749167	29759677	chr5_nbh33	1	2932	2932
at9762_1_chr5	31092734	31235850	chr5_nbh34	4	10990	2747.5
at9806_1_chr5	1359190	1372200	chr5_nbh01	1	3335	3335
at9806_1_chr5	3582740	3593630	chr5_nbh03	1	5667	5667
at9806_1_chr5	5802923	5812250	chr5_nbh05	1	4226	4226
at9806_1_chr5	5886265	5970817	chr5_nbh06	3	15091	5030.333333
at9806_1_chr5	6055264	6070314	chr5_nbh07	2	6870	3435
at9806_1_chr5	7512161	7521801	chr5_nbh08	1	4003	4003
at9806_1_chr5	15617111	15641251	chr5_nbh09	1	4566	4566
at9806_1_chr5	16626706	16645452	chr5_nbh10	1	5542	5542
at9806_1_chr5	17374293	17430826	chr5_nbh11	2	14391	7195.5
at9806_1_chr5	17604148	17620395	chr5_nbh12	1	3578	3578
at9806_1_chr5	18103072	18127752	chr5_nbh13	3	9445	3148.333333
at9806_1_chr5	18444295	18485230	chr5_nbh14	2	9405	4702.5
at9806_1_chr5	18689497	18709462	chr5_nbh15	2	7568	3784
at9806_1_chr5	18750197	18853249	chr5_nbh16	2	9735	4867.5
at9806_1_chr5	19197885	19232743	chr5_nbh17	1	5185	5185
at9806_1_chr5	19525902	19553247	chr5_nbh18	2	10090	5045
at9806_1_chr5	19635260	19652499	chr5_nbh19	2	7343	3671.5
at9806_1_chr5	19986504	20001720	chr5_nbh20	1	4276	4276
at9806_1_chr5	20158598	20271427	chr5_nbh21	7	19178	2739.714286
at9806_1_chr5	20323880	20400320	chr5_nbh22	10	36332	3633.2
at9806_1_chr5	20463463	20515335	chr5_nbh23	5	14704	2940.8
at9806_1_chr5	20813318	20831276	chr5_nbh24	2	9557	4778.5
at9806_1_chr5	20894063	20926773	chr5_nbh25	2	11487	5743.5
at9806_1_chr5	21222040	21289900	chr5_nbh26	2	8029	4014.5
at9806_1_chr5	21748247	21763818	chr5_nbh27	1	5322	5322
at9806_1_chr5	22950193	22967788	chr5_nbh30	1	4831	4831
at9806_1_chr5	24739857	24745794	chr5_nbh31	1	3135	3135
at9806_1_chr5	25487138	25503618	chr5_nbh32	1	3844	3844
at9806_1_chr5	27260624	27271215	chr5_nbh33	1	3054	3054
at9806_1_chr5	28565428	28707890	chr5_nbh34	4	11121	2780.25
at9830_1_chr5	1366361	1379370	chr5_nbh01	1	3273	3273
at9830_1_chr5	3587118	3597658	chr5_nbh03	1	4093	4093
at9830_1_chr5	5890072	5966685	chr5_nbh06	4	11915	2978.75
at9830_1_chr5	6050548	6071783	chr5_nbh07	3	12209	4069.666667
at9830_1_chr5	7522168	7530778	chr5_nbh08	1	4180	4180
at9830_1_chr5	16292516	16316661	chr5_nbh09	1	4540	4540
at9830_1_chr5	17945926	18011272	chr5_nbh11	2	15143	7571.5
at9830_1_chr5	18187199	18194981	chr5_nbh12	1	3746	3746
at9830_1_chr5	18620468	18644987	chr5_nbh13	3	9304	3101.333333
at9830_1_chr5	18970792	19019692	chr5_nbh14	2	8116	4058
at9830_1_chr5	19220854	19245494	chr5_nbh15	2	6956	3478
at9830_1_chr5	19287597	19387553	chr5_nbh16	2	14205	7102.5
at9830_1_chr5	19735280	19775441	chr5_nbh17	1	5258	5258
at9830_1_chr5	20069237	20091349	chr5_nbh18	1	4891	4891
at9830_1_chr5	20172716	20184357	chr5_nbh19	1	3655	3655
at9830_1_chr5	20527602	20543109	chr5_nbh20	1	4497	4497
at9830_1_chr5	20701271	20814947	chr5_nbh21	6	17844	2974
at9830_1_chr5	20867688	20939764	chr5_nbh22	7	34094	4870.571429
at9830_1_chr5	21002863	21061926	chr5_nbh23	3	7013	2337.666667
at9830_1_chr5	21338968	21356318	chr5_nbh24	2	9565	4782.5
at9830_1_chr5	21420269	21449115	chr5_nbh25	3	16729	5576.333333
at9830_1_chr5	21749325	21817095	chr5_nbh26	2	8053	4026.5
at9830_1_chr5	22279719	22299055	chr5_nbh27	2	7837	3918.5
at9830_1_chr5	22335924	22360382	chr5_nbh28	2	6370	3185
at9830_1_chr5	23507071	23524367	chr5_nbh30	1	5230	5230
at9830_1_chr5	25299944	25305882	chr5_nbh31	1	3141	3141
at9830_1_chr5	26066445	26082608	chr5_nbh32	1	3880	3880
at9830_1_chr5	27849116	27859646	chr5_nbh33	1	2920	2920
at9830_1_chr5	29141603	29286713	chr5_nbh34	2	6420	3210
at9847_1_chr5	1368682	1381692	chr5_nbh01	1	3285	3285
at9847_1_chr5	1603312	1617975	chr5_nbh02	1	3548	3548
at9847_1_chr5	3606818	3617621	chr5_nbh03	1	4913	4913
at9847_1_chr5	5815651	5824983	chr5_nbh05	1	4402	4402
at9847_1_chr5	5900306	5979145	chr5_nbh06	3	13422	4474
at9847_1_chr5	6062599	6083888	chr5_nbh07	3	13653	4551
at9847_1_chr5	7539622	7548915	chr5_nbh08	1	3990	3990
at9847_1_chr5	16713203	16737484	chr5_nbh09	1	4640	4640
at9847_1_chr5	17465226	17498569	chr5_nbh10	1	1938	1938
at9847_1_chr5	18301439	18353947	chr5_nbh11	1	4273	4273
at9847_1_chr5	18521276	18528891	chr5_nbh12	1	3566	3566
at9847_1_chr5	19016194	19040713	chr5_nbh13	2	7914	3957
at9847_1_chr5	19359918	19408997	chr5_nbh14	2	8350	4175
at9847_1_chr5	19621139	19641097	chr5_nbh15	2	6940	3470
at9847_1_chr5	19691281	19792706	chr5_nbh16	2	9674	4837
at9847_1_chr5	20129491	20163823	chr5_nbh17	1	5283	5283
at9847_1_chr5	20462322	20482491	chr5_nbh18	1	4265	4265
at9847_1_chr5	20563647	20580657	chr5_nbh19	2	9083	4541.5
at9847_1_chr5	20924101	20939317	chr5_nbh20	1	3681	3681
at9847_1_chr5	21096251	21195141	chr5_nbh21	9	22792	2532.444444
at9847_1_chr5	21247824	21330883	chr5_nbh22	9	33597	3733
at9847_1_chr5	21392289	21476351	chr5_nbh23	4	12196	3049
at9847_1_chr5	21747977	21765949	chr5_nbh24	2	9617	4808.5
at9847_1_chr5	21835364	21865023	chr5_nbh25	4	17639	4409.75
at9847_1_chr5	22167546	22235263	chr5_nbh26	2	8008	4004
at9847_1_chr5	22696226	22710316	chr5_nbh27	1	4945	4945
at9847_1_chr5	22894771	22905216	chr5_nbh29	1	4337	4337
at9847_1_chr5	23911305	23928913	chr5_nbh30	1	5533	5533
at9847_1_chr5	25717140	25723078	chr5_nbh31	1	3150	3150
at9847_1_chr5	26484794	26501103	chr5_nbh32	1	3925	3925
at9847_1_chr5	28260904	28271496	chr5_nbh33	1	3553	3553
at9847_1_chr5	29551241	29694019	chr5_nbh34	4	11102	2775.5
at9852_1_chr5	1365839	1378989	chr5_nbh01	1	3221	3221
at9852_1_chr5	1595700	1610351	chr5_nbh02	1	2625	2625
at9852_1_chr5	3617231	3627255	chr5_nbh03	1	4362	4362
at9852_1_chr5	3963299	3977231	chr5_nbh04	1	6363	6363
at9852_1_chr5	5847528	5856861	chr5_nbh05	1	4156	4156
at9852_1_chr5	5931453	6014321	chr5_nbh06	3	13407	4469
at9852_1_chr5	6097573	6118803	chr5_nbh07	3	11376	3792
at9852_1_chr5	7551817	7560418	chr5_nbh08	1	4125	4125
at9852_1_chr5	18125973	18150101	chr5_nbh09	1	4731	4731
at9852_1_chr5	18876829	18905706	chr5_nbh10	1	5670	5670
at9852_1_chr5	19658592	19705463	chr5_nbh11	1	4441	4441
at9852_1_chr5	19881714	19889487	chr5_nbh12	1	3731	3731
at9852_1_chr5	20320090	20344136	chr5_nbh13	3	9487	3162.333333
at9852_1_chr5	20665663	20715304	chr5_nbh14	3	13612	4537.333333
at9852_1_chr5	20925575	20945552	chr5_nbh15	2	7325	3662.5
at9852_1_chr5	20985040	21072744	chr5_nbh16	2	8973	4486.5
at9852_1_chr5	21433955	21467103	chr5_nbh17	1	5196	5196
at9852_1_chr5	21772002	21793738	chr5_nbh18	1	4376	4376
at9852_1_chr5	21872257	21889357	chr5_nbh19	2	7579	3789.5
at9852_1_chr5	22237429	22252674	chr5_nbh20	1	4144	4144
at9852_1_chr5	22417114	22530280	chr5_nbh21	8	21726	2715.75
at9852_1_chr5	22583496	22662950	chr5_nbh22	10	36505	3650.5
at9852_1_chr5	22723547	22806749	chr5_nbh23	5	9757	1951.4
at9852_1_chr5	23086782	23104170	chr5_nbh24	2	9153	4576.5
at9852_1_chr5	23173369	23212130	chr5_nbh25	5	22393	4478.6
at9852_1_chr5	23507128	23576991	chr5_nbh26	2	10149	5074.5
at9852_1_chr5	24043481	24057572	chr5_nbh27	1	5376	5376
at9852_1_chr5	24239623	24250064	chr5_nbh29	1	4332	4332
at9852_1_chr5	25267116	25290769	chr5_nbh30	1	5603	5603
at9852_1_chr5	27059189	27065184	chr5_nbh31	1	3209	3209
at9852_1_chr5	27828819	27844908	chr5_nbh32	1	3562	3562
at9852_1_chr5	29596476	29607068	chr5_nbh33	1	3075	3075
at9852_1_chr5	30901628	31044856	chr5_nbh34	3	7759	2586.333333
at9879_1_chr5	1379168	1392354	chr5_nbh01	1	3270	3270
at9879_1_chr5	3618596	3628627	chr5_nbh03	1	4312	4312
at9879_1_chr5	3964501	3976833	chr5_nbh04	1	6462	6462
at9879_1_chr5	5875534	5884858	chr5_nbh05	1	4182	4182
at9879_1_chr5	5960490	6033821	chr5_nbh06	4	11900	2975
at9879_1_chr5	6118027	6139343	chr5_nbh07	3	11841	3947
at9879_1_chr5	7588534	7598177	chr5_nbh08	1	3944	3944
at9879_1_chr5	18050715	18074850	chr5_nbh09	1	4413	4413
at9879_1_chr5	18832584	18863929	chr5_nbh10	2	3768	1884
at9879_1_chr5	19720317	19783908	chr5_nbh11	1	4282	4282
at9879_1_chr5	19958646	19966261	chr5_nbh12	1	3799	3799
at9879_1_chr5	20400999	20428097	chr5_nbh13	3	9543	3181
at9879_1_chr5	20743452	20795050	chr5_nbh14	2	9044	4522
at9879_1_chr5	21003380	21028112	chr5_nbh15	2	6954	3477
at9879_1_chr5	21070226	21168979	chr5_nbh16	2	9584	4792
at9879_1_chr5	21524322	21558839	chr5_nbh17	1	5216	5216
at9879_1_chr5	21866032	21886242	chr5_nbh18	1	4910	4910
at9879_1_chr5	21968924	21986267	chr5_nbh19	2	7825	3912.5
at9879_1_chr5	22334224	22349450	chr5_nbh20	1	3997	3997
at9879_1_chr5	22513228	22610898	chr5_nbh21	7	20244	2892
at9879_1_chr5	22663422	22727086	chr5_nbh22	9	33035	3670.555556
at9879_1_chr5	22789062	22873542	chr5_nbh23	8	22310	2788.75
at9879_1_chr5	23146075	23165825	chr5_nbh24	2	11444	5722
at9879_1_chr5	23233210	23273491	chr5_nbh25	5	18645	3729
at9879_1_chr5	23568716	23642991	chr5_nbh26	2	9344	4672
at9879_1_chr5	24107847	24127159	chr5_nbh27	2	9386	4693
at9879_1_chr5	24310198	24320638	chr5_nbh29	1	4330	4330
at9879_1_chr5	27156877	27162868	chr5_nbh31	1	3726	3726
at9879_1_chr5	27911485	27927635	chr5_nbh32	1	3478	3478
at9879_1_chr5	29687965	29698475	chr5_nbh33	1	2921	2921
at9879_1_chr5	31002368	31140825	chr5_nbh34	3	7694	2564.666667
at9883_1_chr5	1367882	1380891	chr5_nbh01	1	3237	3237
at9883_1_chr5	1595591	1610134	chr5_nbh02	1	2625	2625
at9883_1_chr5	3587955	3598758	chr5_nbh03	1	4967	4967
at9883_1_chr5	3929259	3941566	chr5_nbh04	1	6463	6463
at9883_1_chr5	5824480	5833813	chr5_nbh05	1	4156	4156
at9883_1_chr5	5908383	5998901	chr5_nbh06	2	6483	3241.5
at9883_1_chr5	6082144	6103374	chr5_nbh07	3	11791	3930.333333
at9883_1_chr5	7532379	7540906	chr5_nbh08	1	3160	3160
at9883_1_chr5	16335312	16359580	chr5_nbh09	1	4604	4604
at9883_1_chr5	17891704	17947736	chr5_nbh11	1	3546	3546
at9883_1_chr5	18117410	18125194	chr5_nbh12	1	3572	3572
at9883_1_chr5	18588601	18613120	chr5_nbh13	2	8025	4012.5
at9883_1_chr5	18936197	18984029	chr5_nbh14	3	13873	4624.333333
at9883_1_chr5	19203124	19223303	chr5_nbh15	2	6975	3487.5
at9883_1_chr5	19261532	19359572	chr5_nbh16	2	9269	4634.5
at9883_1_chr5	19696787	19731028	chr5_nbh17	1	5260	5260
at9883_1_chr5	20034801	20057138	chr5_nbh18	1	4726	4726
at9883_1_chr5	20140425	20157781	chr5_nbh19	2	6938	3469
at9883_1_chr5	20496513	20511749	chr5_nbh20	1	4516	4516
at9883_1_chr5	20670489	20768552	chr5_nbh21	8	21630	2703.75
at9883_1_chr5	20819337	20892318	chr5_nbh22	9	41200	4577.777778
at9883_1_chr5	20952925	21003244	chr5_nbh23	5	16662	3332.4
at9883_1_chr5	21283237	21300591	chr5_nbh24	2	9289	4644.5
at9883_1_chr5	21363087	21392745	chr5_nbh25	3	16776	5592
at9883_1_chr5	21705479	21773197	chr5_nbh26	2	8006	4003
at9883_1_chr5	22231880	22245948	chr5_nbh27	1	4879	4879
at9883_1_chr5	22279575	22301674	chr5_nbh28	2	6329	3164.5
at9883_1_chr5	22430925	22441333	chr5_nbh29	1	4297	4297
at9883_1_chr5	23462752	23480361	chr5_nbh30	1	4862	4862
at9883_1_chr5	25254719	25260656	chr5_nbh31	1	3161	3161
at9883_1_chr5	26013754	26035290	chr5_nbh32	1	3304	3304
at9883_1_chr5	27773966	27784557	chr5_nbh33	1	3033	3033
at9883_1_chr5	29093515	29237296	chr5_nbh34	3	7870	2623.333333
at9900_1_chr5	1372928	1385935	chr5_nbh01	1	3335	3335
at9900_1_chr5	1607816	1622431	chr5_nbh02	1	2625	2625
at9900_1_chr5	3610326	3621112	chr5_nbh03	1	4853	4853
at9900_1_chr5	3952054	3964339	chr5_nbh04	1	6368	6368
at9900_1_chr5	5827351	5836706	chr5_nbh05	1	4191	4191
at9900_1_chr5	5912681	5989857	chr5_nbh06	4	14474	3618.5
at9900_1_chr5	6073874	6095137	chr5_nbh07	3	11644	3881.333333
at9900_1_chr5	7549396	7559034	chr5_nbh08	1	4038	4038
at9900_1_chr5	16891922	16916222	chr5_nbh09	1	4507	4507
at9900_1_chr5	18443003	18503806	chr5_nbh11	1	4044	4044
at9900_1_chr5	18687262	18694997	chr5_nbh12	1	3568	3568
at9900_1_chr5	19133672	19157707	chr5_nbh13	3	9877	3292.333333
at9900_1_chr5	19476835	19518395	chr5_nbh14	1	4629	4629
at9900_1_chr5	19740059	19761198	chr5_nbh15	2	7525	3762.5
at9900_1_chr5	19799279	19888611	chr5_nbh16	2	4571	2285.5
at9900_1_chr5	20243016	20277492	chr5_nbh17	1	5194	5194
at9900_1_chr5	20582780	20603220	chr5_nbh18	1	5439	5439
at9900_1_chr5	20684282	20696162	chr5_nbh19	1	3103	3103
at9900_1_chr5	21033492	21049013	chr5_nbh20	1	4586	4586
at9900_1_chr5	21210059	21300946	chr5_nbh21	7	16995	2427.857143
at9900_1_chr5	21352795	21418958	chr5_nbh22	7	24783	3540.428571
at9900_1_chr5	21480608	21533860	chr5_nbh23	4	12437	3109.25
at9900_1_chr5	21810643	21827992	chr5_nbh24	2	9402	4701
at9900_1_chr5	21891940	21921567	chr5_nbh25	2	11688	5844
at9900_1_chr5	22225507	22295223	chr5_nbh26	2	9368	4684
at9900_1_chr5	22746366	22760457	chr5_nbh27	1	4886	4886
at9900_1_chr5	25775412	25781350	chr5_nbh31	1	3811	3811
at9900_1_chr5	26536386	26552613	chr5_nbh32	1	3576	3576
at9900_1_chr5	28315449	28326040	chr5_nbh33	1	3512	3512
at9900_1_chr5	29609111	29753129	chr5_nbh34	4	11120	2780
